id,bhk,property_type,sharing_type,gender_preference,location,area,,furnished,ac,fridge,washing_machine,geyser,wifi,water_24h,parking,cooking_allowed,light_bill_included,full_rent
1,3BHK,Flat,Full,Boys,Sargasan,Gandhinagar,,Basic,Yes,No,Yes,Yes,No,Yes,Yes,Yes,Yes,41000
2,1BHK,Flat,Full,Family,Sector 3,Gandhinagar,,Semi,No,No,Yes,Yes,Yes,Yes,Yes,Yes,Yes,9000
3,2BHK,House,Full,Girls,Sector 2,Gandhinagar,,Fully,Yes,No,No,No,Yes,Yes,Yes,Yes,No,23000
4,2BHK,Flat,Sharing,Any,Infocity,Gandhinagar,,Semi,Yes,No,No,No,Yes,Yes,No,Yes,No,29000
5,2BHK,House,Sharing,Boys,Sector 2,Gandhinagar,,Fully,Yes,No,No,Yes,Yes,Yes,No,Yes,Yes,23000
6,1BHK,Tenament,Full,Girls,Sargasan,Gandhinagar,,Semi,No,Yes,No,Yes,No,Yes,Yes,Yes,Yes,19000
7,3BHK,Flat,Full,Family,Raysan,Gandhinagar,,Fully,No,No,Yes,No,Yes,Yes,Yes,Yes,No,28000
8,3BHK,Room,Full,Girls,Sargasan,Gandhinagar,,Basic,No,Yes,No,Yes,Yes,Yes,No,Yes,No,36000
9,3BHK,House,Full,Girls,Sector 13,Gandhinagar,,Basic,Yes,No,No,Yes,No,Yes,Yes,Yes,No,17000
10,2BHK,Room,Full,Any,Infocity,Gandhinagar,,Basic,Yes,No,No,Yes,Yes,Yes,Yes,Yes,Yes,30000
11,1BHK,House,Sharing,Family,Kudasan,Gandhinagar,,Basic,No,Yes,No,No,Yes,Yes,Yes,Yes,Yes,16000
12,3BHK,Room,Full,Any,Vavol,Gandhinagar,,Basic,No,Yes,No,No,No,Yes,Yes,Yes,No,23000
13,1BHK,Tenament,Full,Girls,Sector 3,Gandhinagar,,Fully,No,Yes,Yes,No,No,Yes,Yes,Yes,No,10000
14,2BHK,Flat,Full,Boys,Raysan,Gandhinagar,,Semi,No,No,No,No,Yes,Yes,No,Yes,No,25000
15,1BHK,Room,Full,Any,Vavol,Gandhinagar,,Basic,No,Yes,No,Yes,No,Yes,No,Yes,Yes,12000
16,1BHK,House,Sharing,Family,Infocity,Gandhinagar,,Fully,Yes,Yes,Yes,No,No,Yes,No,Yes,Yes,21000
17,2BHK,House,Sharing,Boys,Sector 3,Gandhinagar,,Semi,No,No,No,Yes,Yes,Yes,Yes,Yes,Yes,11000
18,1BHK,Tenament,Full,Family,Sector 5A,Gandhinagar,,Fully,Yes,Yes,Yes,Yes,Yes,Yes,No,Yes,Yes,10000
19,1BHK,Room,Full,Any,Vavol,Gandhinagar,,Semi,Yes,No,No,Yes,Yes,Yes,No,Yes,No,12000
20,2BHK,House,Full,Family,Kudasan,Gandhinagar,,Basic,Yes,No,No,Yes,No,Yes,No,Yes,Yes,27000
21,3BHK,Flat,Full,Any,Sector 13,Gandhinagar,,Basic,Yes,No,No,Yes,Yes,Yes,Yes,Yes,Yes,14000
22,1BHK,House,Full,Boys,Sector 6,Gandhinagar,,Basic,No,No,Yes,No,Yes,Yes,No,Yes,No,12000
23,1BHK,House,Full,Any,Sector 5A,Gandhinagar,,Fully,Yes,No,No,Yes,Yes,Yes,Yes,Yes,Yes,9000
24,1BHK,Room,Sharing,Girls,Sector 5A,Gandhinagar,,Fully,Yes,Yes,No,Yes,Yes,Yes,Yes,Yes,Yes,13000
25,2BHK,House,Sharing,Boys,Sector 6,Gandhinagar,,Fully,No,No,No,No,No,Yes,Yes,Yes,Yes,22000
26,2BHK,Room,Sharing,Girls,Sector 13,Gandhinagar,,Basic,Yes,No,Yes,No,Yes,Yes,Yes,Yes,Yes,12000
27,1BHK,Flat,Sharing,Any,Sargasan,Gandhinagar,,Basic,No,Yes,Yes,No,No,Yes,No,Yes,No,18000
28,3BHK,Tenament,Full,Girls,Sector 5A,Gandhinagar,,Semi,Yes,No,Yes,Yes,Yes,Yes,Yes,Yes,No,27000
29,1BHK,Tenament,Full,Girls,Sector 5A,Gandhinagar,,Basic,Yes,Yes,Yes,No,Yes,Yes,No,Yes,No,12000
30,2BHK,Tenament,Full,Family,Sector 5A,Gandhinagar,,Fully,No,No,Yes,No,Yes,Yes,Yes,Yes,No,20000
31,2BHK,Flat,Full,Any,Sargasan,Gandhinagar,,Semi,Yes,No,Yes,Yes,No,Yes,Yes,Yes,Yes,30000
32,1BHK,Room,Sharing,Boys,Vavol,Gandhinagar,,Fully,No,Yes,Yes,No,Yes,Yes,No,Yes,No,10000
33,1BHK,House,Full,Any,Sector 6,Gandhinagar,,Semi,No,No,No,Yes,Yes,Yes,No,Yes,No,12000
34,1BHK,House,Full,Boys,Sector 2,Gandhinagar,,Semi,Yes,No,No,Yes,Yes,Yes,Yes,Yes,Yes,12000
35,1BHK,House,Sharing,Family,Sector 2,Gandhinagar,,Semi,No,No,No,Yes,No,Yes,No,Yes,No,11000
36,3BHK,Tenament,Sharing,Family,Sector 5A,Gandhinagar,,Fully,No,Yes,No,No,Yes,Yes,Yes,Yes,Yes,23000
37,1BHK,Room,Full,Boys,Infocity,Gandhinagar,,Basic,No,Yes,No,Yes,No,Yes,No,Yes,Yes,22000
38,3BHK,Room,Sharing,Boys,Sector 13,Gandhinagar,,Semi,Yes,Yes,Yes,Yes,Yes,Yes,Yes,Yes,No,17000
39,2BHK,Room,Full,Girls,Sector 3,Gandhinagar,,Basic,Yes,Yes,Yes,Yes,No,Yes,No,Yes,Yes,12000
40,1BHK,Flat,Sharing,Boys,Sector 5A,Gandhinagar,,Semi,No,No,Yes,Yes,No,Yes,Yes,Yes,No,11000
41,3BHK,Flat,Sharing,Girls,Infocity,Gandhinagar,,Fully,No,Yes,No,Yes,No,Yes,Yes,Yes,No,39000
42,1BHK,Room,Sharing,Girls,Raysan,Gandhinagar,,Fully,Yes,Yes,No,Yes,No,Yes,No,Yes,No,17000
43,1BHK,Flat,Sharing,Any,Sector 6,Gandhinagar,,Semi,No,No,Yes,Yes,No,Yes,Yes,Yes,No,14000
44,1BHK,Tenament,Full,Family,Sector 13,Gandhinagar,,Fully,No,No,Yes,Yes,Yes,Yes,No,Yes,Yes,8000
45,3BHK,Flat,Sharing,Boys,Vavol,Gandhinagar,,Basic,No,No,Yes,No,Yes,Yes,Yes,Yes,Yes,19000
46,1BHK,Tenament,Full,Boys,Sector 5A,Gandhinagar,,Basic,No,Yes,No,Yes,No,Yes,No,Yes,Yes,11000
47,1BHK,Room,Sharing,Boys,Raysan,Gandhinagar,,Basic,No,No,Yes,No,Yes,Yes,Yes,Yes,No,16000
48,1BHK,House,Full,Family,Sector 5A,Gandhinagar,,Semi,Yes,Yes,No,Yes,No,Yes,No,Yes,No,12000
49,2BHK,Tenament,Sharing,Family,Infocity,Gandhinagar,,Basic,No,Yes,Yes,No,Yes,Yes,No,Yes,No,27000
50,1BHK,Room,Sharing,Boys,Kudasan,Gandhinagar,,Semi,Yes,Yes,No,Yes,Yes,Yes,No,Yes,No,15000
51,2BHK,Room,Sharing,Any,Kudasan,Gandhinagar,,Basic,Yes,No,No,Yes,No,Yes,No,Yes,No,27000
52,1BHK,House,Full,Boys,Sector 13,Gandhinagar,,Fully,No,No,Yes,No,Yes,Yes,No,Yes,No,8000
53,1BHK,Tenament,Full,Family,Sector 6,Gandhinagar,,Fully,Yes,Yes,Yes,Yes,No,Yes,No,Yes,No,13000
54,1BHK,Tenament,Sharing,Girls,Sargasan,Gandhinagar,,Basic,No,Yes,No,Yes,Yes,Yes,No,Yes,No,15000
55,1BHK,House,Sharing,Family,Infocity,Gandhinagar,,Fully,No,No,Yes,No,No,Yes,Yes,Yes,Yes,18000
56,1BHK,Tenament,Sharing,Boys,Sector 13,Gandhinagar,,Fully,Yes,No,No,Yes,No,Yes,Yes,Yes,Yes,6000
57,2BHK,Flat,Sharing,Girls,Vavol,Gandhinagar,,Basic,No,No,No,Yes,Yes,Yes,Yes,Yes,No,12000
58,3BHK,Flat,Sharing,Any,Sector 13,Gandhinagar,,Basic,No,Yes,No,Yes,No,Yes,Yes,Yes,Yes,17000
59,1BHK,House,Sharing,Boys,Sargasan,Gandhinagar,,Fully,No,No,Yes,Yes,No,Yes,Yes,Yes,Yes,18000
60,3BHK,House,Full,Girls,Sector 3,Gandhinagar,,Semi,No,No,No,Yes,No,Yes,Yes,Yes,Yes,16000
61,1BHK,Room,Full,Any,Sector 13,Gandhinagar,,Semi,No,No,No,No,Yes,Yes,Yes,Yes,No,7000
62,1BHK,Tenament,Full,Family,Sector 5A,Gandhinagar,,Basic,Yes,Yes,Yes,Yes,No,Yes,Yes,Yes,No,12000
63,1BHK,Room,Full,Family,Sector 3,Gandhinagar,,Basic,No,Yes,No,Yes,No,Yes,No,Yes,Yes,9000
64,1BHK,Flat,Full,Family,Infocity,Gandhinagar,,Basic,Yes,Yes,No,Yes,Yes,Yes,Yes,Yes,Yes,17000
65,1BHK,Tenament,Full,Girls,Sector 3,Gandhinagar,,Fully,Yes,Yes,Yes,Yes,Yes,Yes,No,Yes,No,8000
66,3BHK,Room,Sharing,Family,Sector 5A,Gandhinagar,,Fully,Yes,No,Yes,No,Yes,Yes,No,Yes,Yes,25000
67,1BHK,Flat,Sharing,Boys,Sector 3,Gandhinagar,,Semi,No,Yes,Yes,No,Yes,Yes,Yes,Yes,Yes,8000
68,3BHK,Tenament,Full,Girls,Raysan,Gandhinagar,,Basic,No,No,No,Yes,No,Yes,No,Yes,Yes,31000
69,1BHK,Room,Sharing,Any,Infocity,Gandhinagar,,Semi,No,No,No,No,No,Yes,Yes,Yes,Yes,18000
70,3BHK,Room,Full,Boys,Sargasan,Gandhinagar,,Basic,Yes,No,Yes,Yes,No,Yes,No,Yes,Yes,37000
71,1BHK,Room,Sharing,Boys,Sector 3,Gandhinagar,,Fully,Yes,Yes,Yes,No,No,Yes,No,Yes,Yes,8000
72,2BHK,Flat,Full,Family,Sector 5A,Gandhinagar,,Fully,No,No,No,Yes,Yes,Yes,No,Yes,Yes,16000
73,1BHK,Tenament,Sharing,Boys,Raysan,Gandhinagar,,Basic,No,Yes,Yes,No,No,Yes,Yes,Yes,Yes,16000
74,1BHK,Tenament,Full,Girls,Sector 5A,Gandhinagar,,Basic,Yes,Yes,Yes,Yes,No,Yes,Yes,Yes,Yes,12000
75,1BHK,Room,Sharing,Boys,Sector 6,Gandhinagar,,Basic,No,No,No,No,No,Yes,Yes,Yes,No,14000
76,3BHK,Tenament,Full,Girls,Vavol,Gandhinagar,,Semi,No,No,No,Yes,No,Yes,Yes,Yes,Yes,20000
77,3BHK,Tenament,Sharing,Girls,Raysan,Gandhinagar,,Semi,Yes,No,Yes,No,No,Yes,Yes,Yes,Yes,28000
78,3BHK,Room,Full,Any,Sector 6,Gandhinagar,,Semi,Yes,No,Yes,Yes,Yes,Yes,Yes,Yes,Yes,24000
79,2BHK,House,Full,Family,Vavol,Gandhinagar,,Basic,No,Yes,Yes,No,Yes,Yes,No,Yes,Yes,13000
80,1BHK,Flat,Sharing,Boys,Sector 5A,Gandhinagar,,Semi,No,Yes,Yes,Yes,Yes,Yes,No,Yes,Yes,9000
81,1BHK,Tenament,Sharing,Any,Raysan,Gandhinagar,,Fully,No,No,Yes,Yes,Yes,Yes,Yes,Yes,Yes,12000
82,1BHK,House,Sharing,Family,Infocity,Gandhinagar,,Semi,No,No,No,No,Yes,Yes,Yes,Yes,Yes,17000
83,3BHK,Flat,Sharing,Girls,Sector 3,Gandhinagar,,Basic,No,Yes,No,No,Yes,Yes,No,Yes,No,18000
84,1BHK,Tenament,Full,Family,Sector 13,Gandhinagar,,Basic,No,No,Yes,Yes,No,Yes,No,Yes,Yes,9000
85,3BHK,Room,Sharing,Any,Sector 3,Gandhinagar,,Fully,Yes,No,No,Yes,Yes,Yes,No,Yes,No,18000
86,2BHK,Flat,Full,Girls,Vavol,Gandhinagar,,Basic,Yes,No,No,Yes,Yes,Yes,Yes,Yes,Yes,13000
87,2BHK,House,Sharing,Any,Sector 5A,Gandhinagar,,Basic,Yes,Yes,Yes,No,Yes,Yes,Yes,Yes,No,16000
88,2BHK,Room,Sharing,Boys,Sector 6,Gandhinagar,,Fully,Yes,No,Yes,No,No,Yes,Yes,Yes,Yes,21000
89,2BHK,House,Full,Family,Kudasan,Gandhinagar,,Fully,No,No,Yes,No,No,Yes,Yes,Yes,Yes,26000
90,2BHK,Tenament,Full,Boys,Raysan,Gandhinagar,,Fully,Yes,Yes,Yes,No,Yes,Yes,No,Yes,No,25000
91,1BHK,Tenament,Sharing,Girls,Infocity,Gandhinagar,,Semi,No,No,No,No,No,Yes,Yes,Yes,No,20000
92,1BHK,Tenament,Full,Boys,Sector 3,Gandhinagar,,Fully,No,No,No,Yes,Yes,Yes,No,Yes,Yes,10000
93,3BHK,Room,Full,Boys,Raysan,Gandhinagar,,Basic,Yes,No,No,Yes,No,Yes,No,Yes,No,32000
94,3BHK,Tenament,Sharing,Boys,Vavol,Gandhinagar,,Fully,No,No,Yes,No,No,Yes,Yes,Yes,Yes,20000
95,2BHK,House,Sharing,Family,Vavol,Gandhinagar,,Basic,No,No,Yes,No,Yes,Yes,No,Yes,Yes,17000
96,3BHK,Room,Full,Family,Sector 13,Gandhinagar,,Fully,Yes,Yes,No,No,Yes,Yes,No,Yes,No,18000
97,3BHK,Tenament,Full,Family,Raysan,Gandhinagar,,Basic,No,No,Yes,Yes,Yes,Yes,Yes,Yes,Yes,32000
98,2BHK,Flat,Full,Boys,Sargasan,Gandhinagar,,Fully,Yes,Yes,No,No,Yes,Yes,Yes,Yes,No,30000
99,1BHK,House,Sharing,Any,Infocity,Gandhinagar,,Fully,No,No,Yes,Yes,No,Yes,No,Yes,Yes,17000
100,1BHK,Room,Sharing,Family,Sector 5A,Gandhinagar,,Basic,Yes,No,Yes,No,Yes,Yes,No,Yes,No,12000
101,3BHK,House,Full,Boys,Sector 3,Gandhinagar,,Fully,No,No,No,Yes,No,Yes,Yes,Yes,No,18000
102,1BHK,Tenament,Full,Girls,Raysan,Gandhinagar,,Fully,Yes,No,Yes,Yes,No,Yes,No,Yes,Yes,16000
103,2BHK,Tenament,Sharing,Family,Kudasan,Gandhinagar,,Semi,Yes,Yes,Yes,Yes,Yes,Yes,No,Yes,Yes,25000
104,3BHK,Flat,Sharing,Boys,Raysan,Gandhinagar,,Fully,Yes,Yes,Yes,Yes,Yes,Yes,No,Yes,No,34000
105,2BHK,House,Full,Girls,Raysan,Gandhinagar,,Basic,Yes,No,Yes,No,Yes,Yes,Yes,Yes,No,25000
106,2BHK,House,Sharing,Any,Sargasan,Gandhinagar,,Semi,Yes,Yes,No,No,No,Yes,Yes,Yes,No,26000
107,2BHK,Tenament,Full,Boys,Sector 6,Gandhinagar,,Semi,Yes,Yes,Yes,No,Yes,Yes,Yes,Yes,No,15000
108,2BHK,House,Full,Any,Sector 13,Gandhinagar,,Fully,No,No,No,Yes,Yes,Yes,No,Yes,No,9000
109,3BHK,House,Full,Girls,Sector 2,Gandhinagar,,Basic,No,Yes,Yes,Yes,No,Yes,Yes,Yes,Yes,31000
110,3BHK,Room,Full,Boys,Kudasan,Gandhinagar,,Fully,Yes,Yes,No,Yes,No,Yes,Yes,Yes,No,38000
111,3BHK,Flat,Full,Any,Sector 6,Gandhinagar,,Basic,Yes,No,Yes,No,No,Yes,No,Yes,No,22000
112,1BHK,Flat,Full,Boys,Sector 5A,Gandhinagar,,Semi,No,Yes,Yes,No,No,Yes,No,Yes,No,12000
113,2BHK,Flat,Sharing,Any,Kudasan,Gandhinagar,,Basic,No,No,No,No,No,Yes,No,Yes,No,27000
114,3BHK,Room,Sharing,Boys,Sector 2,Gandhinagar,,Basic,Yes,Yes,No,Yes,Yes,Yes,No,Yes,Yes,29000
115,3BHK,Tenament,Full,Any,Sector 2,Gandhinagar,,Fully,No,Yes,Yes,Yes,Yes,Yes,No,Yes,No,28000
116,1BHK,Room,Sharing,Girls,Vavol,Gandhinagar,,Basic,Yes,Yes,Yes,Yes,Yes,Yes,Yes,Yes,Yes,10000
117,3BHK,Flat,Full,Any,Sector 2,Gandhinagar,,Fully,Yes,Yes,No,Yes,No,Yes,No,Yes,No,26000
118,3BHK,Flat,Full,Any,Sector 2,Gandhinagar,,Fully,No,Yes,No,No,Yes,Yes,Yes,Yes,No,27000
119,1BHK,Flat,Sharing,Girls,Raysan,Gandhinagar,,Basic,Yes,No,No,No,No,Yes,Yes,Yes,Yes,15000
120,3BHK,Flat,Sharing,Family,Vavol,Gandhinagar,,Fully,Yes,No,No,Yes,Yes,Yes,No,Yes,Yes,23000
121,2BHK,Room,Full,Boys,Sector 6,Gandhinagar,,Fully,Yes,Yes,No,No,No,Yes,No,Yes,No,20000
122,1BHK,Tenament,Full,Boys,Sector 3,Gandhinagar,,Semi,Yes,No,No,No,No,Yes,No,Yes,Yes,10000
123,3BHK,Flat,Full,Family,Vavol,Gandhinagar,,Fully,No,Yes,No,No,No,Yes,No,Yes,Yes,19000
124,3BHK,Tenament,Sharing,Girls,Raysan,Gandhinagar,,Fully,No,Yes,No,No,No,Yes,Yes,Yes,Yes,30000
125,1BHK,House,Full,Boys,Sector 6,Gandhinagar,,Basic,No,No,Yes,Yes,Yes,Yes,Yes,Yes,Yes,11000
126,2BHK,Flat,Full,Boys,Sector 2,Gandhinagar,,Fully,Yes,No,Yes,No,No,Yes,No,Yes,No,19000
127,3BHK,Flat,Sharing,Boys,Raysan,Gandhinagar,,Basic,No,Yes,No,Yes,Yes,Yes,Yes,Yes,No,32000
128,3BHK,Flat,Sharing,Family,Sector 6,Gandhinagar,,Fully,Yes,No,No,No,Yes,Yes,No,Yes,No,22000
129,2BHK,House,Full,Family,Sargasan,Gandhinagar,,Basic,No,No,Yes,No,Yes,Yes,Yes,Yes,Yes,27000
130,2BHK,Tenament,Full,Any,Kudasan,Gandhinagar,,Semi,No,Yes,Yes,No,No,Yes,No,Yes,No,23000
131,1BHK,Tenament,Full,Family,Infocity,Gandhinagar,,Fully,Yes,Yes,No,No,Yes,Yes,Yes,Yes,Yes,22000
132,3BHK,House,Sharing,Any,Kudasan,Gandhinagar,,Semi,Yes,No,No,Yes,Yes,Yes,Yes,Yes,Yes,30000
133,3BHK,Tenament,Full,Any,Kudasan,Gandhinagar,,Basic,No,No,No,Yes,No,Yes,Yes,Yes,Yes,32000
134,2BHK,Tenament,Full,Girls,Sargasan,Gandhinagar,,Basic,Yes,No,No,No,No,Yes,No,Yes,Yes,27000
135,1BHK,Flat,Full,Any,Vavol,Gandhinagar,,Semi,Yes,No,No,No,No,Yes,Yes,Yes,No,11000
136,1BHK,Room,Sharing,Boys,Sector 3,Gandhinagar,,Semi,Yes,Yes,Yes,No,No,Yes,Yes,Yes,Yes,7000
137,2BHK,Flat,Sharing,Any,Raysan,Gandhinagar,,Basic,Yes,No,Yes,Yes,No,Yes,No,Yes,No,22000
138,1BHK,Flat,Sharing,Any,Sector 2,Gandhinagar,,Fully,No,No,Yes,No,No,Yes,No,Yes,No,16000
139,3BHK,Flat,Full,Boys,Sargasan,Gandhinagar,,Fully,No,Yes,No,No,No,Yes,Yes,Yes,No,35000
140,2BHK,House,Sharing,Boys,Sector 13,Gandhinagar,,Semi,Yes,Yes,No,No,No,Yes,No,Yes,No,12000
141,3BHK,Tenament,Sharing,Boys,Kudasan,Gandhinagar,,Basic,No,No,No,Yes,No,Yes,No,Yes,No,29000
142,2BHK,Flat,Full,Family,Sector 3,Gandhinagar,,Semi,No,No,Yes,Yes,No,Yes,No,Yes,No,13000
143,2BHK,Tenament,Sharing,Boys,Infocity,Gandhinagar,,Semi,No,Yes,No,No,Yes,Yes,No,Yes,No,30000
144,1BHK,Room,Full,Family,Sector 13,Gandhinagar,,Fully,No,No,Yes,Yes,No,Yes,Yes,Yes,Yes,7000
145,1BHK,Flat,Full,Girls,Sargasan,Gandhinagar,,Fully,Yes,No,No,Yes,Yes,Yes,Yes,Yes,Yes,19000
146,1BHK,Flat,Sharing,Family,Sector 3,Gandhinagar,,Fully,No,Yes,Yes,Yes,No,Yes,No,Yes,No,10000
147,1BHK,Room,Sharing,Any,Sector 13,Gandhinagar,,Fully,No,No,No,Yes,No,Yes,No,Yes,No,8000
148,2BHK,Room,Sharing,Girls,Kudasan,Gandhinagar,,Basic,No,No,No,Yes,Yes,Yes,Yes,Yes,No,20000
149,2BHK,Flat,Sharing,Family,Kudasan,Gandhinagar,,Semi,No,Yes,Yes,No,No,Yes,Yes,Yes,Yes,24000
150,1BHK,Room,Sharing,Family,Sector 5A,Gandhinagar,,Semi,Yes,No,Yes,No,Yes,Yes,Yes,Yes,No,12000
151,1BHK,Flat,Full,Girls,Sector 6,Gandhinagar,,Fully,No,Yes,Yes,Yes,Yes,Yes,Yes,Yes,Yes,12000
152,3BHK,Tenament,Sharing,Boys,Sector 5A,Gandhinagar,,Fully,No,No,Yes,Yes,No,Yes,No,Yes,No,21000
153,2BHK,Flat,Sharing,Any,Sector 2,Gandhinagar,,Basic,No,No,No,No,Yes,Yes,No,Yes,Yes,18000
154,1BHK,Flat,Sharing,Any,Sector 2,Gandhinagar,,Basic,No,No,No,Yes,Yes,Yes,Yes,Yes,No,14000
155,2BHK,Flat,Sharing,Girls,Sector 2,Gandhinagar,,Fully,Yes,Yes,Yes,Yes,Yes,Yes,Yes,Yes,Yes,18000
156,3BHK,Room,Full,Any,Sector 2,Gandhinagar,,Fully,No,No,No,No,No,Yes,No,Yes,Yes,25000
157,2BHK,House,Sharing,Boys,Sargasan,Gandhinagar,,Semi,Yes,Yes,No,No,Yes,Yes,No,Yes,No,30000
158,1BHK,Flat,Sharing,Girls,Sector 5A,Gandhinagar,,Semi,No,Yes,No,Yes,Yes,Yes,No,Yes,No,13000
159,3BHK,Flat,Sharing,Family,Sector 5A,Gandhinagar,,Semi,No,No,No,Yes,No,Yes,Yes,Yes,No,23000
160,1BHK,Tenament,Full,Family,Sector 3,Gandhinagar,,Semi,No,Yes,Yes,No,Yes,Yes,Yes,Yes,Yes,10000
161,1BHK,Tenament,Sharing,Boys,Sector 3,Gandhinagar,,Fully,No,No,No,Yes,No,Yes,No,Yes,Yes,9000
162,1BHK,Room,Sharing,Family,Sector 2,Gandhinagar,,Semi,Yes,No,Yes,Yes,Yes,Yes,Yes,Yes,No,12000
163,2BHK,Room,Full,Family,Sector 6,Gandhinagar,,Semi,Yes,Yes,Yes,Yes,Yes,Yes,Yes,Yes,No,18000
164,1BHK,House,Full,Girls,Kudasan,Gandhinagar,,Semi,Yes,Yes,No,No,No,Yes,Yes,Yes,No,19000
165,2BHK,House,Sharing,Family,Sargasan,Gandhinagar,,Basic,Yes,No,No,Yes,No,Yes,Yes,Yes,Yes,23000
166,3BHK,House,Sharing,Girls,Sector 2,Gandhinagar,,Semi,No,Yes,Yes,Yes,Yes,Yes,Yes,Yes,Yes,27000
167,2BHK,Flat,Full,Family,Sector 3,Gandhinagar,,Semi,Yes,No,Yes,Yes,No,Yes,No,Yes,Yes,11000
168,1BHK,Tenament,Full,Family,Infocity,Gandhinagar,,Basic,Yes,Yes,Yes,Yes,Yes,Yes,Yes,Yes,Yes,17000
169,1BHK,Flat,Sharing,Boys,Sector 13,Gandhinagar,,Semi,No,Yes,No,No,Yes,Yes,Yes,Yes,Yes,9000
170,1BHK,Tenament,Sharing,Family,Sector 13,Gandhinagar,,Basic,Yes,No,No,Yes,No,Yes,No,Yes,Yes,7000
171,1BHK,House,Sharing,Girls,Sector 3,Gandhinagar,,Semi,Yes,No,Yes,No,Yes,Yes,No,Yes,Yes,10000
172,1BHK,House,Full,Boys,Sector 5A,Gandhinagar,,Semi,No,Yes,Yes,Yes,No,Yes,Yes,Yes,Yes,10000
173,3BHK,Room,Sharing,Boys,Sector 5A,Gandhinagar,,Fully,Yes,Yes,Yes,Yes,Yes,Yes,Yes,Yes,No,21000
174,1BHK,Tenament,Full,Family,Infocity,Gandhinagar,,Semi,Yes,Yes,Yes,Yes,No,Yes,No,Yes,Yes,21000
175,2BHK,Tenament,Full,Family,Sector 2,Gandhinagar,,Basic,Yes,Yes,Yes,No,Yes,Yes,No,Yes,Yes,24000
176,1BHK,Flat,Full,Boys,Sector 3,Gandhinagar,,Semi,Yes,No,Yes,Yes,No,Yes,No,Yes,Yes,9000
177,1BHK,Flat,Full,Any,Kudasan,Gandhinagar,,Basic,Yes,No,No,No,Yes,Yes,No,Yes,Yes,13000
178,3BHK,House,Sharing,Any,Vavol,Gandhinagar,,Semi,No,No,No,No,Yes,Yes,Yes,Yes,Yes,22000
179,3BHK,Tenament,Sharing,Family,Sector 5A,Gandhinagar,,Fully,Yes,Yes,No,No,Yes,Yes,Yes,Yes,No,26000
180,3BHK,Flat,Sharing,Girls,Sector 2,Gandhinagar,,Fully,Yes,Yes,Yes,Yes,No,Yes,Yes,Yes,Yes,30000
181,3BHK,Tenament,Full,Girls,Vavol,Gandhinagar,,Basic,No,No,Yes,No,Yes,Yes,Yes,Yes,No,19000
182,1BHK,Room,Sharing,Any,Infocity,Gandhinagar,,Semi,Yes,No,Yes,Yes,Yes,Yes,Yes,Yes,Yes,19000
183,3BHK,Tenament,Sharing,Boys,Sector 6,Gandhinagar,,Semi,Yes,Yes,Yes,No,Yes,Yes,Yes,Yes,No,25000
184,2BHK,House,Full,Any,Kudasan,Gandhinagar,,Basic,No,Yes,Yes,No,Yes,Yes,No,Yes,Yes,24000
185,2BHK,Tenament,Sharing,Family,Vavol,Gandhinagar,,Fully,Yes,No,Yes,Yes,Yes,Yes,Yes,Yes,No,14000
186,3BHK,House,Full,Family,Sector 6,Gandhinagar,,Fully,Yes,Yes,No,No,No,Yes,No,Yes,Yes,23000
187,1BHK,Flat,Sharing,Any,Vavol,Gandhinagar,,Semi,No,Yes,Yes,No,Yes,Yes,Yes,Yes,Yes,9000
188,3BHK,House,Sharing,Girls,Sector 6,Gandhinagar,,Semi,No,Yes,No,Yes,No,Yes,Yes,Yes,Yes,25000
189,1BHK,Flat,Sharing,Boys,Sector 5A,Gandhinagar,,Basic,No,No,Yes,No,No,Yes,No,Yes,Yes,12000
190,3BHK,House,Sharing,Family,Sector 3,Gandhinagar,,Fully,Yes,Yes,Yes,Yes,Yes,Yes,Yes,Yes,Yes,16000
191,1BHK,House,Sharing,Any,Raysan,Gandhinagar,,Fully,Yes,No,Yes,No,No,Yes,No,Yes,No,15000
192,3BHK,House,Sharing,Girls,Raysan,Gandhinagar,,Semi,Yes,No,No,Yes,Yes,Yes,No,Yes,No,31000
193,2BHK,Flat,Full,Girls,Raysan,Gandhinagar,,Basic,No,No,No,No,No,Yes,Yes,Yes,No,19000
194,2BHK,House,Full,Girls,Sargasan,Gandhinagar,,Semi,No,Yes,Yes,No,Yes,Yes,No,Yes,No,22000
195,3BHK,Room,Sharing,Any,Sector 5A,Gandhinagar,,Fully,Yes,Yes,Yes,Yes,Yes,Yes,Yes,Yes,No,23000
196,1BHK,House,Sharing,Girls,Kudasan,Gandhinagar,,Fully,Yes,No,Yes,No,Yes,Yes,Yes,Yes,No,19000
197,1BHK,Room,Full,Girls,Vavol,Gandhinagar,,Semi,Yes,Yes,Yes,Yes,No,Yes,No,Yes,Yes,12000
198,2BHK,Flat,Sharing,Family,Sector 2,Gandhinagar,,Semi,Yes,Yes,Yes,Yes,Yes,Yes,Yes,Yes,No,23000
199,2BHK,Flat,Full,Boys,Sector 3,Gandhinagar,,Semi,No,Yes,Yes,No,No,Yes,No,Yes,No,15000
200,3BHK,House,Sharing,Girls,Sargasan,Gandhinagar,,Semi,Yes,No,No,No,No,Yes,No,Yes,No,33000
201,1BHK,Tenament,Sharing,Girls,Infocity,Gandhinagar,,Semi,Yes,Yes,Yes,No,Yes,Yes,No,Yes,No,17000
202,2BHK,Flat,Full,Family,Sector 13,Gandhinagar,,Basic,Yes,No,Yes,No,No,Yes,Yes,Yes,No,10000
203,1BHK,Flat,Sharing,Boys,Vavol,Gandhinagar,,Semi,Yes,No,Yes,No,Yes,Yes,No,Yes,No,12000
204,1BHK,House,Sharing,Boys,Vavol,Gandhinagar,,Basic,Yes,No,No,Yes,No,Yes,Yes,Yes,No,11000
205,3BHK,Tenament,Sharing,Family,Vavol,Gandhinagar,,Fully,Yes,No,Yes,No,Yes,Yes,Yes,Yes,Yes,18000
206,1BHK,House,Sharing,Any,Infocity,Gandhinagar,,Semi,No,No,Yes,Yes,Yes,Yes,No,Yes,Yes,21000
207,3BHK,Room,Sharing,Girls,Sector 6,Gandhinagar,,Basic,No,No,No,Yes,No,Yes,No,Yes,Yes,30000
208,1BHK,House,Sharing,Any,Sector 2,Gandhinagar,,Fully,Yes,No,Yes,No,Yes,Yes,Yes,Yes,Yes,12000
209,2BHK,Room,Full,Girls,Raysan,Gandhinagar,,Fully,No,Yes,No,Yes,No,Yes,Yes,Yes,No,20000
210,2BHK,House,Sharing,Girls,Vavol,Gandhinagar,,Semi,No,No,No,Yes,No,Yes,No,Yes,Yes,14000
211,1BHK,Tenament,Full,Boys,Sector 2,Gandhinagar,,Basic,Yes,No,No,No,No,Yes,Yes,Yes,No,16000
212,2BHK,Flat,Full,Family,Sector 5A,Gandhinagar,,Fully,Yes,No,No,No,No,Yes,No,Yes,No,17000
213,1BHK,Tenament,Full,Boys,Sector 13,Gandhinagar,,Basic,Yes,Yes,No,Yes,Yes,Yes,Yes,Yes,Yes,8000
214,2BHK,Flat,Full,Family,Infocity,Gandhinagar,,Basic,No,Yes,No,Yes,Yes,Yes,No,Yes,No,31000
215,2BHK,House,Sharing,Family,Sector 2,Gandhinagar,,Semi,Yes,No,Yes,No,No,Yes,No,Yes,Yes,24000
216,1BHK,Flat,Sharing,Boys,Sector 3,Gandhinagar,,Fully,No,No,No,No,No,Yes,Yes,Yes,No,10000
217,1BHK,Tenament,Full,Any,Sector 5A,Gandhinagar,,Basic,Yes,No,Yes,Yes,Yes,Yes,Yes,Yes,Yes,11000
218,1BHK,House,Sharing,Girls,Vavol,Gandhinagar,,Basic,Yes,No,Yes,Yes,Yes,Yes,No,Yes,No,10000
219,2BHK,Tenament,Sharing,Boys,Sargasan,Gandhinagar,,Semi,Yes,Yes,Yes,Yes,No,Yes,Yes,Yes,No,24000
220,1BHK,Tenament,Sharing,Boys,Sector 6,Gandhinagar,,Fully,Yes,Yes,No,Yes,No,Yes,No,Yes,Yes,15000
221,3BHK,Room,Sharing,Any,Sargasan,Gandhinagar,,Semi,No,No,No,No,No,Yes,Yes,Yes,Yes,40000
222,2BHK,Tenament,Sharing,Boys,Infocity,Gandhinagar,,Fully,Yes,No,Yes,No,Yes,Yes,Yes,Yes,No,27000
223,3BHK,Tenament,Full,Boys,Raysan,Gandhinagar,,Fully,No,No,Yes,Yes,Yes,Yes,No,Yes,Yes,30000
224,2BHK,Tenament,Full,Family,Sector 13,Gandhinagar,,Basic,Yes,No,No,Yes,Yes,Yes,No,Yes,Yes,12000
225,1BHK,House,Full,Family,Sargasan,Gandhinagar,,Basic,No,No,No,Yes,No,Yes,Yes,Yes,Yes,15000
226,3BHK,Flat,Full,Boys,Sargasan,Gandhinagar,,Fully,Yes,Yes,No,No,Yes,Yes,Yes,Yes,No,36000
227,3BHK,Room,Sharing,Boys,Sargasan,Gandhinagar,,Fully,Yes,Yes,Yes,Yes,Yes,Yes,Yes,Yes,Yes,39000
228,2BHK,House,Sharing,Boys,Sector 5A,Gandhinagar,,Fully,No,Yes,Yes,Yes,Yes,Yes,Yes,Yes,Yes,17000
229,3BHK,Flat,Full,Boys,Sector 3,Gandhinagar,,Basic,Yes,Yes,No,Yes,No,Yes,Yes,Yes,No,18000
230,3BHK,Room,Sharing,Any,Infocity,Gandhinagar,,Basic,Yes,No,Yes,No,Yes,Yes,No,Yes,Yes,44000
231,2BHK,House,Sharing,Any,Sargasan,Gandhinagar,,Fully,No,Yes,Yes,No,No,Yes,Yes,Yes,Yes,23000
232,3BHK,Flat,Full,Family,Sector 2,Gandhinagar,,Semi,No,No,No,Yes,No,Yes,Yes,Yes,No,29000
233,1BHK,Room,Full,Family,Kudasan,Gandhinagar,,Semi,Yes,No,No,No,No,Yes,Yes,Yes,Yes,18000
234,2BHK,Room,Sharing,Girls,Raysan,Gandhinagar,,Semi,Yes,Yes,No,Yes,No,Yes,No,Yes,No,20000
235,3BHK,House,Full,Boys,Sector 3,Gandhinagar,,Fully,Yes,No,No,No,Yes,Yes,No,Yes,Yes,19000
236,3BHK,Flat,Sharing,Any,Sector 6,Gandhinagar,,Basic,Yes,No,Yes,No,Yes,Yes,No,Yes,Yes,22000
237,3BHK,House,Sharing,Boys,Sector 6,Gandhinagar,,Fully,Yes,No,No,No,No,Yes,Yes,Yes,Yes,27000
238,3BHK,Room,Sharing,Any,Sector 6,Gandhinagar,,Basic,Yes,Yes,No,No,Yes,Yes,No,Yes,No,30000
239,3BHK,Room,Full,Any,Sector 5A,Gandhinagar,,Semi,Yes,No,No,No,No,Yes,No,Yes,No,23000
240,3BHK,Tenament,Full,Family,Sargasan,Gandhinagar,,Fully,Yes,No,Yes,No,Yes,Yes,Yes,Yes,Yes,39000
241,1BHK,Flat,Full,Boys,Sector 6,Gandhinagar,,Basic,Yes,Yes,Yes,No,No,Yes,No,Yes,No,10000
242,3BHK,Tenament,Sharing,Any,Sargasan,Gandhinagar,,Semi,No,No,No,No,No,Yes,No,Yes,Yes,32000
243,3BHK,Flat,Full,Girls,Infocity,Gandhinagar,,Semi,Yes,Yes,No,No,No,Yes,Yes,Yes,Yes,39000
244,3BHK,Room,Full,Boys,Vavol,Gandhinagar,,Basic,No,No,No,Yes,No,Yes,No,Yes,No,21000
245,3BHK,House,Full,Family,Kudasan,Gandhinagar,,Semi,Yes,Yes,Yes,Yes,No,Yes,No,Yes,Yes,29000
246,3BHK,Room,Sharing,Boys,Infocity,Gandhinagar,,Fully,Yes,No,No,Yes,Yes,Yes,Yes,Yes,Yes,38000
247,2BHK,Flat,Sharing,Any,Kudasan,Gandhinagar,,Basic,No,No,Yes,No,No,Yes,No,Yes,Yes,20000
248,1BHK,House,Full,Family,Sector 5A,Gandhinagar,,Semi,Yes,No,No,Yes,No,Yes,No,Yes,Yes,12000
249,2BHK,Flat,Sharing,Girls,Infocity,Gandhinagar,,Basic,Yes,Yes,Yes,No,Yes,Yes,No,Yes,No,26000
250,2BHK,House,Sharing,Any,Infocity,Gandhinagar,,Basic,No,Yes,Yes,Yes,No,Yes,Yes,Yes,Yes,31000
251,2BHK,Tenament,Full,Any,Sector 5A,Gandhinagar,,Semi,Yes,No,Yes,Yes,No,Yes,Yes,Yes,Yes,18000
252,3BHK,Tenament,Full,Boys,Kudasan,Gandhinagar,,Basic,No,No,Yes,Yes,Yes,Yes,Yes,Yes,Yes,39000
253,1BHK,Room,Sharing,Girls,Sector 5A,Gandhinagar,,Basic,Yes,No,Yes,Yes,No,Yes,Yes,Yes,No,13000
254,1BHK,Room,Full,Boys,Sector 5A,Gandhinagar,,Fully,Yes,No,No,Yes,No,Yes,No,Yes,Yes,11000
255,1BHK,Tenament,Full,Girls,Sector 13,Gandhinagar,,Basic,Yes,No,Yes,No,Yes,Yes,No,Yes,Yes,8000
256,3BHK,Tenament,Full,Family,Sector 6,Gandhinagar,,Semi,Yes,Yes,No,Yes,No,Yes,Yes,Yes,Yes,28000
257,3BHK,House,Full,Boys,Sector 6,Gandhinagar,,Semi,No,Yes,No,No,No,Yes,No,Yes,No,23000
258,1BHK,House,Sharing,Family,Sector 5A,Gandhinagar,,Basic,Yes,No,No,No,No,Yes,Yes,Yes,No,13000
259,2BHK,House,Sharing,Girls,Sector 5A,Gandhinagar,,Fully,Yes,No,No,No,Yes,Yes,Yes,Yes,Yes,19000
260,2BHK,Room,Sharing,Girls,Vavol,Gandhinagar,,Basic,No,Yes,No,Yes,Yes,Yes,Yes,Yes,Yes,17000
261,2BHK,House,Sharing,Girls,Kudasan,Gandhinagar,,Semi,No,Yes,Yes,Yes,No,Yes,No,Yes,Yes,26000
262,2BHK,Flat,Sharing,Girls,Sector 2,Gandhinagar,,Fully,Yes,No,Yes,No,No,Yes,Yes,Yes,Yes,20000
263,3BHK,Flat,Sharing,Any,Sector 13,Gandhinagar,,Semi,Yes,No,Yes,Yes,No,Yes,Yes,Yes,No,17000
264,1BHK,House,Sharing,Family,Sector 6,Gandhinagar,,Fully,No,Yes,No,Yes,No,Yes,Yes,Yes,No,11000
265,1BHK,Flat,Full,Girls,Sargasan,Gandhinagar,,Basic,No,Yes,Yes,No,No,Yes,No,Yes,No,14000
266,3BHK,Tenament,Sharing,Girls,Infocity,Gandhinagar,,Basic,No,Yes,Yes,No,No,Yes,No,Yes,Yes,34000
267,2BHK,Room,Full,Any,Infocity,Gandhinagar,,Basic,Yes,Yes,Yes,Yes,Yes,Yes,Yes,Yes,No,23000
268,2BHK,Tenament,Sharing,Boys,Raysan,Gandhinagar,,Semi,Yes,Yes,Yes,Yes,Yes,Yes,No,Yes,No,20000
269,2BHK,Flat,Full,Girls,Kudasan,Gandhinagar,,Fully,No,Yes,No,No,No,Yes,Yes,Yes,No,20000
270,2BHK,House,Full,Boys,Sector 5A,Gandhinagar,,Basic,No,Yes,No,No,Yes,Yes,No,Yes,No,19000
271,3BHK,Room,Full,Any,Sector 6,Gandhinagar,,Basic,No,No,Yes,Yes,Yes,Yes,No,Yes,Yes,28000
272,2BHK,House,Full,Girls,Sector 3,Gandhinagar,,Fully,Yes,Yes,Yes,No,No,Yes,No,Yes,No,12000
273,3BHK,Tenament,Sharing,Girls,Sector 3,Gandhinagar,,Basic,No,No,Yes,Yes,Yes,Yes,No,Yes,No,18000
274,3BHK,Room,Full,Boys,Sector 2,Gandhinagar,,Fully,No,Yes,No,Yes,Yes,Yes,Yes,Yes,No,29000
275,2BHK,Tenament,Sharing,Any,Kudasan,Gandhinagar,,Fully,Yes,Yes,No,Yes,Yes,Yes,Yes,Yes,Yes,21000
276,2BHK,Tenament,Sharing,Family,Raysan,Gandhinagar,,Semi,No,Yes,No,No,No,Yes,No,Yes,No,22000
277,1BHK,Tenament,Full,Boys,Sector 5A,Gandhinagar,,Fully,Yes,No,Yes,Yes,No,Yes,Yes,Yes,No,12000
278,3BHK,Tenament,Sharing,Boys,Sector 13,Gandhinagar,,Semi,Yes,No,Yes,Yes,Yes,Yes,No,Yes,No,18000
279,2BHK,House,Sharing,Any,Raysan,Gandhinagar,,Basic,No,No,Yes,Yes,Yes,Yes,Yes,Yes,Yes,24000
280,1BHK,Flat,Full,Family,Infocity,Gandhinagar,,Semi,No,No,No,No,Yes,Yes,Yes,Yes,Yes,17000
281,1BHK,Flat,Sharing,Any,Sector 13,Gandhinagar,,Semi,No,Yes,No,No,Yes,Yes,No,Yes,No,7000
282,2BHK,Room,Sharing,Boys,Kudasan,Gandhinagar,,Basic,No,No,Yes,No,Yes,Yes,No,Yes,Yes,22000
283,2BHK,Tenament,Full,Family,Kudasan,Gandhinagar,,Basic,No,Yes,Yes,Yes,No,Yes,No,Yes,Yes,27000
284,2BHK,House,Sharing,Family,Kudasan,Gandhinagar,,Basic,No,Yes,No,Yes,Yes,Yes,No,Yes,No,27000
285,1BHK,Flat,Sharing,Girls,Raysan,Gandhinagar,,Basic,No,No,Yes,No,Yes,Yes,Yes,Yes,Yes,15000
286,1BHK,Room,Full,Girls,Sector 13,Gandhinagar,,Basic,Yes,Yes,Yes,Yes,No,Yes,Yes,Yes,Yes,6000
287,3BHK,Tenament,Full,Boys,Sector 3,Gandhinagar,,Semi,No,Yes,No,Yes,No,Yes,No,Yes,No,16000
288,3BHK,Room,Sharing,Girls,Vavol,Gandhinagar,,Basic,Yes,No,No,Yes,No,Yes,No,Yes,Yes,22000
289,1BHK,Room,Sharing,Boys,Sector 3,Gandhinagar,,Fully,Yes,No,No,No,Yes,Yes,Yes,Yes,Yes,7000
290,3BHK,Flat,Sharing,Family,Sector 13,Gandhinagar,,Fully,No,No,No,No,Yes,Yes,Yes,Yes,Yes,17000
291,1BHK,Flat,Full,Girls,Sector 6,Gandhinagar,,Semi,No,No,No,Yes,Yes,Yes,Yes,Yes,No,15000
292,1BHK,Room,Sharing,Any,Sector 5A,Gandhinagar,,Basic,Yes,Yes,Yes,No,Yes,Yes,Yes,Yes,Yes,13000
293,2BHK,Tenament,Sharing,Any,Sector 6,Gandhinagar,,Semi,Yes,No,Yes,No,No,Yes,No,Yes,No,16000
294,2BHK,Flat,Full,Boys,Sector 3,Gandhinagar,,Fully,Yes,No,No,Yes,No,Yes,No,Yes,No,14000
295,2BHK,Room,Sharing,Girls,Infocity,Gandhinagar,,Basic,Yes,No,Yes,Yes,Yes,Yes,Yes,Yes,Yes,26000
296,2BHK,House,Full,Boys,Sector 3,Gandhinagar,,Fully,Yes,No,Yes,Yes,Yes,Yes,No,Yes,Yes,15000
297,1BHK,Tenament,Sharing,Boys,Vavol,Gandhinagar,,Basic,Yes,No,No,No,No,Yes,No,Yes,No,9000
298,1BHK,House,Sharing,Any,Sector 13,Gandhinagar,,Semi,Yes,Yes,Yes,No,Yes,Yes,Yes,Yes,Yes,8000
299,3BHK,House,Sharing,Any,Sector 2,Gandhinagar,,Fully,Yes,No,No,Yes,No,Yes,No,Yes,No,26000
300,2BHK,Tenament,Sharing,Girls,Infocity,Gandhinagar,,Semi,No,Yes,No,No,Yes,Yes,Yes,Yes,No,32000
301,2BHK,House,Full,Girls,Sector 3,Gandhinagar,,Fully,Yes,No,Yes,No,Yes,Yes,Yes,Yes,Yes,13000
302,2BHK,House,Sharing,Boys,Sargasan,Gandhinagar,,Basic,No,Yes,No,Yes,No,Yes,Yes,Yes,Yes,24000
303,1BHK,House,Sharing,Boys,Sector 6,Gandhinagar,,Basic,Yes,No,No,No,Yes,Yes,No,Yes,Yes,12000
304,3BHK,Tenament,Sharing,Girls,Vavol,Gandhinagar,,Fully,Yes,No,No,No,No,Yes,No,Yes,Yes,22000
305,2BHK,House,Sharing,Any,Sargasan,Gandhinagar,,Basic,No,No,No,Yes,No,Yes,No,Yes,Yes,23000
306,3BHK,Tenament,Full,Any,Sector 2,Gandhinagar,,Semi,Yes,No,Yes,Yes,No,Yes,Yes,Yes,No,25000
307,3BHK,Tenament,Full,Family,Vavol,Gandhinagar,,Fully,Yes,Yes,Yes,No,Yes,Yes,No,Yes,Yes,18000
308,3BHK,Room,Full,Boys,Infocity,Gandhinagar,,Basic,Yes,No,Yes,No,Yes,Yes,No,Yes,No,42000
309,1BHK,Tenament,Full,Any,Sector 6,Gandhinagar,,Semi,Yes,Yes,Yes,No,No,Yes,Yes,Yes,No,10000
310,3BHK,Tenament,Sharing,Any,Infocity,Gandhinagar,,Semi,No,No,Yes,Yes,No,Yes,No,Yes,Yes,44000
311,2BHK,House,Full,Any,Infocity,Gandhinagar,,Semi,Yes,No,Yes,No,No,Yes,Yes,Yes,No,25000
312,1BHK,Room,Full,Girls,Sector 2,Gandhinagar,,Semi,Yes,Yes,No,Yes,Yes,Yes,Yes,Yes,Yes,12000
313,1BHK,Flat,Full,Family,Raysan,Gandhinagar,,Semi,No,Yes,Yes,Yes,Yes,Yes,Yes,Yes,Yes,12000
314,2BHK,Tenament,Sharing,Any,Sector 5A,Gandhinagar,,Semi,No,Yes,No,No,No,Yes,No,Yes,Yes,19000
315,2BHK,Room,Sharing,Boys,Infocity,Gandhinagar,,Semi,No,Yes,No,No,Yes,Yes,Yes,Yes,No,30000
316,2BHK,House,Sharing,Boys,Kudasan,Gandhinagar,,Semi,Yes,No,Yes,No,Yes,Yes,No,Yes,No,22000
317,1BHK,Tenament,Sharing,Boys,Vavol,Gandhinagar,,Semi,No,Yes,No,Yes,No,Yes,Yes,Yes,No,10000
318,3BHK,Tenament,Sharing,Boys,Sector 2,Gandhinagar,,Basic,No,No,No,Yes,Yes,Yes,No,Yes,No,26000
319,2BHK,Room,Full,Family,Sector 3,Gandhinagar,,Fully,No,No,Yes,Yes,No,Yes,Yes,Yes,No,13000
320,1BHK,Tenament,Full,Boys,Kudasan,Gandhinagar,,Fully,Yes,No,Yes,Yes,No,Yes,No,Yes,Yes,19000
321,2BHK,Flat,Full,Girls,Sector 13,Gandhinagar,,Semi,No,No,Yes,No,No,Yes,Yes,Yes,No,13000
322,3BHK,Room,Full,Family,Sector 5A,Gandhinagar,,Semi,No,Yes,No,No,No,Yes,Yes,Yes,Yes,22000
323,1BHK,Room,Sharing,Girls,Sector 6,Gandhinagar,,Basic,Yes,Yes,No,Yes,Yes,Yes,No,Yes,Yes,13000
324,3BHK,House,Sharing,Boys,Sector 2,Gandhinagar,,Semi,No,No,No,No,Yes,Yes,No,Yes,Yes,28000
325,1BHK,House,Sharing,Boys,Vavol,Gandhinagar,,Semi,No,Yes,No,Yes,Yes,Yes,No,Yes,No,10000
326,3BHK,Tenament,Sharing,Any,Raysan,Gandhinagar,,Semi,No,Yes,No,No,Yes,Yes,Yes,Yes,Yes,30000
327,3BHK,Flat,Full,Boys,Sargasan,Gandhinagar,,Basic,Yes,Yes,No,No,No,Yes,Yes,Yes,Yes,31000
328,1BHK,Flat,Full,Boys,Vavol,Gandhinagar,,Fully,Yes,No,No,Yes,Yes,Yes,Yes,Yes,No,9000
329,1BHK,House,Sharing,Family,Kudasan,Gandhinagar,,Basic,No,Yes,No,Yes,Yes,Yes,Yes,Yes,No,18000
330,3BHK,House,Full,Any,Sector 5A,Gandhinagar,,Fully,No,Yes,Yes,Yes,Yes,Yes,No,Yes,Yes,25000
331,1BHK,Room,Sharing,Boys,Sector 13,Gandhinagar,,Basic,Yes,Yes,No,Yes,No,Yes,Yes,Yes,Yes,8000
332,2BHK,Tenament,Sharing,Any,Sargasan,Gandhinagar,,Fully,No,Yes,Yes,No,No,Yes,No,Yes,No,23000
333,2BHK,Flat,Full,Any,Vavol,Gandhinagar,,Semi,Yes,No,Yes,No,No,Yes,No,Yes,No,16000
334,2BHK,Tenament,Full,Girls,Sector 6,Gandhinagar,,Basic,Yes,Yes,No,Yes,No,Yes,No,Yes,No,19000
335,2BHK,Flat,Full,Family,Sector 2,Gandhinagar,,Semi,No,No,Yes,Yes,Yes,Yes,No,Yes,Yes,18000
336,2BHK,Tenament,Full,Family,Sector 2,Gandhinagar,,Fully,Yes,Yes,No,No,No,Yes,No,Yes,No,21000
337,3BHK,Room,Full,Family,Sector 3,Gandhinagar,,Semi,No,No,No,Yes,Yes,Yes,No,Yes,Yes,17000
338,1BHK,House,Full,Any,Sector 3,Gandhinagar,,Fully,No,Yes,Yes,No,No,Yes,No,Yes,Yes,8000
339,1BHK,House,Sharing,Boys,Vavol,Gandhinagar,,Basic,No,No,No,Yes,No,Yes,Yes,Yes,No,11000
340,3BHK,House,Sharing,Girls,Sector 6,Gandhinagar,,Fully,Yes,No,No,No,Yes,Yes,No,Yes,No,24000
341,2BHK,Room,Sharing,Girls,Infocity,Gandhinagar,,Basic,Yes,Yes,Yes,No,Yes,Yes,No,Yes,No,26000
342,1BHK,Flat,Sharing,Any,Raysan,Gandhinagar,,Semi,Yes,Yes,No,No,No,Yes,No,Yes,Yes,16000
343,3BHK,Flat,Full,Girls,Sector 5A,Gandhinagar,,Fully,No,No,No,Yes,Yes,Yes,No,Yes,Yes,23000
344,3BHK,Flat,Full,Boys,Infocity,Gandhinagar,,Fully,No,No,No,No,Yes,Yes,No,Yes,Yes,33000
345,3BHK,Room,Sharing,Boys,Sector 5A,Gandhinagar,,Fully,Yes,Yes,Yes,No,Yes,Yes,No,Yes,Yes,21000
346,2BHK,House,Full,Family,Sector 5A,Gandhinagar,,Fully,Yes,No,No,Yes,No,Yes,Yes,Yes,No,16000
347,2BHK,Tenament,Full,Any,Kudasan,Gandhinagar,,Semi,No,No,No,No,No,Yes,No,Yes,Yes,27000
348,3BHK,Tenament,Full,Girls,Sector 5A,Gandhinagar,,Semi,Yes,No,No,Yes,Yes,Yes,Yes,Yes,Yes,24000
349,3BHK,Room,Sharing,Any,Sector 5A,Gandhinagar,,Basic,No,Yes,No,No,No,Yes,Yes,Yes,No,22000
350,2BHK,House,Full,Girls,Sector 2,Gandhinagar,,Semi,Yes,Yes,No,Yes,Yes,Yes,Yes,Yes,No,18000
351,3BHK,Flat,Sharing,Family,Sector 5A,Gandhinagar,,Basic,Yes,No,Yes,Yes,No,Yes,Yes,Yes,No,20000
352,2BHK,House,Sharing,Girls,Kudasan,Gandhinagar,,Basic,No,No,Yes,No,Yes,Yes,No,Yes,Yes,24000
353,2BHK,Flat,Full,Any,Sector 3,Gandhinagar,,Basic,Yes,Yes,No,Yes,Yes,Yes,No,Yes,Yes,15000
354,3BHK,Flat,Sharing,Family,Sector 5A,Gandhinagar,,Semi,Yes,No,No,No,Yes,Yes,Yes,Yes,No,26000
355,1BHK,Room,Full,Boys,Infocity,Gandhinagar,,Fully,No,No,No,Yes,Yes,Yes,No,Yes,No,16000
356,1BHK,House,Full,Family,Kudasan,Gandhinagar,,Basic,No,Yes,No,Yes,No,Yes,No,Yes,Yes,13000
357,2BHK,Flat,Full,Boys,Sector 3,Gandhinagar,,Fully,Yes,No,Yes,Yes,Yes,Yes,Yes,Yes,No,14000
358,1BHK,Room,Full,Girls,Sargasan,Gandhinagar,,Basic,No,No,No,Yes,Yes,Yes,No,Yes,No,17000
359,1BHK,Tenament,Sharing,Any,Infocity,Gandhinagar,,Semi,Yes,Yes,No,No,No,Yes,Yes,Yes,No,20000
360,3BHK,House,Full,Boys,Vavol,Gandhinagar,,Fully,No,No,Yes,No,No,Yes,Yes,Yes,Yes,18000
361,1BHK,Tenament,Full,Any,Sector 6,Gandhinagar,,Basic,Yes,Yes,Yes,No,Yes,Yes,Yes,Yes,Yes,10000
362,3BHK,House,Sharing,Family,Sector 2,Gandhinagar,,Fully,Yes,No,Yes,Yes,No,Yes,Yes,Yes,No,30000
363,2BHK,Tenament,Sharing,Family,Sector 6,Gandhinagar,,Fully,No,No,No,Yes,Yes,Yes,Yes,Yes,Yes,18000
364,2BHK,Tenament,Sharing,Girls,Sector 3,Gandhinagar,,Basic,Yes,Yes,No,Yes,Yes,Yes,No,Yes,Yes,13000
365,3BHK,House,Full,Boys,Raysan,Gandhinagar,,Fully,Yes,No,Yes,No,No,Yes,No,Yes,Yes,32000
366,1BHK,Flat,Sharing,Family,Sector 6,Gandhinagar,,Semi,No,Yes,No,Yes,Yes,Yes,No,Yes,Yes,11000
367,2BHK,Tenament,Sharing,Family,Vavol,Gandhinagar,,Semi,No,No,No,Yes,Yes,Yes,Yes,Yes,Yes,12000
368,3BHK,Tenament,Full,Any,Sector 13,Gandhinagar,,Fully,Yes,Yes,Yes,No,Yes,Yes,Yes,Yes,Yes,14000
369,1BHK,Flat,Sharing,Any,Sector 2,Gandhinagar,,Fully,Yes,No,Yes,Yes,Yes,Yes,No,Yes,No,13000
370,3BHK,Tenament,Sharing,Family,Sector 2,Gandhinagar,,Basic,No,No,Yes,Yes,Yes,Yes,No,Yes,No,31000
371,1BHK,Flat,Sharing,Boys,Sargasan,Gandhinagar,,Fully,No,No,No,Yes,Yes,Yes,No,Yes,Yes,19000
372,1BHK,House,Sharing,Girls,Vavol,Gandhinagar,,Basic,No,No,No,Yes,No,Yes,No,Yes,Yes,10000
373,1BHK,Flat,Sharing,Girls,Sector 6,Gandhinagar,,Basic,No,No,Yes,Yes,No,Yes,Yes,Yes,Yes,13000
374,3BHK,Room,Full,Family,Sector 5A,Gandhinagar,,Fully,No,No,Yes,Yes,No,Yes,Yes,Yes,No,23000
375,1BHK,House,Full,Boys,Raysan,Gandhinagar,,Basic,No,Yes,No,No,Yes,Yes,Yes,Yes,No,13000
376,2BHK,Flat,Sharing,Family,Sector 6,Gandhinagar,,Semi,No,Yes,Yes,No,No,Yes,Yes,Yes,No,20000
377,2BHK,House,Sharing,Family,Sector 3,Gandhinagar,,Basic,No,No,No,Yes,Yes,Yes,Yes,Yes,No,15000
378,3BHK,House,Sharing,Family,Sector 6,Gandhinagar,,Semi,Yes,Yes,Yes,Yes,No,Yes,Yes,Yes,Yes,28000
379,3BHK,Flat,Full,Boys,Sector 5A,Gandhinagar,,Semi,Yes,Yes,No,No,Yes,Yes,No,Yes,Yes,20000
380,3BHK,Flat,Sharing,Girls,Vavol,Gandhinagar,,Basic,Yes,No,Yes,No,Yes,Yes,Yes,Yes,No,21000
381,1BHK,House,Sharing,Family,Sector 6,Gandhinagar,,Basic,No,Yes,No,No,Yes,Yes,No,Yes,No,11000
382,2BHK,Tenament,Sharing,Girls,Infocity,Gandhinagar,,Semi,No,No,No,No,No,Yes,Yes,Yes,Yes,33000
383,3BHK,Tenament,Sharing,Any,Vavol,Gandhinagar,,Fully,No,No,No,No,Yes,Yes,Yes,Yes,Yes,20000
384,1BHK,Room,Full,Any,Sector 3,Gandhinagar,,Fully,No,Yes,Yes,No,No,Yes,No,Yes,Yes,7000
385,2BHK,Tenament,Sharing,Girls,Infocity,Gandhinagar,,Fully,No,Yes,Yes,No,No,Yes,Yes,Yes,Yes,32000
386,2BHK,Tenament,Full,Boys,Sector 6,Gandhinagar,,Semi,Yes,No,Yes,No,Yes,Yes,No,Yes,No,21000
387,2BHK,Room,Full,Boys,Sector 5A,Gandhinagar,,Basic,Yes,No,No,No,No,Yes,No,Yes,No,17000
388,3BHK,House,Sharing,Girls,Sector 3,Gandhinagar,,Fully,Yes,No,No,Yes,Yes,Yes,Yes,Yes,Yes,17000
389,2BHK,Room,Sharing,Any,Infocity,Gandhinagar,,Semi,Yes,Yes,Yes,Yes,Yes,Yes,No,Yes,Yes,28000
390,3BHK,Tenament,Full,Family,Sector 2,Gandhinagar,,Fully,Yes,No,No,Yes,Yes,Yes,No,Yes,No,30000
391,3BHK,Room,Full,Family,Infocity,Gandhinagar,,Fully,No,Yes,No,No,Yes,Yes,Yes,Yes,No,40000
392,1BHK,Flat,Sharing,Girls,Sector 2,Gandhinagar,,Basic,Yes,Yes,No,No,Yes,Yes,No,Yes,Yes,11000
393,2BHK,Tenament,Sharing,Family,Raysan,Gandhinagar,,Semi,Yes,Yes,No,Yes,Yes,Yes,No,Yes,Yes,23000
394,1BHK,House,Full,Girls,Sargasan,Gandhinagar,,Basic,No,Yes,No,No,No,Yes,No,Yes,Yes,20000
395,1BHK,Room,Sharing,Boys,Kudasan,Gandhinagar,,Fully,No,No,Yes,Yes,Yes,Yes,No,Yes,No,18000
396,3BHK,Flat,Full,Girls,Infocity,Gandhinagar,,Basic,Yes,Yes,No,Yes,Yes,Yes,No,Yes,No,33000
397,1BHK,Flat,Full,Girls,Sargasan,Gandhinagar,,Semi,Yes,No,No,Yes,No,Yes,No,Yes,Yes,16000
398,1BHK,House,Sharing,Any,Sector 13,Gandhinagar,,Semi,No,Yes,Yes,Yes,Yes,Yes,Yes,Yes,No,8000
399,1BHK,Flat,Sharing,Boys,Sector 2,Gandhinagar,,Fully,No,No,Yes,No,Yes,Yes,Yes,Yes,Yes,13000
400,1BHK,House,Full,Family,Sector 5A,Gandhinagar,,Fully,Yes,No,Yes,Yes,Yes,Yes,Yes,Yes,Yes,10000
401,3BHK,Flat,Full,Girls,Raysan,Gandhinagar,,Basic,Yes,Yes,No,No,No,Yes,No,Yes,No,27000
402,1BHK,Flat,Full,Family,Sargasan,Gandhinagar,,Semi,No,No,Yes,Yes,No,Yes,Yes,Yes,No,18000
403,2BHK,House,Full,Any,Infocity,Gandhinagar,,Basic,Yes,Yes,Yes,No,Yes,Yes,No,Yes,No,28000
404,1BHK,Flat,Sharing,Boys,Sector 5A,Gandhinagar,,Basic,No,No,No,No,Yes,Yes,No,Yes,No,10000
405,1BHK,Room,Full,Boys,Kudasan,Gandhinagar,,Fully,No,No,Yes,Yes,No,Yes,No,Yes,Yes,18000
406,3BHK,Tenament,Sharing,Any,Infocity,Gandhinagar,,Fully,No,Yes,Yes,Yes,Yes,Yes,Yes,Yes,Yes,37000
407,3BHK,Room,Full,Any,Sector 13,Gandhinagar,,Semi,Yes,No,Yes,Yes,Yes,Yes,Yes,Yes,No,17000
408,1BHK,Tenament,Sharing,Any,Sector 5A,Gandhinagar,,Fully,No,No,No,Yes,No,Yes,No,Yes,Yes,13000
409,1BHK,Flat,Sharing,Girls,Sector 2,Gandhinagar,,Basic,No,No,Yes,No,Yes,Yes,No,Yes,Yes,12000
410,3BHK,Tenament,Full,Girls,Kudasan,Gandhinagar,,Semi,No,Yes,Yes,Yes,Yes,Yes,No,Yes,No,33000
411,2BHK,Flat,Sharing,Family,Sector 5A,Gandhinagar,,Basic,Yes,Yes,No,Yes,No,Yes,No,Yes,Yes,20000
412,1BHK,Flat,Sharing,Any,Sargasan,Gandhinagar,,Fully,Yes,Yes,Yes,Yes,No,Yes,Yes,Yes,Yes,20000
413,1BHK,Tenament,Sharing,Girls,Sector 5A,Gandhinagar,,Basic,No,Yes,No,Yes,No,Yes,Yes,Yes,Yes,13000
414,3BHK,Room,Sharing,Boys,Sector 2,Gandhinagar,,Semi,No,Yes,Yes,Yes,No,Yes,No,Yes,No,29000
415,3BHK,House,Full,Family,Sector 13,Gandhinagar,,Fully,No,Yes,No,No,Yes,Yes,Yes,Yes,Yes,17000
416,3BHK,Flat,Full,Any,Sector 5A,Gandhinagar,,Semi,No,No,No,Yes,Yes,Yes,No,Yes,Yes,26000
417,3BHK,Tenament,Full,Girls,Vavol,Gandhinagar,,Fully,No,Yes,No,Yes,No,Yes,No,Yes,Yes,22000
418,2BHK,House,Full,Any,Sector 13,Gandhinagar,,Semi,Yes,Yes,No,No,Yes,Yes,No,Yes,No,10000
419,2BHK,Tenament,Sharing,Girls,Sargasan,Gandhinagar,,Semi,No,No,No,Yes,Yes,Yes,No,Yes,No,29000
420,1BHK,Tenament,Full,Family,Vavol,Gandhinagar,,Basic,Yes,Yes,Yes,No,Yes,Yes,No,Yes,No,11000
421,1BHK,Room,Full,Any,Infocity,Gandhinagar,,Basic,No,Yes,No,No,Yes,Yes,Yes,Yes,No,19000
422,1BHK,Flat,Sharing,Family,Sargasan,Gandhinagar,,Fully,Yes,No,No,Yes,Yes,Yes,No,Yes,No,20000
423,3BHK,Tenament,Sharing,Girls,Infocity,Gandhinagar,,Basic,Yes,No,No,Yes,Yes,Yes,No,Yes,No,40000
424,1BHK,Room,Sharing,Family,Sector 5A,Gandhinagar,,Basic,No,No,No,No,No,Yes,No,Yes,Yes,13000
425,2BHK,Room,Full,Girls,Kudasan,Gandhinagar,,Semi,No,Yes,No,Yes,No,Yes,Yes,Yes,Yes,23000
426,1BHK,House,Sharing,Boys,Sector 13,Gandhinagar,,Fully,No,No,Yes,Yes,No,Yes,No,Yes,No,8000
427,1BHK,Flat,Sharing,Family,Raysan,Gandhinagar,,Fully,Yes,Yes,No,No,Yes,Yes,Yes,Yes,Yes,17000
428,3BHK,Tenament,Full,Family,Sector 13,Gandhinagar,,Semi,Yes,No,Yes,Yes,No,Yes,No,Yes,No,16000
429,1BHK,Tenament,Full,Boys,Sector 13,Gandhinagar,,Basic,Yes,Yes,No,No,Yes,Yes,No,Yes,Yes,6000
430,1BHK,Flat,Sharing,Any,Sector 13,Gandhinagar,,Fully,Yes,Yes,No,No,No,Yes,No,Yes,No,7000
431,3BHK,Room,Sharing,Boys,Vavol,Gandhinagar,,Fully,Yes,No,Yes,No,Yes,Yes,Yes,Yes,No,24000
432,2BHK,Room,Full,Girls,Kudasan,Gandhinagar,,Basic,No,Yes,Yes,Yes,No,Yes,Yes,Yes,Yes,27000
433,2BHK,Room,Full,Boys,Sargasan,Gandhinagar,,Semi,No,No,Yes,No,No,Yes,No,Yes,No,26000
434,2BHK,Tenament,Full,Girls,Kudasan,Gandhinagar,,Fully,No,Yes,Yes,No,Yes,Yes,No,Yes,No,21000
435,3BHK,House,Sharing,Any,Kudasan,Gandhinagar,,Semi,No,Yes,No,No,Yes,Yes,No,Yes,No,35000
436,1BHK,Tenament,Sharing,Girls,Sector 3,Gandhinagar,,Fully,No,No,No,No,No,Yes,No,Yes,Yes,9000
437,1BHK,Room,Full,Girls,Sector 3,Gandhinagar,,Fully,Yes,No,No,No,Yes,Yes,No,Yes,No,10000
438,1BHK,Flat,Full,Girls,Infocity,Gandhinagar,,Basic,No,Yes,No,No,No,Yes,Yes,Yes,No,22000
439,3BHK,Flat,Sharing,Family,Sector 13,Gandhinagar,,Semi,No,Yes,No,Yes,Yes,Yes,Yes,Yes,No,14000
440,3BHK,House,Sharing,Any,Sector 13,Gandhinagar,,Semi,Yes,Yes,Yes,Yes,No,Yes,No,Yes,Yes,14000
441,3BHK,Room,Sharing,Any,Sector 2,Gandhinagar,,Basic,No,Yes,No,No,Yes,Yes,Yes,Yes,No,25000
442,1BHK,Room,Full,Family,Infocity,Gandhinagar,,Basic,No,No,No,No,Yes,Yes,Yes,Yes,Yes,20000
443,1BHK,Flat,Full,Boys,Kudasan,Gandhinagar,,Fully,No,Yes,Yes,No,No,Yes,No,Yes,No,19000
444,3BHK,Tenament,Full,Boys,Sector 2,Gandhinagar,,Fully,No,No,Yes,Yes,Yes,Yes,No,Yes,Yes,30000
445,1BHK,Flat,Full,Girls,Sector 13,Gandhinagar,,Semi,No,Yes,Yes,Yes,No,Yes,Yes,Yes,Yes,7000
446,1BHK,Flat,Full,Boys,Sector 6,Gandhinagar,,Basic,No,Yes,No,Yes,No,Yes,Yes,Yes,No,15000
447,2BHK,Flat,Sharing,Family,Sector 6,Gandhinagar,,Fully,Yes,No,Yes,Yes,Yes,Yes,Yes,Yes,Yes,21000
448,3BHK,Flat,Sharing,Any,Kudasan,Gandhinagar,,Semi,Yes,No,Yes,Yes,Yes,Yes,Yes,Yes,No,35000
449,3BHK,Flat,Sharing,Boys,Infocity,Gandhinagar,,Fully,No,Yes,No,Yes,Yes,Yes,No,Yes,No,37000
450,1BHK,Room,Full,Family,Sector 5A,Gandhinagar,,Semi,Yes,No,No,No,No,Yes,Yes,Yes,Yes,13000
451,1BHK,Tenament,Sharing,Any,Sector 13,Gandhinagar,,Basic,Yes,No,No,Yes,Yes,Yes,No,Yes,No,7000
452,1BHK,Room,Sharing,Girls,Kudasan,Gandhinagar,,Fully,No,Yes,No,No,Yes,Yes,No,Yes,Yes,16000
453,3BHK,Flat,Sharing,Girls,Kudasan,Gandhinagar,,Basic,Yes,Yes,No,Yes,Yes,Yes,Yes,Yes,Yes,35000
454,1BHK,House,Sharing,Boys,Sector 13,Gandhinagar,,Semi,No,Yes,No,No,Yes,Yes,No,Yes,Yes,6000
455,1BHK,House,Full,Girls,Vavol,Gandhinagar,,Semi,Yes,No,Yes,Yes,No,Yes,No,Yes,No,12000
456,2BHK,Room,Sharing,Girls,Sargasan,Gandhinagar,,Basic,No,No,No,Yes,Yes,Yes,Yes,Yes,Yes,31000
457,3BHK,Tenament,Sharing,Boys,Sector 5A,Gandhinagar,,Semi,Yes,Yes,Yes,Yes,No,Yes,Yes,Yes,Yes,27000
458,1BHK,Tenament,Sharing,Any,Sector 13,Gandhinagar,,Fully,No,Yes,Yes,Yes,Yes,Yes,Yes,Yes,Yes,7000
459,3BHK,Tenament,Sharing,Girls,Sector 2,Gandhinagar,,Basic,Yes,No,Yes,Yes,No,Yes,No,Yes,Yes,29000
460,3BHK,Flat,Sharing,Any,Kudasan,Gandhinagar,,Fully,Yes,No,No,Yes,No,Yes,Yes,Yes,Yes,35000
461,3BHK,Tenament,Full,Any,Sector 5A,Gandhinagar,,Basic,Yes,Yes,Yes,No,No,Yes,No,Yes,No,23000
462,1BHK,Tenament,Full,Girls,Sector 2,Gandhinagar,,Fully,No,No,No,No,No,Yes,Yes,Yes,No,14000
463,1BHK,House,Sharing,Family,Sector 3,Gandhinagar,,Semi,No,No,No,No,No,Yes,Yes,Yes,Yes,10000
464,3BHK,House,Full,Boys,Kudasan,Gandhinagar,,Semi,No,Yes,Yes,Yes,Yes,Yes,No,Yes,Yes,35000
465,1BHK,Tenament,Sharing,Boys,Raysan,Gandhinagar,,Fully,No,Yes,Yes,Yes,Yes,Yes,No,Yes,No,14000
466,1BHK,Flat,Full,Boys,Kudasan,Gandhinagar,,Semi,Yes,Yes,No,Yes,No,Yes,Yes,Yes,Yes,16000
467,1BHK,Room,Sharing,Girls,Sector 13,Gandhinagar,,Basic,No,Yes,Yes,No,Yes,Yes,No,Yes,No,9000
468,3BHK,Flat,Sharing,Girls,Vavol,Gandhinagar,,Basic,No,Yes,No,Yes,Yes,Yes,No,Yes,Yes,19000
469,3BHK,Tenament,Full,Boys,Vavol,Gandhinagar,,Semi,No,No,Yes,No,Yes,Yes,No,Yes,No,18000
470,1BHK,Flat,Sharing,Girls,Sector 3,Gandhinagar,,Semi,No,No,Yes,No,No,Yes,Yes,Yes,No,8000
471,2BHK,Tenament,Sharing,Girls,Infocity,Gandhinagar,,Fully,Yes,No,Yes,No,Yes,Yes,No,Yes,Yes,28000
472,3BHK,Tenament,Sharing,Boys,Sector 3,Gandhinagar,,Basic,No,No,Yes,No,No,Yes,No,Yes,No,19000
473,3BHK,House,Full,Any,Sector 3,Gandhinagar,,Semi,No,Yes,Yes,No,Yes,Yes,No,Yes,No,20000
474,2BHK,Tenament,Sharing,Family,Vavol,Gandhinagar,,Fully,No,Yes,Yes,No,No,Yes,No,Yes,No,12000
475,2BHK,House,Sharing,Family,Sector 5A,Gandhinagar,,Basic,No,Yes,Yes,No,Yes,Yes,Yes,Yes,No,19000
476,3BHK,Room,Sharing,Family,Sector 6,Gandhinagar,,Basic,No,No,No,No,Yes,Yes,No,Yes,Yes,25000
477,1BHK,House,Full,Girls,Sargasan,Gandhinagar,,Fully,Yes,No,Yes,Yes,Yes,Yes,No,Yes,No,20000
478,2BHK,House,Sharing,Girls,Sargasan,Gandhinagar,,Basic,No,No,Yes,Yes,No,Yes,Yes,Yes,Yes,27000
479,1BHK,Room,Full,Family,Kudasan,Gandhinagar,,Fully,No,No,No,No,Yes,Yes,Yes,Yes,No,18000
480,1BHK,Flat,Sharing,Family,Sargasan,Gandhinagar,,Basic,Yes,Yes,No,Yes,Yes,Yes,No,Yes,Yes,18000
481,2BHK,Flat,Full,Family,Vavol,Gandhinagar,,Semi,No,Yes,Yes,Yes,Yes,Yes,No,Yes,Yes,12000
482,1BHK,House,Full,Family,Vavol,Gandhinagar,,Fully,No,Yes,Yes,Yes,No,Yes,Yes,Yes,Yes,10000
483,1BHK,Tenament,Sharing,Family,Sector 6,Gandhinagar,,Fully,Yes,Yes,No,Yes,Yes,Yes,Yes,Yes,Yes,14000
484,1BHK,Tenament,Sharing,Girls,Sector 13,Gandhinagar,,Basic,No,Yes,Yes,No,Yes,Yes,No,Yes,No,8000
485,3BHK,Flat,Sharing,Boys,Sector 3,Gandhinagar,,Fully,No,No,No,Yes,No,Yes,Yes,Yes,Yes,20000
486,1BHK,Room,Full,Family,Sector 2,Gandhinagar,,Basic,Yes,No,Yes,No,Yes,Yes,No,Yes,Yes,13000
487,2BHK,House,Full,Girls,Raysan,Gandhinagar,,Basic,Yes,Yes,No,Yes,Yes,Yes,No,Yes,Yes,19000
488,1BHK,Room,Sharing,Boys,Infocity,Gandhinagar,,Semi,No,Yes,Yes,No,Yes,Yes,No,Yes,No,21000
489,2BHK,Flat,Full,Family,Sector 2,Gandhinagar,,Fully,No,Yes,No,No,No,Yes,No,Yes,No,22000
490,2BHK,Room,Full,Family,Raysan,Gandhinagar,,Basic,Yes,No,Yes,No,Yes,Yes,No,Yes,Yes,26000
491,2BHK,Room,Sharing,Girls,Sector 13,Gandhinagar,,Basic,Yes,Yes,No,No,No,Yes,Yes,Yes,No,11000
492,3BHK,Tenament,Sharing,Boys,Sector 5A,Gandhinagar,,Semi,No,Yes,No,No,Yes,Yes,Yes,Yes,Yes,23000
493,1BHK,Tenament,Full,Any,Sector 2,Gandhinagar,,Fully,No,Yes,Yes,Yes,Yes,Yes,No,Yes,Yes,16000
494,2BHK,House,Full,Boys,Sector 13,Gandhinagar,,Basic,Yes,Yes,Yes,Yes,Yes,Yes,No,Yes,Yes,12000
495,2BHK,House,Full,Family,Sargasan,Gandhinagar,,Fully,No,Yes,No,No,Yes,Yes,Yes,Yes,Yes,25000
496,2BHK,House,Sharing,Girls,Sargasan,Gandhinagar,,Semi,No,No,No,No,Yes,Yes,No,Yes,No,28000
497,3BHK,Tenament,Full,Family,Sector 2,Gandhinagar,,Fully,No,No,Yes,Yes,No,Yes,No,Yes,No,28000
498,1BHK,Tenament,Full,Boys,Vavol,Gandhinagar,,Fully,Yes,Yes,No,No,No,Yes,Yes,Yes,Yes,8000
499,2BHK,Tenament,Full,Boys,Vavol,Gandhinagar,,Semi,No,No,No,No,Yes,Yes,No,Yes,Yes,16000
500,2BHK,House,Sharing,Family,Kudasan,Gandhinagar,,Fully,No,No,No,Yes,Yes,Yes,Yes,Yes,Yes,20000
501,1BHK,Tenament,Sharing,Boys,Raysan,Gandhinagar,,Semi,Yes,No,No,No,Yes,Yes,Yes,Yes,No,12000
502,1BHK,Flat,Sharing,Boys,Vavol,Gandhinagar,,Fully,Yes,Yes,No,No,No,Yes,No,Yes,Yes,10000
503,3BHK,Room,Sharing,Girls,Sector 6,Gandhinagar,,Basic,No,No,Yes,Yes,No,Yes,Yes,Yes,Yes,29000
504,2BHK,House,Sharing,Girls,Sargasan,Gandhinagar,,Fully,No,No,No,Yes,Yes,Yes,No,Yes,No,22000
505,3BHK,Flat,Full,Family,Vavol,Gandhinagar,,Basic,No,No,No,No,Yes,Yes,Yes,Yes,No,24000
506,3BHK,Flat,Full,Girls,Sector 6,Gandhinagar,,Fully,Yes,No,Yes,Yes,No,Yes,Yes,Yes,No,23000
507,3BHK,Tenament,Sharing,Boys,Kudasan,Gandhinagar,,Fully,No,No,Yes,Yes,Yes,Yes,No,Yes,No,31000
508,2BHK,Tenament,Full,Boys,Sector 5A,Gandhinagar,,Fully,No,No,No,Yes,No,Yes,No,Yes,No,17000
509,3BHK,House,Full,Boys,Raysan,Gandhinagar,,Semi,No,Yes,Yes,No,Yes,Yes,No,Yes,Yes,33000
510,2BHK,House,Sharing,Any,Sector 13,Gandhinagar,,Basic,Yes,No,No,Yes,No,Yes,Yes,Yes,Yes,12000
511,1BHK,Tenament,Sharing,Family,Infocity,Gandhinagar,,Fully,No,Yes,No,No,Yes,Yes,Yes,Yes,No,19000
512,1BHK,House,Sharing,Any,Sector 3,Gandhinagar,,Basic,No,No,No,No,No,Yes,Yes,Yes,Yes,8000
513,1BHK,Flat,Full,Family,Kudasan,Gandhinagar,,Semi,Yes,No,Yes,No,No,Yes,No,Yes,Yes,16000
514,2BHK,Flat,Sharing,Boys,Sector 3,Gandhinagar,,Fully,No,No,No,Yes,No,Yes,Yes,Yes,No,14000
515,3BHK,Room,Full,Boys,Sector 5A,Gandhinagar,,Basic,No,Yes,No,Yes,Yes,Yes,No,Yes,Yes,26000
516,2BHK,House,Sharing,Family,Sector 13,Gandhinagar,,Fully,No,Yes,No,No,No,Yes,Yes,Yes,No,11000
517,3BHK,Flat,Full,Any,Sector 5A,Gandhinagar,,Fully,No,Yes,No,No,Yes,Yes,Yes,Yes,Yes,25000
518,2BHK,Room,Sharing,Girls,Vavol,Gandhinagar,,Semi,No,No,No,No,No,Yes,Yes,Yes,No,13000
519,3BHK,Room,Sharing,Boys,Sector 3,Gandhinagar,,Basic,No,Yes,Yes,Yes,No,Yes,Yes,Yes,Yes,19000
520,1BHK,Room,Sharing,Boys,Sector 2,Gandhinagar,,Fully,No,Yes,No,Yes,No,Yes,Yes,Yes,No,12000
521,1BHK,Room,Sharing,Family,Raysan,Gandhinagar,,Semi,No,No,Yes,No,Yes,Yes,No,Yes,No,14000
522,3BHK,Room,Sharing,Any,Kudasan,Gandhinagar,,Semi,Yes,No,No,No,No,Yes,Yes,Yes,Yes,29000
523,2BHK,Tenament,Sharing,Family,Raysan,Gandhinagar,,Basic,Yes,Yes,Yes,Yes,Yes,Yes,No,Yes,No,25000
524,1BHK,Room,Sharing,Girls,Kudasan,Gandhinagar,,Basic,No,No,No,No,No,Yes,No,Yes,Yes,13000
525,1BHK,Flat,Full,Girls,Raysan,Gandhinagar,,Fully,Yes,No,Yes,Yes,No,Yes,Yes,Yes,Yes,13000
526,2BHK,Tenament,Full,Boys,Sector 5A,Gandhinagar,,Semi,Yes,No,No,Yes,Yes,Yes,No,Yes,Yes,19000
527,3BHK,Flat,Full,Girls,Sargasan,Gandhinagar,,Basic,No,Yes,Yes,No,No,Yes,No,Yes,Yes,36000
528,1BHK,Flat,Full,Any,Sector 6,Gandhinagar,,Fully,Yes,Yes,Yes,No,Yes,Yes,No,Yes,No,13000
529,2BHK,Flat,Sharing,Boys,Kudasan,Gandhinagar,,Fully,No,No,No,No,No,Yes,Yes,Yes,Yes,20000
530,3BHK,Room,Sharing,Family,Raysan,Gandhinagar,,Semi,No,No,No,No,No,Yes,Yes,Yes,Yes,27000
531,2BHK,Tenament,Sharing,Boys,Kudasan,Gandhinagar,,Basic,Yes,Yes,No,Yes,Yes,Yes,Yes,Yes,Yes,28000
532,3BHK,Tenament,Sharing,Boys,Kudasan,Gandhinagar,,Fully,No,No,No,Yes,Yes,Yes,Yes,Yes,Yes,32000
533,2BHK,House,Sharing,Family,Infocity,Gandhinagar,,Semi,No,Yes,Yes,No,No,Yes,No,Yes,Yes,24000
534,1BHK,House,Full,Family,Raysan,Gandhinagar,,Basic,Yes,Yes,No,No,No,Yes,No,Yes,Yes,18000
535,3BHK,Room,Sharing,Family,Kudasan,Gandhinagar,,Basic,Yes,Yes,No,No,No,Yes,Yes,Yes,No,34000
536,3BHK,Flat,Sharing,Any,Vavol,Gandhinagar,,Basic,Yes,Yes,Yes,Yes,No,Yes,Yes,Yes,No,22000
537,1BHK,Flat,Sharing,Family,Sector 3,Gandhinagar,,Basic,No,Yes,No,Yes,Yes,Yes,No,Yes,Yes,8000
538,2BHK,House,Sharing,Family,Sector 2,Gandhinagar,,Basic,No,No,Yes,No,No,Yes,No,Yes,Yes,18000
539,2BHK,House,Sharing,Girls,Sector 13,Gandhinagar,,Basic,Yes,No,No,No,No,Yes,Yes,Yes,Yes,13000
540,1BHK,Room,Sharing,Family,Sargasan,Gandhinagar,,Basic,Yes,No,Yes,No,No,Yes,Yes,Yes,No,20000
541,3BHK,Tenament,Full,Family,Sector 6,Gandhinagar,,Basic,Yes,Yes,Yes,No,Yes,Yes,Yes,Yes,Yes,24000
542,1BHK,House,Sharing,Boys,Raysan,Gandhinagar,,Basic,No,No,Yes,Yes,Yes,Yes,Yes,Yes,No,17000
543,2BHK,Room,Sharing,Girls,Raysan,Gandhinagar,,Fully,Yes,Yes,Yes,Yes,Yes,Yes,No,Yes,No,26000
544,1BHK,Tenament,Full,Boys,Infocity,Gandhinagar,,Semi,No,No,Yes,Yes,No,Yes,No,Yes,Yes,22000
545,2BHK,House,Sharing,Girls,Sector 13,Gandhinagar,,Fully,No,Yes,No,No,Yes,Yes,Yes,Yes,Yes,12000
546,2BHK,Room,Sharing,Boys,Sector 6,Gandhinagar,,Semi,No,No,Yes,Yes,Yes,Yes,No,Yes,Yes,20000
547,3BHK,House,Full,Girls,Infocity,Gandhinagar,,Semi,Yes,No,No,No,No,Yes,Yes,Yes,No,35000
548,1BHK,Room,Sharing,Family,Kudasan,Gandhinagar,,Basic,Yes,No,No,No,No,Yes,No,Yes,Yes,19000
549,1BHK,Tenament,Sharing,Any,Sector 3,Gandhinagar,,Basic,No,No,Yes,No,Yes,Yes,Yes,Yes,No,10000
550,1BHK,Tenament,Full,Girls,Vavol,Gandhinagar,,Fully,No,No,Yes,Yes,No,Yes,Yes,Yes,No,11000
551,2BHK,Room,Full,Boys,Raysan,Gandhinagar,,Fully,No,Yes,Yes,No,Yes,Yes,Yes,Yes,No,20000
552,1BHK,Flat,Full,Any,Infocity,Gandhinagar,,Fully,Yes,Yes,No,No,No,Yes,Yes,Yes,No,16000
553,1BHK,Tenament,Sharing,Girls,Sector 2,Gandhinagar,,Fully,Yes,Yes,Yes,No,No,Yes,Yes,Yes,No,11000
554,3BHK,Tenament,Full,Family,Raysan,Gandhinagar,,Semi,Yes,Yes,Yes,Yes,Yes,Yes,Yes,Yes,Yes,33000
555,1BHK,Room,Full,Boys,Raysan,Gandhinagar,,Semi,Yes,No,Yes,No,No,Yes,No,Yes,No,13000
556,2BHK,Tenament,Full,Girls,Sargasan,Gandhinagar,,Basic,Yes,No,No,No,No,Yes,No,Yes,No,29000
557,2BHK,Tenament,Sharing,Girls,Sector 13,Gandhinagar,,Basic,No,No,Yes,No,No,Yes,Yes,Yes,No,11000
558,3BHK,Flat,Sharing,Girls,Sector 6,Gandhinagar,,Fully,No,Yes,Yes,Yes,No,Yes,Yes,Yes,Yes,25000
559,3BHK,Flat,Sharing,Girls,Sector 2,Gandhinagar,,Fully,No,No,Yes,Yes,Yes,Yes,Yes,Yes,Yes,30000
560,1BHK,House,Full,Any,Kudasan,Gandhinagar,,Semi,Yes,No,No,No,Yes,Yes,Yes,Yes,No,17000
561,2BHK,House,Sharing,Any,Sector 6,Gandhinagar,,Basic,Yes,Yes,Yes,No,Yes,Yes,No,Yes,Yes,22000
562,2BHK,Tenament,Sharing,Boys,Sector 5A,Gandhinagar,,Fully,No,Yes,Yes,Yes,No,Yes,Yes,Yes,Yes,18000
563,3BHK,House,Sharing,Boys,Sector 3,Gandhinagar,,Semi,No,No,Yes,Yes,Yes,Yes,Yes,Yes,No,21000
564,2BHK,House,Full,Any,Kudasan,Gandhinagar,,Fully,Yes,Yes,Yes,Yes,No,Yes,Yes,Yes,No,28000
565,3BHK,House,Sharing,Girls,Sector 5A,Gandhinagar,,Fully,Yes,Yes,Yes,No,No,Yes,Yes,Yes,Yes,23000
566,2BHK,House,Sharing,Girls,Sector 3,Gandhinagar,,Semi,Yes,No,Yes,Yes,No,Yes,No,Yes,Yes,14000
567,1BHK,Flat,Full,Family,Raysan,Gandhinagar,,Fully,No,Yes,Yes,No,No,Yes,No,Yes,No,13000
568,2BHK,Flat,Full,Girls,Sector 2,Gandhinagar,,Basic,Yes,Yes,No,Yes,Yes,Yes,Yes,Yes,No,24000
569,1BHK,House,Sharing,Boys,Infocity,Gandhinagar,,Semi,Yes,No,Yes,Yes,Yes,Yes,Yes,Yes,No,17000
570,3BHK,Tenament,Sharing,Girls,Sector 2,Gandhinagar,,Semi,No,No,Yes,Yes,No,Yes,No,Yes,No,25000
571,1BHK,Flat,Sharing,Family,Vavol,Gandhinagar,,Basic,Yes,Yes,No,Yes,Yes,Yes,Yes,Yes,No,11000
572,3BHK,Flat,Full,Boys,Sector 6,Gandhinagar,,Fully,No,Yes,Yes,Yes,Yes,Yes,No,Yes,No,30000
573,3BHK,House,Sharing,Any,Sector 2,Gandhinagar,,Basic,Yes,No,Yes,No,Yes,Yes,Yes,Yes,No,27000
574,1BHK,Room,Full,Boys,Kudasan,Gandhinagar,,Fully,No,Yes,Yes,Yes,No,Yes,Yes,Yes,No,17000
575,1BHK,Room,Sharing,Any,Sargasan,Gandhinagar,,Basic,No,Yes,Yes,No,Yes,Yes,No,Yes,Yes,21000
576,3BHK,Flat,Full,Girls,Sargasan,Gandhinagar,,Semi,No,No,Yes,No,Yes,Yes,Yes,Yes,Yes,39000
577,1BHK,Tenament,Sharing,Family,Sector 13,Gandhinagar,,Semi,No,Yes,Yes,Yes,Yes,Yes,Yes,Yes,No,8000
578,3BHK,Tenament,Full,Boys,Sector 6,Gandhinagar,,Semi,No,No,No,Yes,Yes,Yes,Yes,Yes,No,26000
579,3BHK,Flat,Full,Family,Vavol,Gandhinagar,,Semi,No,Yes,Yes,Yes,Yes,Yes,No,Yes,Yes,21000
580,3BHK,Flat,Full,Girls,Vavol,Gandhinagar,,Semi,No,No,No,Yes,No,Yes,Yes,Yes,No,19000
581,1BHK,House,Full,Girls,Sector 5A,Gandhinagar,,Fully,Yes,No,No,Yes,No,Yes,No,Yes,Yes,11000
582,3BHK,Flat,Full,Any,Sector 6,Gandhinagar,,Basic,Yes,No,No,No,No,Yes,Yes,Yes,No,27000
583,3BHK,Tenament,Full,Boys,Sector 3,Gandhinagar,,Basic,Yes,Yes,Yes,Yes,Yes,Yes,Yes,Yes,No,20000
584,1BHK,Room,Full,Girls,Infocity,Gandhinagar,,Semi,No,Yes,No,Yes,Yes,Yes,Yes,Yes,No,22000
585,2BHK,House,Sharing,Family,Infocity,Gandhinagar,,Basic,No,Yes,No,No,No,Yes,Yes,Yes,Yes,31000
586,2BHK,Room,Sharing,Boys,Raysan,Gandhinagar,,Basic,No,Yes,No,No,No,Yes,Yes,Yes,Yes,21000
587,3BHK,Tenament,Full,Any,Sargasan,Gandhinagar,,Fully,Yes,No,No,Yes,Yes,Yes,Yes,Yes,Yes,33000
588,1BHK,Flat,Sharing,Boys,Sector 13,Gandhinagar,,Semi,Yes,Yes,Yes,Yes,No,Yes,Yes,Yes,No,7000
589,1BHK,Tenament,Full,Girls,Sector 5A,Gandhinagar,,Semi,No,Yes,No,Yes,No,Yes,Yes,Yes,Yes,10000
590,2BHK,Tenament,Full,Girls,Sector 6,Gandhinagar,,Basic,No,Yes,No,Yes,No,Yes,Yes,Yes,No,21000
591,2BHK,House,Sharing,Girls,Raysan,Gandhinagar,,Fully,No,No,Yes,Yes,No,Yes,Yes,Yes,Yes,26000
592,1BHK,Tenament,Full,Boys,Sector 6,Gandhinagar,,Basic,Yes,Yes,Yes,No,Yes,Yes,No,Yes,Yes,15000
593,2BHK,House,Full,Girls,Sector 6,Gandhinagar,,Semi,Yes,No,No,No,Yes,Yes,Yes,Yes,Yes,17000
594,1BHK,House,Sharing,Any,Sector 13,Gandhinagar,,Semi,Yes,Yes,No,Yes,No,Yes,No,Yes,No,9000
595,1BHK,House,Sharing,Boys,Sector 2,Gandhinagar,,Semi,Yes,No,Yes,Yes,No,Yes,Yes,Yes,No,15000
596,2BHK,Flat,Sharing,Any,Kudasan,Gandhinagar,,Semi,Yes,Yes,No,Yes,Yes,Yes,Yes,Yes,Yes,27000
597,3BHK,Flat,Sharing,Boys,Sector 2,Gandhinagar,,Semi,Yes,Yes,Yes,Yes,Yes,Yes,No,Yes,No,32000
598,1BHK,Tenament,Full,Boys,Raysan,Gandhinagar,,Semi,Yes,Yes,No,Yes,Yes,Yes,Yes,Yes,No,18000
599,3BHK,House,Sharing,Girls,Raysan,Gandhinagar,,Semi,Yes,No,No,No,Yes,Yes,Yes,Yes,Yes,27000
600,1BHK,Tenament,Full,Girls,Sector 2,Gandhinagar,,Semi,No,Yes,No,No,No,Yes,Yes,Yes,Yes,16000
601,2BHK,Flat,Full,Any,Kudasan,Gandhinagar,,Semi,No,No,Yes,Yes,Yes,Yes,No,Yes,Yes,22000
602,3BHK,Room,Full,Family,Sector 5A,Gandhinagar,,Basic,Yes,No,No,No,Yes,Yes,Yes,Yes,Yes,23000
603,3BHK,Tenament,Sharing,Family,Sector 2,Gandhinagar,,Fully,No,Yes,No,No,No,Yes,No,Yes,Yes,31000
604,1BHK,Room,Sharing,Any,Vavol,Gandhinagar,,Semi,No,No,Yes,No,Yes,Yes,Yes,Yes,Yes,10000
605,2BHK,Room,Sharing,Any,Vavol,Gandhinagar,,Semi,No,No,No,No,Yes,Yes,Yes,Yes,Yes,16000
606,2BHK,Room,Sharing,Family,Sector 6,Gandhinagar,,Semi,No,No,Yes,No,Yes,Yes,Yes,Yes,No,16000
607,3BHK,Room,Sharing,Girls,Sector 3,Gandhinagar,,Fully,No,Yes,Yes,Yes,No,Yes,No,Yes,Yes,20000
608,3BHK,Room,Full,Family,Sector 5A,Gandhinagar,,Basic,Yes,No,Yes,Yes,Yes,Yes,No,Yes,No,26000
609,2BHK,House,Full,Family,Kudasan,Gandhinagar,,Fully,Yes,No,No,No,Yes,Yes,No,Yes,No,23000
610,3BHK,Tenament,Sharing,Any,Sargasan,Gandhinagar,,Basic,No,Yes,No,No,No,Yes,No,Yes,Yes,31000
611,3BHK,Tenament,Full,Family,Sector 6,Gandhinagar,,Fully,Yes,Yes,Yes,No,Yes,Yes,No,Yes,Yes,29000
612,1BHK,Flat,Full,Boys,Vavol,Gandhinagar,,Semi,No,No,Yes,No,Yes,Yes,Yes,Yes,No,11000
613,3BHK,House,Sharing,Girls,Kudasan,Gandhinagar,,Semi,No,Yes,No,No,No,Yes,No,Yes,Yes,36000
614,2BHK,Tenament,Sharing,Family,Raysan,Gandhinagar,,Fully,No,Yes,No,No,Yes,Yes,Yes,Yes,Yes,26000
615,1BHK,House,Sharing,Family,Sargasan,Gandhinagar,,Fully,No,Yes,No,Yes,Yes,Yes,Yes,Yes,Yes,17000
616,2BHK,Tenament,Full,Boys,Raysan,Gandhinagar,,Fully,No,No,Yes,No,No,Yes,Yes,Yes,No,23000
617,1BHK,Room,Full,Girls,Kudasan,Gandhinagar,,Semi,No,Yes,Yes,No,Yes,Yes,Yes,Yes,Yes,17000
618,2BHK,Tenament,Sharing,Family,Sargasan,Gandhinagar,,Basic,Yes,No,Yes,No,Yes,Yes,Yes,Yes,No,23000
619,2BHK,House,Sharing,Girls,Kudasan,Gandhinagar,,Fully,Yes,No,Yes,Yes,Yes,Yes,No,Yes,Yes,29000
620,2BHK,Flat,Sharing,Girls,Raysan,Gandhinagar,,Fully,Yes,Yes,No,No,Yes,Yes,Yes,Yes,No,24000
621,1BHK,Room,Full,Girls,Sector 6,Gandhinagar,,Basic,No,No,Yes,No,Yes,Yes,Yes,Yes,No,10000
622,2BHK,Flat,Full,Any,Kudasan,Gandhinagar,,Semi,Yes,Yes,No,Yes,Yes,Yes,No,Yes,Yes,22000
623,3BHK,Flat,Sharing,Boys,Sector 2,Gandhinagar,,Fully,No,No,No,Yes,Yes,Yes,No,Yes,Yes,27000
624,1BHK,Tenament,Full,Girls,Sargasan,Gandhinagar,,Basic,Yes,No,No,Yes,Yes,Yes,Yes,Yes,No,15000
625,2BHK,Flat,Full,Any,Infocity,Gandhinagar,,Fully,No,No,No,No,No,Yes,Yes,Yes,No,31000
626,2BHK,Tenament,Sharing,Boys,Vavol,Gandhinagar,,Semi,Yes,Yes,Yes,Yes,No,Yes,Yes,Yes,No,16000
627,3BHK,Flat,Sharing,Boys,Sector 13,Gandhinagar,,Semi,Yes,No,No,Yes,Yes,Yes,No,Yes,Yes,15000
628,1BHK,Room,Full,Any,Sector 6,Gandhinagar,,Basic,No,Yes,Yes,Yes,No,Yes,Yes,Yes,Yes,15000
629,3BHK,Tenament,Full,Girls,Sargasan,Gandhinagar,,Semi,Yes,No,Yes,No,Yes,Yes,Yes,Yes,Yes,38000
630,3BHK,Tenament,Full,Family,Sargasan,Gandhinagar,,Semi,Yes,No,No,Yes,Yes,Yes,Yes,Yes,No,36000
631,3BHK,Flat,Sharing,Any,Sector 13,Gandhinagar,,Fully,Yes,Yes,Yes,Yes,No,Yes,No,Yes,No,17000
632,2BHK,Flat,Full,Boys,Raysan,Gandhinagar,,Basic,Yes,No,Yes,No,Yes,Yes,Yes,Yes,No,20000
633,2BHK,Room,Full,Boys,Raysan,Gandhinagar,,Semi,Yes,No,No,No,Yes,Yes,No,Yes,Yes,25000
634,2BHK,Flat,Sharing,Any,Sector 5A,Gandhinagar,,Fully,Yes,No,Yes,Yes,Yes,Yes,No,Yes,No,14000
635,2BHK,Flat,Full,Family,Raysan,Gandhinagar,,Basic,Yes,Yes,No,Yes,Yes,Yes,Yes,Yes,No,18000
636,1BHK,House,Full,Girls,Vavol,Gandhinagar,,Semi,Yes,Yes,No,Yes,No,Yes,No,Yes,No,10000
637,1BHK,Room,Full,Girls,Infocity,Gandhinagar,,Fully,No,No,No,Yes,No,Yes,Yes,Yes,No,19000
638,3BHK,Room,Sharing,Girls,Vavol,Gandhinagar,,Fully,No,No,No,Yes,No,Yes,Yes,Yes,Yes,20000
639,2BHK,Room,Sharing,Girls,Vavol,Gandhinagar,,Semi,Yes,No,No,Yes,Yes,Yes,Yes,Yes,Yes,13000
640,3BHK,Room,Full,Family,Kudasan,Gandhinagar,,Fully,No,Yes,No,Yes,No,Yes,No,Yes,No,34000
641,1BHK,Room,Full,Family,Sector 2,Gandhinagar,,Semi,No,Yes,No,Yes,Yes,Yes,Yes,Yes,Yes,13000
642,3BHK,Flat,Sharing,Any,Infocity,Gandhinagar,,Fully,Yes,No,No,Yes,No,Yes,No,Yes,No,43000
643,3BHK,Flat,Sharing,Girls,Sector 5A,Gandhinagar,,Semi,No,No,No,No,Yes,Yes,Yes,Yes,No,25000
644,1BHK,Room,Full,Girls,Infocity,Gandhinagar,,Semi,Yes,No,Yes,Yes,Yes,Yes,No,Yes,Yes,21000
645,1BHK,Tenament,Sharing,Any,Sector 5A,Gandhinagar,,Basic,Yes,Yes,No,Yes,No,Yes,No,Yes,No,11000
646,2BHK,Room,Full,Girls,Sector 3,Gandhinagar,,Fully,Yes,No,Yes,Yes,No,Yes,Yes,Yes,No,12000
647,1BHK,Flat,Sharing,Girls,Sector 3,Gandhinagar,,Fully,No,No,Yes,Yes,No,Yes,Yes,Yes,No,7000
648,3BHK,Room,Full,Family,Sector 13,Gandhinagar,,Fully,No,Yes,No,No,No,Yes,Yes,Yes,No,18000
649,2BHK,Tenament,Full,Family,Sector 3,Gandhinagar,,Semi,Yes,No,No,No,No,Yes,No,Yes,Yes,12000
650,1BHK,Flat,Sharing,Boys,Sector 6,Gandhinagar,,Basic,No,Yes,No,No,No,Yes,No,Yes,No,12000
651,2BHK,Room,Full,Any,Sector 3,Gandhinagar,,Semi,No,No,No,Yes,No,Yes,Yes,Yes,No,14000
652,2BHK,Flat,Full,Family,Sector 5A,Gandhinagar,,Fully,Yes,Yes,No,No,Yes,Yes,No,Yes,Yes,16000
653,2BHK,House,Sharing,Boys,Sector 3,Gandhinagar,,Semi,No,No,No,Yes,No,Yes,Yes,Yes,No,14000
654,2BHK,Tenament,Full,Boys,Raysan,Gandhinagar,,Semi,No,Yes,No,No,Yes,Yes,No,Yes,No,18000
655,2BHK,House,Full,Girls,Sector 13,Gandhinagar,,Basic,Yes,Yes,No,Yes,No,Yes,No,Yes,No,9000
656,1BHK,Flat,Full,Girls,Sargasan,Gandhinagar,,Fully,Yes,Yes,Yes,No,Yes,Yes,No,Yes,Yes,16000
657,2BHK,Flat,Full,Girls,Raysan,Gandhinagar,,Basic,Yes,No,No,No,No,Yes,No,Yes,No,22000
658,2BHK,Tenament,Full,Boys,Vavol,Gandhinagar,,Fully,Yes,Yes,No,Yes,Yes,Yes,No,Yes,Yes,12000
659,1BHK,House,Sharing,Family,Sector 2,Gandhinagar,,Basic,Yes,Yes,No,No,No,Yes,No,Yes,Yes,14000
660,1BHK,House,Sharing,Boys,Sector 6,Gandhinagar,,Fully,No,Yes,Yes,No,No,Yes,No,Yes,No,13000
661,1BHK,Tenament,Full,Boys,Vavol,Gandhinagar,,Basic,Yes,Yes,Yes,Yes,Yes,Yes,No,Yes,No,10000
662,3BHK,Room,Sharing,Girls,Sector 3,Gandhinagar,,Fully,Yes,Yes,No,Yes,Yes,Yes,No,Yes,No,16000
663,3BHK,Flat,Sharing,Girls,Sector 13,Gandhinagar,,Fully,Yes,No,Yes,Yes,Yes,Yes,No,Yes,No,17000
664,1BHK,Tenament,Full,Family,Raysan,Gandhinagar,,Semi,Yes,No,No,No,Yes,Yes,No,Yes,No,16000
665,1BHK,Flat,Full,Family,Vavol,Gandhinagar,,Fully,No,No,No,Yes,Yes,Yes,No,Yes,Yes,9000
666,3BHK,House,Sharing,Any,Infocity,Gandhinagar,,Fully,Yes,Yes,Yes,No,No,Yes,No,Yes,No,34000
667,1BHK,House,Sharing,Family,Vavol,Gandhinagar,,Basic,Yes,Yes,No,No,Yes,Yes,No,Yes,Yes,9000
668,2BHK,Tenament,Full,Boys,Infocity,Gandhinagar,,Semi,No,Yes,No,Yes,Yes,Yes,No,Yes,Yes,26000
669,3BHK,Room,Full,Family,Sector 2,Gandhinagar,,Basic,Yes,No,Yes,No,Yes,Yes,Yes,Yes,No,30000
670,3BHK,Room,Sharing,Family,Sector 6,Gandhinagar,,Semi,Yes,Yes,Yes,No,No,Yes,Yes,Yes,Yes,29000
671,1BHK,Room,Sharing,Boys,Sector 13,Gandhinagar,,Fully,No,No,No,No,No,Yes,No,Yes,No,6000
672,2BHK,House,Sharing,Girls,Sector 3,Gandhinagar,,Semi,No,No,No,No,Yes,Yes,No,Yes,Yes,11000
673,3BHK,Tenament,Sharing,Girls,Kudasan,Gandhinagar,,Semi,Yes,Yes,Yes,No,No,Yes,No,Yes,Yes,37000
674,3BHK,House,Sharing,Girls,Vavol,Gandhinagar,,Fully,No,No,Yes,Yes,No,Yes,Yes,Yes,No,21000
675,1BHK,House,Full,Any,Sector 13,Gandhinagar,,Fully,Yes,Yes,Yes,Yes,Yes,Yes,No,Yes,Yes,8000
676,1BHK,House,Sharing,Girls,Sector 5A,Gandhinagar,,Semi,No,No,No,No,No,Yes,No,Yes,Yes,12000
677,1BHK,House,Full,Girls,Kudasan,Gandhinagar,,Semi,Yes,Yes,Yes,No,Yes,Yes,Yes,Yes,Yes,14000
678,2BHK,Room,Full,Boys,Vavol,Gandhinagar,,Fully,Yes,No,Yes,No,No,Yes,Yes,Yes,No,14000
679,1BHK,Room,Full,Boys,Sector 13,Gandhinagar,,Fully,No,No,No,Yes,No,Yes,No,Yes,Yes,7000
680,2BHK,House,Full,Girls,Sector 5A,Gandhinagar,,Fully,No,Yes,Yes,Yes,Yes,Yes,Yes,Yes,Yes,14000
681,2BHK,Flat,Sharing,Boys,Sector 2,Gandhinagar,,Semi,No,Yes,No,Yes,No,Yes,Yes,Yes,No,18000
682,1BHK,Tenament,Sharing,Any,Sector 13,Gandhinagar,,Basic,Yes,No,Yes,Yes,No,Yes,No,Yes,No,7000
683,3BHK,Tenament,Full,Family,Infocity,Gandhinagar,,Basic,Yes,No,Yes,Yes,No,Yes,No,Yes,No,45000
684,3BHK,Flat,Sharing,Family,Sector 3,Gandhinagar,,Basic,Yes,No,No,Yes,Yes,Yes,Yes,Yes,Yes,19000
685,3BHK,Room,Sharing,Boys,Infocity,Gandhinagar,,Fully,Yes,No,Yes,Yes,Yes,Yes,No,Yes,Yes,41000
686,3BHK,Tenament,Full,Family,Sector 13,Gandhinagar,,Basic,Yes,No,No,Yes,No,Yes,Yes,Yes,Yes,16000
687,3BHK,House,Full,Boys,Vavol,Gandhinagar,,Fully,Yes,No,Yes,Yes,No,Yes,No,Yes,No,24000
688,1BHK,Room,Full,Girls,Sector 5A,Gandhinagar,,Basic,Yes,Yes,No,Yes,No,Yes,No,Yes,No,13000
689,2BHK,Flat,Full,Any,Kudasan,Gandhinagar,,Basic,Yes,Yes,No,No,No,Yes,Yes,Yes,Yes,27000
690,1BHK,Room,Full,Family,Sector 2,Gandhinagar,,Semi,Yes,Yes,Yes,No,Yes,Yes,Yes,Yes,Yes,13000
691,1BHK,Flat,Full,Any,Kudasan,Gandhinagar,,Basic,No,Yes,Yes,Yes,Yes,Yes,Yes,Yes,No,14000
692,2BHK,Tenament,Sharing,Family,Kudasan,Gandhinagar,,Semi,Yes,Yes,Yes,No,Yes,Yes,Yes,Yes,Yes,26000
693,2BHK,Flat,Full,Girls,Infocity,Gandhinagar,,Basic,No,Yes,No,No,Yes,Yes,Yes,Yes,No,29000
694,1BHK,Room,Sharing,Boys,Raysan,Gandhinagar,,Semi,Yes,No,No,Yes,Yes,Yes,No,Yes,No,14000
695,2BHK,Flat,Sharing,Family,Vavol,Gandhinagar,,Fully,No,Yes,No,No,No,Yes,No,Yes,No,14000
696,3BHK,Room,Sharing,Any,Infocity,Gandhinagar,,Basic,Yes,No,Yes,Yes,No,Yes,Yes,Yes,Yes,40000
697,2BHK,House,Sharing,Girls,Raysan,Gandhinagar,,Basic,Yes,Yes,No,Yes,No,Yes,Yes,Yes,Yes,21000
698,2BHK,Flat,Sharing,Boys,Raysan,Gandhinagar,,Semi,No,Yes,Yes,Yes,Yes,Yes,Yes,Yes,No,20000
699,3BHK,Tenament,Full,Girls,Vavol,Gandhinagar,,Semi,No,No,Yes,No,No,Yes,Yes,Yes,Yes,18000
700,1BHK,Room,Full,Any,Kudasan,Gandhinagar,,Basic,No,No,No,Yes,No,Yes,Yes,Yes,Yes,18000
701,2BHK,Room,Sharing,Family,Sector 5A,Gandhinagar,,Semi,No,No,Yes,No,Yes,Yes,Yes,Yes,No,19000
702,3BHK,Tenament,Sharing,Any,Sargasan,Gandhinagar,,Basic,Yes,Yes,Yes,Yes,No,Yes,No,Yes,No,33000
703,3BHK,Flat,Sharing,Boys,Sector 2,Gandhinagar,,Semi,Yes,Yes,No,No,No,Yes,Yes,Yes,Yes,29000
704,3BHK,Tenament,Full,Any,Sector 3,Gandhinagar,,Basic,No,No,Yes,No,No,Yes,Yes,Yes,Yes,18000
705,1BHK,Tenament,Full,Boys,Sector 5A,Gandhinagar,,Semi,Yes,Yes,No,No,Yes,Yes,Yes,Yes,Yes,9000
706,3BHK,Tenament,Full,Family,Sector 6,Gandhinagar,,Semi,Yes,No,No,Yes,Yes,Yes,Yes,Yes,No,25000
707,1BHK,Room,Full,Boys,Sector 3,Gandhinagar,,Semi,Yes,Yes,Yes,No,No,Yes,No,Yes,No,10000
708,3BHK,Tenament,Full,Family,Raysan,Gandhinagar,,Semi,No,Yes,Yes,No,No,Yes,No,Yes,No,30000
709,2BHK,Room,Sharing,Family,Infocity,Gandhinagar,,Fully,No,No,No,No,No,Yes,No,Yes,No,25000
710,1BHK,House,Full,Family,Raysan,Gandhinagar,,Fully,Yes,No,Yes,Yes,No,Yes,Yes,Yes,Yes,12000
711,1BHK,Tenament,Sharing,Boys,Sector 5A,Gandhinagar,,Basic,No,No,Yes,Yes,No,Yes,No,Yes,No,12000
712,2BHK,Tenament,Full,Girls,Vavol,Gandhinagar,,Semi,No,Yes,Yes,No,Yes,Yes,Yes,Yes,No,14000
713,1BHK,House,Full,Family,Sector 6,Gandhinagar,,Fully,No,Yes,No,No,Yes,Yes,No,Yes,Yes,13000
714,1BHK,Tenament,Full,Girls,Infocity,Gandhinagar,,Basic,No,No,Yes,Yes,Yes,Yes,Yes,Yes,Yes,15000
715,3BHK,House,Sharing,Family,Sector 6,Gandhinagar,,Basic,Yes,Yes,No,Yes,No,Yes,Yes,Yes,Yes,23000
716,3BHK,House,Full,Family,Vavol,Gandhinagar,,Basic,No,Yes,Yes,Yes,Yes,Yes,No,Yes,Yes,24000
717,1BHK,Flat,Sharing,Family,Sector 5A,Gandhinagar,,Basic,No,No,Yes,Yes,Yes,Yes,No,Yes,No,12000
718,1BHK,Tenament,Sharing,Girls,Sector 3,Gandhinagar,,Basic,No,Yes,No,Yes,Yes,Yes,No,Yes,Yes,10000
719,2BHK,House,Sharing,Girls,Sector 2,Gandhinagar,,Semi,No,Yes,No,Yes,Yes,Yes,Yes,Yes,No,17000
720,1BHK,Room,Full,Any,Sector 6,Gandhinagar,,Semi,Yes,Yes,Yes,Yes,Yes,Yes,No,Yes,No,11000
721,2BHK,Room,Full,Boys,Sector 13,Gandhinagar,,Fully,Yes,Yes,Yes,Yes,No,Yes,No,Yes,No,10000
722,3BHK,Room,Full,Boys,Kudasan,Gandhinagar,,Semi,Yes,Yes,Yes,Yes,No,Yes,No,Yes,Yes,35000
723,2BHK,Flat,Sharing,Boys,Sector 6,Gandhinagar,,Basic,No,No,Yes,Yes,No,Yes,No,Yes,Yes,20000
724,3BHK,Flat,Full,Family,Vavol,Gandhinagar,,Semi,No,No,No,No,No,Yes,Yes,Yes,Yes,21000
725,3BHK,Tenament,Full,Family,Raysan,Gandhinagar,,Fully,Yes,No,No,No,Yes,Yes,No,Yes,Yes,32000
726,2BHK,House,Full,Girls,Raysan,Gandhinagar,,Fully,No,No,Yes,No,No,Yes,Yes,Yes,No,19000
727,3BHK,House,Sharing,Boys,Raysan,Gandhinagar,,Basic,Yes,Yes,Yes,No,No,Yes,No,Yes,Yes,34000
728,1BHK,House,Full,Boys,Vavol,Gandhinagar,,Fully,No,No,Yes,Yes,Yes,Yes,No,Yes,Yes,10000
729,3BHK,Tenament,Sharing,Boys,Sector 5A,Gandhinagar,,Fully,Yes,No,Yes,Yes,No,Yes,Yes,Yes,Yes,21000
730,1BHK,Room,Full,Girls,Kudasan,Gandhinagar,,Fully,Yes,Yes,Yes,Yes,Yes,Yes,Yes,Yes,No,17000
731,1BHK,House,Sharing,Girls,Kudasan,Gandhinagar,,Fully,No,Yes,Yes,No,No,Yes,Yes,Yes,Yes,15000
732,1BHK,House,Full,Family,Sector 2,Gandhinagar,,Fully,No,No,No,Yes,No,Yes,No,Yes,Yes,14000
733,3BHK,Flat,Full,Boys,Vavol,Gandhinagar,,Semi,No,No,Yes,Yes,No,Yes,No,Yes,Yes,19000
734,3BHK,Flat,Sharing,Family,Sector 3,Gandhinagar,,Semi,Yes,No,Yes,No,Yes,Yes,No,Yes,Yes,21000
735,2BHK,Room,Full,Girls,Raysan,Gandhinagar,,Semi,No,Yes,No,No,Yes,Yes,Yes,Yes,Yes,18000
736,2BHK,Tenament,Full,Girls,Vavol,Gandhinagar,,Semi,No,No,No,Yes,No,Yes,No,Yes,Yes,13000
737,2BHK,Flat,Sharing,Any,Sector 2,Gandhinagar,,Fully,Yes,Yes,No,Yes,No,Yes,Yes,Yes,No,19000
738,3BHK,House,Full,Any,Sector 6,Gandhinagar,,Semi,Yes,No,No,No,No,Yes,No,Yes,Yes,28000
739,1BHK,House,Sharing,Boys,Raysan,Gandhinagar,,Semi,No,Yes,Yes,Yes,No,Yes,Yes,Yes,Yes,18000
740,2BHK,House,Full,Any,Sector 13,Gandhinagar,,Semi,Yes,No,Yes,Yes,Yes,Yes,Yes,Yes,No,10000
741,2BHK,House,Full,Any,Sector 3,Gandhinagar,,Semi,Yes,No,Yes,No,Yes,Yes,Yes,Yes,Yes,11000
742,1BHK,House,Full,Boys,Sector 6,Gandhinagar,,Semi,No,No,Yes,No,No,Yes,No,Yes,No,13000
743,2BHK,Room,Sharing,Family,Vavol,Gandhinagar,,Fully,No,No,Yes,Yes,Yes,Yes,Yes,Yes,Yes,13000
744,1BHK,Room,Full,Any,Sector 5A,Gandhinagar,,Basic,Yes,No,No,Yes,Yes,Yes,Yes,Yes,Yes,13000
745,1BHK,Room,Sharing,Any,Sector 3,Gandhinagar,,Semi,No,No,No,No,Yes,Yes,No,Yes,No,9000
746,1BHK,House,Sharing,Boys,Kudasan,Gandhinagar,,Basic,Yes,No,Yes,No,No,Yes,No,Yes,Yes,14000
747,3BHK,Flat,Full,Boys,Vavol,Gandhinagar,,Fully,No,No,No,No,Yes,Yes,No,Yes,Yes,23000
748,1BHK,Room,Full,Girls,Vavol,Gandhinagar,,Fully,No,No,No,No,No,Yes,No,Yes,Yes,11000
749,1BHK,House,Full,Family,Sector 2,Gandhinagar,,Fully,No,Yes,Yes,No,No,Yes,No,Yes,Yes,13000
750,3BHK,Tenament,Sharing,Any,Sector 5A,Gandhinagar,,Basic,Yes,Yes,Yes,Yes,No,Yes,Yes,Yes,Yes,21000
751,2BHK,Flat,Full,Family,Kudasan,Gandhinagar,,Fully,Yes,No,No,Yes,No,Yes,No,Yes,No,22000
752,2BHK,Room,Full,Family,Sargasan,Gandhinagar,,Semi,No,Yes,Yes,Yes,Yes,Yes,Yes,Yes,Yes,27000
753,2BHK,House,Sharing,Girls,Sargasan,Gandhinagar,,Fully,No,No,Yes,No,Yes,Yes,No,Yes,Yes,22000
754,1BHK,Flat,Full,Girls,Sector 6,Gandhinagar,,Fully,Yes,No,Yes,Yes,No,Yes,Yes,Yes,No,14000
755,1BHK,Tenament,Sharing,Any,Sector 3,Gandhinagar,,Fully,Yes,Yes,No,No,Yes,Yes,Yes,Yes,Yes,9000
756,2BHK,Tenament,Sharing,Any,Raysan,Gandhinagar,,Fully,Yes,Yes,Yes,Yes,Yes,Yes,Yes,Yes,Yes,22000
757,1BHK,Room,Full,Any,Sector 5A,Gandhinagar,,Basic,No,No,No,No,No,Yes,Yes,Yes,Yes,10000
758,1BHK,Room,Sharing,Family,Infocity,Gandhinagar,,Semi,No,No,No,No,Yes,Yes,Yes,Yes,Yes,22000
759,1BHK,Flat,Sharing,Family,Sargasan,Gandhinagar,,Fully,Yes,No,No,No,Yes,Yes,No,Yes,Yes,14000
760,2BHK,Tenament,Sharing,Girls,Sector 5A,Gandhinagar,,Basic,No,No,Yes,Yes,Yes,Yes,No,Yes,Yes,16000
761,3BHK,Room,Full,Any,Sector 2,Gandhinagar,,Basic,Yes,No,No,No,No,Yes,Yes,Yes,No,30000
762,2BHK,Tenament,Full,Family,Sector 2,Gandhinagar,,Semi,No,No,Yes,No,No,Yes,No,Yes,No,20000
763,3BHK,House,Sharing,Any,Kudasan,Gandhinagar,,Fully,No,No,Yes,Yes,Yes,Yes,Yes,Yes,No,33000
764,2BHK,House,Full,Boys,Sargasan,Gandhinagar,,Fully,No,No,No,Yes,Yes,Yes,Yes,Yes,No,26000
765,3BHK,Tenament,Sharing,Girls,Sector 6,Gandhinagar,,Semi,Yes,Yes,No,No,No,Yes,No,Yes,Yes,29000
766,3BHK,Flat,Full,Girls,Sector 6,Gandhinagar,,Semi,No,No,Yes,No,Yes,Yes,No,Yes,Yes,28000
767,3BHK,Tenament,Sharing,Boys,Kudasan,Gandhinagar,,Fully,No,No,Yes,No,Yes,Yes,Yes,Yes,No,33000
768,2BHK,Room,Sharing,Boys,Raysan,Gandhinagar,,Basic,No,No,Yes,No,Yes,Yes,Yes,Yes,Yes,23000
769,2BHK,Flat,Full,Any,Infocity,Gandhinagar,,Basic,Yes,No,Yes,No,No,Yes,Yes,Yes,Yes,24000
770,3BHK,Flat,Sharing,Girls,Sargasan,Gandhinagar,,Semi,Yes,No,Yes,Yes,No,Yes,Yes,Yes,Yes,36000
771,2BHK,Room,Sharing,Family,Sector 6,Gandhinagar,,Basic,Yes,No,No,Yes,Yes,Yes,No,Yes,No,18000
772,1BHK,Flat,Sharing,Family,Sector 13,Gandhinagar,,Semi,No,Yes,Yes,No,Yes,Yes,No,Yes,Yes,6000
773,3BHK,Flat,Sharing,Family,Sector 13,Gandhinagar,,Basic,No,No,No,No,Yes,Yes,No,Yes,No,17000
774,3BHK,House,Full,Girls,Sector 13,Gandhinagar,,Semi,Yes,No,Yes,Yes,No,Yes,No,Yes,No,13000
775,2BHK,Tenament,Full,Boys,Infocity,Gandhinagar,,Fully,No,Yes,No,Yes,Yes,Yes,Yes,Yes,Yes,30000
776,2BHK,House,Full,Boys,Infocity,Gandhinagar,,Semi,Yes,Yes,No,No,Yes,Yes,No,Yes,No,28000
777,2BHK,Tenament,Sharing,Girls,Raysan,Gandhinagar,,Semi,Yes,Yes,Yes,No,No,Yes,Yes,Yes,No,25000
778,1BHK,Room,Sharing,Any,Raysan,Gandhinagar,,Fully,Yes,No,Yes,Yes,No,Yes,No,Yes,Yes,17000
779,1BHK,House,Full,Family,Sargasan,Gandhinagar,,Fully,Yes,No,No,No,No,Yes,Yes,Yes,Yes,14000
780,3BHK,House,Full,Boys,Sector 5A,Gandhinagar,,Fully,No,No,No,No,Yes,Yes,No,Yes,No,20000
781,1BHK,Tenament,Full,Girls,Sector 2,Gandhinagar,,Semi,Yes,Yes,Yes,Yes,No,Yes,No,Yes,No,15000
782,2BHK,Room,Sharing,Any,Kudasan,Gandhinagar,,Semi,No,No,Yes,No,No,Yes,Yes,Yes,Yes,21000
783,2BHK,House,Sharing,Girls,Sector 3,Gandhinagar,,Semi,Yes,No,No,Yes,No,Yes,Yes,Yes,No,12000
784,2BHK,Tenament,Full,Any,Raysan,Gandhinagar,,Semi,No,No,No,No,Yes,Yes,No,Yes,No,19000
785,1BHK,Tenament,Sharing,Any,Sargasan,Gandhinagar,,Semi,Yes,Yes,Yes,Yes,Yes,Yes,Yes,Yes,Yes,18000
786,2BHK,Flat,Full,Boys,Kudasan,Gandhinagar,,Basic,No,Yes,Yes,Yes,Yes,Yes,Yes,Yes,No,26000
787,1BHK,Room,Full,Any,Sector 13,Gandhinagar,,Basic,No,No,Yes,No,Yes,Yes,Yes,Yes,Yes,8000
788,2BHK,Room,Sharing,Any,Sector 2,Gandhinagar,,Semi,Yes,Yes,Yes,Yes,No,Yes,No,Yes,Yes,20000
789,3BHK,Room,Sharing,Any,Vavol,Gandhinagar,,Fully,Yes,No,Yes,No,Yes,Yes,No,Yes,No,19000
790,1BHK,Room,Full,Any,Kudasan,Gandhinagar,,Semi,Yes,Yes,No,Yes,Yes,Yes,No,Yes,No,13000
791,1BHK,Room,Full,Girls,Vavol,Gandhinagar,,Fully,No,Yes,Yes,Yes,Yes,Yes,No,Yes,No,11000
792,1BHK,Room,Sharing,Girls,Infocity,Gandhinagar,,Basic,No,Yes,Yes,No,Yes,Yes,Yes,Yes,Yes,17000
793,1BHK,Flat,Full,Boys,Sargasan,Gandhinagar,,Semi,Yes,No,Yes,No,No,Yes,Yes,Yes,Yes,20000
794,1BHK,Flat,Sharing,Boys,Infocity,Gandhinagar,,Fully,Yes,Yes,No,Yes,No,Yes,No,Yes,No,19000
795,2BHK,House,Full,Family,Sargasan,Gandhinagar,,Basic,No,No,No,No,No,Yes,No,Yes,Yes,30000
796,3BHK,Tenament,Sharing,Any,Kudasan,Gandhinagar,,Semi,No,Yes,Yes,No,No,Yes,Yes,Yes,Yes,36000
797,1BHK,Tenament,Full,Family,Vavol,Gandhinagar,,Semi,No,No,Yes,No,Yes,Yes,No,Yes,Yes,10000
798,3BHK,Flat,Full,Any,Sector 2,Gandhinagar,,Semi,No,Yes,Yes,Yes,No,Yes,Yes,Yes,No,30000
799,2BHK,Tenament,Sharing,Any,Sector 3,Gandhinagar,,Basic,No,No,No,Yes,No,Yes,Yes,Yes,Yes,13000
800,3BHK,Tenament,Full,Boys,Sargasan,Gandhinagar,,Fully,Yes,Yes,Yes,No,Yes,Yes,No,Yes,No,33000
801,3BHK,House,Full,Family,Sector 3,Gandhinagar,,Basic,No,No,Yes,No,Yes,Yes,Yes,Yes,No,18000
802,3BHK,Flat,Sharing,Boys,Sargasan,Gandhinagar,,Semi,No,No,No,Yes,No,Yes,Yes,Yes,Yes,41000
803,1BHK,House,Sharing,Girls,Raysan,Gandhinagar,,Fully,Yes,No,No,Yes,No,Yes,Yes,Yes,Yes,16000
804,2BHK,Room,Sharing,Boys,Raysan,Gandhinagar,,Basic,No,No,No,Yes,Yes,Yes,Yes,Yes,Yes,19000
805,2BHK,Flat,Full,Boys,Sector 5A,Gandhinagar,,Semi,Yes,No,Yes,Yes,Yes,Yes,No,Yes,Yes,17000
806,2BHK,Flat,Full,Boys,Sector 5A,Gandhinagar,,Basic,Yes,Yes,No,Yes,Yes,Yes,Yes,Yes,Yes,19000
807,2BHK,Room,Full,Family,Sargasan,Gandhinagar,,Fully,Yes,No,No,Yes,Yes,Yes,Yes,Yes,Yes,25000
808,2BHK,Tenament,Full,Any,Sector 13,Gandhinagar,,Basic,Yes,Yes,Yes,No,No,Yes,No,Yes,No,12000
809,1BHK,Room,Full,Boys,Sector 5A,Gandhinagar,,Semi,No,No,No,No,No,Yes,Yes,Yes,No,12000
810,1BHK,Tenament,Full,Family,Vavol,Gandhinagar,,Semi,Yes,Yes,No,No,Yes,Yes,No,Yes,Yes,12000
811,3BHK,Room,Full,Boys,Vavol,Gandhinagar,,Basic,No,No,Yes,Yes,Yes,Yes,Yes,Yes,No,20000
812,3BHK,Tenament,Full,Any,Sector 3,Gandhinagar,,Fully,Yes,Yes,Yes,No,No,Yes,No,Yes,Yes,17000
813,2BHK,Flat,Sharing,Family,Sector 2,Gandhinagar,,Semi,No,No,Yes,Yes,Yes,Yes,No,Yes,No,18000
814,2BHK,Flat,Full,Boys,Sector 13,Gandhinagar,,Semi,No,No,Yes,Yes,No,Yes,Yes,Yes,No,11000
815,3BHK,Room,Sharing,Family,Sector 6,Gandhinagar,,Fully,Yes,No,Yes,Yes,No,Yes,Yes,Yes,Yes,28000
816,3BHK,Tenament,Sharing,Boys,Sector 3,Gandhinagar,,Fully,No,Yes,Yes,Yes,Yes,Yes,Yes,Yes,No,19000
817,3BHK,Tenament,Full,Girls,Sargasan,Gandhinagar,,Fully,No,Yes,No,No,No,Yes,Yes,Yes,Yes,41000
818,3BHK,Flat,Sharing,Any,Sector 6,Gandhinagar,,Semi,No,No,No,No,No,Yes,No,Yes,Yes,23000
819,3BHK,House,Sharing,Any,Sector 6,Gandhinagar,,Basic,No,Yes,No,Yes,No,Yes,No,Yes,Yes,28000
820,2BHK,Tenament,Sharing,Boys,Sector 6,Gandhinagar,,Basic,Yes,Yes,Yes,Yes,No,Yes,Yes,Yes,Yes,17000
821,3BHK,Flat,Sharing,Any,Infocity,Gandhinagar,,Fully,Yes,Yes,No,Yes,Yes,Yes,No,Yes,No,36000
822,1BHK,House,Sharing,Girls,Sector 13,Gandhinagar,,Semi,Yes,No,Yes,Yes,Yes,Yes,Yes,Yes,No,8000
823,2BHK,Tenament,Sharing,Family,Sector 6,Gandhinagar,,Fully,Yes,No,Yes,No,Yes,Yes,Yes,Yes,No,18000
824,3BHK,House,Full,Boys,Raysan,Gandhinagar,,Semi,Yes,No,Yes,No,No,Yes,Yes,Yes,Yes,35000
825,2BHK,House,Full,Family,Kudasan,Gandhinagar,,Semi,No,Yes,No,No,Yes,Yes,Yes,Yes,No,27000
826,3BHK,House,Sharing,Family,Infocity,Gandhinagar,,Basic,Yes,Yes,No,Yes,Yes,Yes,Yes,Yes,No,43000
827,3BHK,Flat,Full,Girls,Sector 13,Gandhinagar,,Basic,Yes,No,Yes,Yes,No,Yes,No,Yes,Yes,17000
828,2BHK,Room,Full,Any,Sector 2,Gandhinagar,,Basic,Yes,Yes,Yes,Yes,No,Yes,No,Yes,No,24000
829,2BHK,Room,Sharing,Any,Sector 13,Gandhinagar,,Basic,Yes,No,Yes,No,Yes,Yes,No,Yes,No,11000
830,2BHK,Flat,Sharing,Boys,Kudasan,Gandhinagar,,Semi,Yes,No,No,No,Yes,Yes,No,Yes,Yes,22000
831,2BHK,House,Full,Family,Sector 13,Gandhinagar,,Fully,Yes,No,Yes,Yes,Yes,Yes,Yes,Yes,No,11000
832,3BHK,Tenament,Full,Family,Sector 2,Gandhinagar,,Fully,Yes,No,No,Yes,Yes,Yes,No,Yes,Yes,27000
833,2BHK,Tenament,Sharing,Girls,Sector 6,Gandhinagar,,Fully,No,No,No,No,No,Yes,Yes,Yes,Yes,20000
834,2BHK,House,Sharing,Any,Vavol,Gandhinagar,,Fully,No,No,No,Yes,Yes,Yes,No,Yes,Yes,14000
835,3BHK,Tenament,Full,Any,Raysan,Gandhinagar,,Basic,No,No,Yes,No,Yes,Yes,No,Yes,Yes,27000
836,3BHK,House,Sharing,Boys,Sector 6,Gandhinagar,,Fully,Yes,No,No,No,Yes,Yes,Yes,Yes,No,24000
837,2BHK,House,Full,Family,Infocity,Gandhinagar,,Semi,Yes,Yes,No,No,Yes,Yes,Yes,Yes,Yes,31000
838,2BHK,Tenament,Full,Any,Sector 5A,Gandhinagar,,Fully,No,No,Yes,No,Yes,Yes,No,Yes,No,16000
839,3BHK,Tenament,Full,Family,Infocity,Gandhinagar,,Basic,No,Yes,Yes,No,No,Yes,No,Yes,No,36000
840,1BHK,House,Full,Girls,Sector 3,Gandhinagar,,Semi,Yes,Yes,No,No,Yes,Yes,No,Yes,Yes,8000
841,3BHK,Room,Sharing,Girls,Sector 2,Gandhinagar,,Fully,No,Yes,Yes,No,Yes,Yes,Yes,Yes,No,33000
842,1BHK,House,Sharing,Any,Vavol,Gandhinagar,,Basic,No,No,No,No,Yes,Yes,No,Yes,Yes,11000
843,3BHK,House,Sharing,Family,Sector 6,Gandhinagar,,Semi,Yes,No,Yes,No,No,Yes,Yes,Yes,Yes,24000
844,3BHK,Flat,Sharing,Any,Kudasan,Gandhinagar,,Semi,Yes,Yes,No,No,Yes,Yes,No,Yes,Yes,36000
845,2BHK,House,Sharing,Boys,Sargasan,Gandhinagar,,Semi,Yes,Yes,Yes,Yes,No,Yes,No,Yes,Yes,25000
846,2BHK,House,Sharing,Boys,Sector 5A,Gandhinagar,,Semi,No,Yes,Yes,No,Yes,Yes,No,Yes,No,14000
847,1BHK,House,Sharing,Boys,Infocity,Gandhinagar,,Semi,Yes,No,No,Yes,No,Yes,Yes,Yes,Yes,18000
848,2BHK,House,Full,Boys,Sector 13,Gandhinagar,,Semi,Yes,Yes,Yes,No,Yes,Yes,Yes,Yes,No,13000
849,3BHK,Room,Sharing,Any,Infocity,Gandhinagar,,Basic,No,No,No,No,No,Yes,Yes,Yes,Yes,41000
850,2BHK,Flat,Sharing,Family,Sector 2,Gandhinagar,,Basic,No,No,No,Yes,No,Yes,No,Yes,No,20000
851,3BHK,Tenament,Sharing,Girls,Raysan,Gandhinagar,,Fully,Yes,Yes,No,No,Yes,Yes,Yes,Yes,No,35000
852,3BHK,House,Full,Girls,Vavol,Gandhinagar,,Fully,Yes,Yes,Yes,Yes,Yes,Yes,Yes,Yes,Yes,21000
853,3BHK,Room,Sharing,Any,Sargasan,Gandhinagar,,Basic,Yes,No,Yes,No,Yes,Yes,No,Yes,No,39000
854,1BHK,Flat,Sharing,Any,Sector 3,Gandhinagar,,Fully,No,No,No,No,No,Yes,Yes,Yes,No,8000
855,1BHK,Flat,Full,Boys,Kudasan,Gandhinagar,,Semi,No,Yes,No,Yes,No,Yes,No,Yes,No,17000
856,2BHK,Room,Sharing,Any,Sector 13,Gandhinagar,,Basic,Yes,No,No,Yes,Yes,Yes,No,Yes,Yes,11000
857,1BHK,Flat,Full,Boys,Sector 3,Gandhinagar,,Semi,No,Yes,Yes,Yes,Yes,Yes,Yes,Yes,No,10000
858,2BHK,Tenament,Full,Any,Sector 3,Gandhinagar,,Semi,No,No,No,Yes,Yes,Yes,No,Yes,Yes,14000
859,1BHK,House,Sharing,Family,Sector 2,Gandhinagar,,Basic,No,No,No,Yes,Yes,Yes,Yes,Yes,Yes,16000
860,1BHK,Tenament,Sharing,Girls,Raysan,Gandhinagar,,Fully,Yes,No,Yes,Yes,Yes,Yes,No,Yes,Yes,13000
861,3BHK,Room,Full,Family,Kudasan,Gandhinagar,,Semi,No,Yes,No,Yes,No,Yes,No,Yes,No,37000
862,2BHK,House,Sharing,Family,Sector 3,Gandhinagar,,Semi,Yes,No,No,Yes,Yes,Yes,No,Yes,Yes,15000
863,2BHK,House,Sharing,Any,Sargasan,Gandhinagar,,Fully,No,No,Yes,No,Yes,Yes,No,Yes,No,25000
864,2BHK,Tenament,Sharing,Girls,Kudasan,Gandhinagar,,Basic,No,Yes,Yes,No,No,Yes,No,Yes,No,28000
865,2BHK,House,Sharing,Boys,Sector 3,Gandhinagar,,Basic,Yes,Yes,No,Yes,No,Yes,No,Yes,Yes,12000
866,2BHK,House,Full,Any,Sector 6,Gandhinagar,,Fully,Yes,No,Yes,No,Yes,Yes,Yes,Yes,No,17000
867,2BHK,Tenament,Sharing,Family,Sector 13,Gandhinagar,,Basic,Yes,Yes,Yes,Yes,Yes,Yes,No,Yes,No,9000
868,2BHK,Flat,Full,Boys,Sector 6,Gandhinagar,,Fully,Yes,Yes,Yes,Yes,Yes,Yes,No,Yes,No,17000
869,3BHK,House,Full,Any,Infocity,Gandhinagar,,Semi,No,No,No,No,Yes,Yes,No,Yes,Yes,36000
870,3BHK,Flat,Sharing,Boys,Sargasan,Gandhinagar,,Semi,No,No,Yes,Yes,Yes,Yes,Yes,Yes,Yes,33000
871,3BHK,Tenament,Full,Girls,Sargasan,Gandhinagar,,Semi,No,No,No,Yes,Yes,Yes,Yes,Yes,Yes,32000
872,1BHK,Flat,Sharing,Boys,Sargasan,Gandhinagar,,Basic,Yes,No,Yes,No,Yes,Yes,No,Yes,Yes,15000
873,2BHK,Flat,Full,Family,Sargasan,Gandhinagar,,Basic,No,No,Yes,No,No,Yes,No,Yes,Yes,26000
874,2BHK,House,Full,Any,Vavol,Gandhinagar,,Semi,Yes,Yes,No,Yes,Yes,Yes,Yes,Yes,Yes,18000
875,3BHK,House,Full,Family,Sector 2,Gandhinagar,,Fully,No,No,No,No,No,Yes,Yes,Yes,No,26000
876,3BHK,Tenament,Sharing,Boys,Raysan,Gandhinagar,,Semi,No,Yes,No,Yes,Yes,Yes,No,Yes,Yes,29000
877,2BHK,House,Sharing,Any,Infocity,Gandhinagar,,Basic,Yes,No,No,Yes,Yes,Yes,No,Yes,Yes,30000
878,3BHK,Flat,Sharing,Girls,Infocity,Gandhinagar,,Semi,No,Yes,Yes,No,Yes,Yes,Yes,Yes,Yes,43000
879,2BHK,Room,Sharing,Any,Sector 5A,Gandhinagar,,Fully,Yes,No,Yes,No,No,Yes,No,Yes,No,17000
880,1BHK,Room,Full,Boys,Vavol,Gandhinagar,,Basic,No,Yes,Yes,Yes,No,Yes,Yes,Yes,No,8000
881,3BHK,House,Sharing,Any,Sector 3,Gandhinagar,,Semi,Yes,No,Yes,No,No,Yes,No,Yes,No,19000
882,3BHK,Flat,Full,Family,Vavol,Gandhinagar,,Basic,No,Yes,Yes,Yes,No,Yes,No,Yes,No,18000
883,3BHK,House,Full,Any,Sector 5A,Gandhinagar,,Fully,Yes,No,Yes,No,No,Yes,Yes,Yes,No,24000
884,3BHK,Flat,Sharing,Girls,Infocity,Gandhinagar,,Basic,No,Yes,Yes,Yes,No,Yes,No,Yes,Yes,37000
885,1BHK,Tenament,Sharing,Family,Sector 6,Gandhinagar,,Fully,Yes,No,Yes,No,No,Yes,Yes,Yes,Yes,11000
886,2BHK,Room,Sharing,Boys,Sargasan,Gandhinagar,,Basic,Yes,No,No,No,No,Yes,No,Yes,Yes,28000
887,3BHK,Tenament,Sharing,Girls,Sector 3,Gandhinagar,,Semi,Yes,Yes,No,No,No,Yes,Yes,Yes,No,17000
888,3BHK,Room,Sharing,Boys,Sargasan,Gandhinagar,,Basic,No,No,No,Yes,Yes,Yes,No,Yes,No,40000
889,1BHK,Tenament,Full,Family,Sector 2,Gandhinagar,,Fully,No,Yes,No,Yes,Yes,Yes,Yes,Yes,Yes,13000
890,2BHK,Tenament,Full,Family,Sector 13,Gandhinagar,,Fully,Yes,No,Yes,Yes,Yes,Yes,Yes,Yes,No,13000
891,1BHK,Room,Sharing,Boys,Infocity,Gandhinagar,,Fully,No,No,Yes,No,Yes,Yes,No,Yes,No,22000
892,2BHK,Room,Full,Any,Sector 13,Gandhinagar,,Basic,No,Yes,No,No,Yes,Yes,Yes,Yes,No,11000
893,3BHK,Flat,Sharing,Girls,Sector 6,Gandhinagar,,Semi,Yes,Yes,No,No,Yes,Yes,Yes,Yes,Yes,27000
894,2BHK,Tenament,Sharing,Any,Kudasan,Gandhinagar,,Fully,Yes,No,No,Yes,Yes,Yes,Yes,Yes,No,21000
895,2BHK,Flat,Sharing,Girls,Sector 3,Gandhinagar,,Semi,No,No,Yes,Yes,Yes,Yes,Yes,Yes,No,12000
896,2BHK,Flat,Full,Family,Sector 6,Gandhinagar,,Fully,No,Yes,No,Yes,Yes,Yes,No,Yes,Yes,21000
897,2BHK,House,Sharing,Any,Sector 6,Gandhinagar,,Fully,Yes,Yes,No,No,Yes,Yes,No,Yes,No,15000
898,2BHK,Room,Full,Any,Kudasan,Gandhinagar,,Semi,Yes,Yes,Yes,Yes,No,Yes,Yes,Yes,No,25000
899,2BHK,House,Full,Any,Sector 3,Gandhinagar,,Semi,No,Yes,No,Yes,Yes,Yes,Yes,Yes,Yes,14000
900,3BHK,Room,Sharing,Family,Sector 6,Gandhinagar,,Semi,No,No,No,No,No,Yes,Yes,Yes,Yes,26000
901,3BHK,Tenament,Full,Girls,Sector 3,Gandhinagar,,Fully,No,No,No,Yes,Yes,Yes,No,Yes,No,16000
902,3BHK,House,Sharing,Girls,Kudasan,Gandhinagar,,Fully,Yes,No,No,Yes,Yes,Yes,Yes,Yes,Yes,38000
903,2BHK,Room,Sharing,Girls,Sector 13,Gandhinagar,,Semi,Yes,No,Yes,Yes,Yes,Yes,No,Yes,Yes,13000
904,3BHK,Room,Full,Boys,Sector 5A,Gandhinagar,,Basic,Yes,No,No,Yes,No,Yes,Yes,Yes,No,24000
905,2BHK,Flat,Sharing,Family,Kudasan,Gandhinagar,,Semi,No,Yes,No,No,No,Yes,No,Yes,Yes,21000
906,2BHK,House,Full,Any,Kudasan,Gandhinagar,,Basic,Yes,No,Yes,Yes,Yes,Yes,No,Yes,Yes,28000
907,1BHK,Flat,Full,Boys,Sector 2,Gandhinagar,,Basic,No,Yes,No,No,No,Yes,No,Yes,Yes,14000
908,1BHK,Flat,Full,Girls,Infocity,Gandhinagar,,Fully,No,Yes,No,No,No,Yes,No,Yes,Yes,16000
909,1BHK,House,Full,Family,Sector 6,Gandhinagar,,Semi,Yes,No,Yes,No,No,Yes,No,Yes,No,13000
910,3BHK,House,Full,Girls,Sector 6,Gandhinagar,,Semi,No,Yes,Yes,Yes,Yes,Yes,Yes,Yes,Yes,25000
911,3BHK,Tenament,Sharing,Family,Kudasan,Gandhinagar,,Fully,Yes,No,Yes,No,No,Yes,No,Yes,Yes,29000
912,1BHK,Tenament,Full,Girls,Sargasan,Gandhinagar,,Semi,No,Yes,No,No,No,Yes,Yes,Yes,Yes,19000
913,1BHK,House,Full,Boys,Kudasan,Gandhinagar,,Basic,No,No,No,Yes,Yes,Yes,Yes,Yes,No,17000
914,3BHK,Flat,Full,Boys,Infocity,Gandhinagar,,Basic,No,No,Yes,No,No,Yes,Yes,Yes,Yes,44000
915,3BHK,Room,Sharing,Any,Raysan,Gandhinagar,,Fully,Yes,No,Yes,Yes,No,Yes,No,Yes,Yes,28000
916,3BHK,House,Full,Any,Sargasan,Gandhinagar,,Basic,Yes,No,Yes,Yes,Yes,Yes,Yes,Yes,No,35000
917,2BHK,Flat,Sharing,Family,Vavol,Gandhinagar,,Fully,No,No,Yes,No,Yes,Yes,Yes,Yes,No,17000
918,2BHK,House,Sharing,Family,Raysan,Gandhinagar,,Basic,No,Yes,No,Yes,No,Yes,Yes,Yes,No,23000
919,2BHK,Flat,Sharing,Girls,Sector 6,Gandhinagar,,Basic,Yes,No,No,No,Yes,Yes,Yes,Yes,No,21000
920,3BHK,Tenament,Full,Any,Sector 6,Gandhinagar,,Fully,Yes,Yes,Yes,Yes,Yes,Yes,Yes,Yes,Yes,22000
921,3BHK,Tenament,Sharing,Any,Sector 13,Gandhinagar,,Fully,Yes,No,No,Yes,No,Yes,No,Yes,Yes,17000
922,2BHK,Room,Full,Family,Sector 6,Gandhinagar,,Semi,Yes,No,No,No,Yes,Yes,Yes,Yes,No,19000
923,3BHK,Room,Sharing,Any,Sargasan,Gandhinagar,,Basic,Yes,Yes,Yes,Yes,Yes,Yes,No,Yes,Yes,32000
924,3BHK,House,Sharing,Family,Sector 2,Gandhinagar,,Basic,Yes,Yes,Yes,No,No,Yes,No,Yes,Yes,32000
925,1BHK,Flat,Sharing,Any,Sargasan,Gandhinagar,,Basic,Yes,No,No,Yes,Yes,Yes,Yes,Yes,Yes,15000
926,3BHK,Tenament,Full,Any,Sargasan,Gandhinagar,,Semi,No,Yes,Yes,Yes,Yes,Yes,Yes,Yes,No,36000
927,3BHK,Flat,Sharing,Any,Kudasan,Gandhinagar,,Semi,Yes,Yes,Yes,No,Yes,Yes,No,Yes,Yes,37000
928,3BHK,House,Sharing,Any,Sector 6,Gandhinagar,,Semi,No,Yes,Yes,No,Yes,Yes,No,Yes,No,27000
929,2BHK,Tenament,Sharing,Boys,Sector 3,Gandhinagar,,Semi,No,Yes,No,Yes,No,Yes,Yes,Yes,Yes,12000
930,2BHK,Tenament,Full,Any,Sector 3,Gandhinagar,,Semi,No,Yes,No,No,Yes,Yes,Yes,Yes,No,15000
931,3BHK,Room,Full,Boys,Kudasan,Gandhinagar,,Fully,No,Yes,No,Yes,No,Yes,Yes,Yes,No,36000
932,2BHK,Room,Full,Boys,Sector 5A,Gandhinagar,,Basic,No,No,No,No,No,Yes,No,Yes,Yes,19000
933,2BHK,Tenament,Full,Girls,Raysan,Gandhinagar,,Semi,Yes,Yes,Yes,No,No,Yes,No,Yes,Yes,25000
934,2BHK,Tenament,Sharing,Family,Sargasan,Gandhinagar,,Basic,No,No,No,Yes,No,Yes,No,Yes,Yes,30000
935,2BHK,Room,Full,Girls,Sector 5A,Gandhinagar,,Basic,No,No,No,Yes,Yes,Yes,Yes,Yes,Yes,16000
936,1BHK,Room,Full,Girls,Raysan,Gandhinagar,,Basic,Yes,Yes,No,Yes,No,Yes,No,Yes,Yes,13000
937,2BHK,Tenament,Full,Family,Sector 3,Gandhinagar,,Basic,Yes,Yes,Yes,Yes,Yes,Yes,Yes,Yes,No,12000
938,2BHK,House,Full,Family,Raysan,Gandhinagar,,Semi,Yes,No,No,Yes,Yes,Yes,No,Yes,No,22000
939,3BHK,Tenament,Full,Boys,Sector 2,Gandhinagar,,Semi,Yes,Yes,No,No,No,Yes,No,Yes,No,29000
940,3BHK,House,Full,Girls,Infocity,Gandhinagar,,Semi,Yes,No,Yes,No,Yes,Yes,Yes,Yes,Yes,45000
941,1BHK,House,Sharing,Girls,Sector 2,Gandhinagar,,Fully,No,No,Yes,Yes,Yes,Yes,No,Yes,No,11000
942,3BHK,House,Sharing,Any,Sector 2,Gandhinagar,,Semi,Yes,Yes,No,No,Yes,Yes,No,Yes,No,29000
943,2BHK,Room,Full,Family,Infocity,Gandhinagar,,Basic,No,No,Yes,Yes,Yes,Yes,No,Yes,Yes,30000
944,2BHK,House,Sharing,Girls,Sargasan,Gandhinagar,,Basic,Yes,Yes,Yes,Yes,No,Yes,Yes,Yes,No,25000
945,1BHK,House,Sharing,Family,Sector 2,Gandhinagar,,Semi,Yes,No,Yes,No,No,Yes,Yes,Yes,Yes,14000
946,2BHK,Tenament,Full,Boys,Sector 2,Gandhinagar,,Semi,Yes,No,No,No,Yes,Yes,Yes,Yes,No,22000
947,2BHK,Tenament,Sharing,Boys,Sector 5A,Gandhinagar,,Basic,Yes,Yes,Yes,Yes,Yes,Yes,No,Yes,No,15000
948,1BHK,Tenament,Full,Boys,Sargasan,Gandhinagar,,Fully,Yes,Yes,Yes,No,Yes,Yes,No,Yes,Yes,17000
949,1BHK,Room,Sharing,Any,Raysan,Gandhinagar,,Basic,Yes,No,No,No,Yes,Yes,No,Yes,No,13000
950,1BHK,Tenament,Sharing,Family,Sector 6,Gandhinagar,,Basic,No,No,No,Yes,No,Yes,No,Yes,Yes,14000
951,3BHK,Tenament,Sharing,Girls,Sector 6,Gandhinagar,,Basic,Yes,Yes,Yes,No,No,Yes,No,Yes,Yes,27000
952,1BHK,Flat,Sharing,Any,Sargasan,Gandhinagar,,Basic,Yes,Yes,Yes,Yes,No,Yes,Yes,Yes,No,18000
953,3BHK,Flat,Full,Family,Kudasan,Gandhinagar,,Basic,No,Yes,Yes,No,Yes,Yes,Yes,Yes,Yes,35000
954,1BHK,Room,Sharing,Any,Sector 13,Gandhinagar,,Basic,Yes,Yes,No,No,Yes,Yes,Yes,Yes,No,9000
955,2BHK,Room,Full,Boys,Sector 13,Gandhinagar,,Basic,Yes,Yes,No,Yes,No,Yes,No,Yes,No,13000
956,1BHK,Flat,Full,Boys,Infocity,Gandhinagar,,Basic,Yes,Yes,Yes,Yes,Yes,Yes,No,Yes,No,16000
957,2BHK,House,Full,Girls,Sector 5A,Gandhinagar,,Basic,No,No,Yes,Yes,No,Yes,Yes,Yes,Yes,18000
958,3BHK,Flat,Full,Girls,Sector 13,Gandhinagar,,Basic,No,No,Yes,No,Yes,Yes,Yes,Yes,Yes,18000
959,3BHK,House,Full,Girls,Sector 3,Gandhinagar,,Semi,Yes,Yes,No,Yes,No,Yes,No,Yes,Yes,19000
960,1BHK,House,Full,Boys,Infocity,Gandhinagar,,Basic,No,Yes,Yes,Yes,Yes,Yes,Yes,Yes,No,17000
961,1BHK,Room,Sharing,Family,Sector 3,Gandhinagar,,Semi,No,No,No,Yes,No,Yes,Yes,Yes,Yes,10000
962,1BHK,Tenament,Full,Any,Vavol,Gandhinagar,,Fully,No,Yes,No,Yes,No,Yes,Yes,Yes,No,10000
963,3BHK,Flat,Sharing,Girls,Sector 6,Gandhinagar,,Semi,Yes,Yes,Yes,Yes,Yes,Yes,No,Yes,Yes,26000
964,3BHK,House,Full,Girls,Sector 2,Gandhinagar,,Semi,Yes,Yes,Yes,No,Yes,Yes,Yes,Yes,Yes,28000
965,1BHK,House,Sharing,Family,Sector 3,Gandhinagar,,Fully,Yes,Yes,No,No,No,Yes,No,Yes,Yes,8000
966,3BHK,House,Full,Boys,Kudasan,Gandhinagar,,Fully,No,No,Yes,No,No,Yes,Yes,Yes,Yes,31000
967,2BHK,Flat,Full,Boys,Kudasan,Gandhinagar,,Fully,Yes,No,No,Yes,Yes,Yes,Yes,Yes,No,28000
968,2BHK,Room,Full,Family,Sargasan,Gandhinagar,,Basic,No,Yes,Yes,Yes,No,Yes,Yes,Yes,No,30000
969,1BHK,Room,Sharing,Any,Sector 5A,Gandhinagar,,Basic,No,Yes,Yes,Yes,Yes,Yes,Yes,Yes,Yes,11000
970,3BHK,House,Sharing,Family,Sector 6,Gandhinagar,,Basic,No,Yes,Yes,Yes,Yes,Yes,No,Yes,No,23000
971,1BHK,Room,Full,Girls,Vavol,Gandhinagar,,Semi,Yes,No,No,No,No,Yes,No,Yes,No,12000
972,3BHK,Room,Full,Family,Infocity,Gandhinagar,,Fully,No,No,No,No,Yes,Yes,No,Yes,No,42000
973,1BHK,House,Sharing,Any,Sargasan,Gandhinagar,,Fully,No,No,No,No,Yes,Yes,Yes,Yes,Yes,15000
974,3BHK,Room,Full,Any,Sargasan,Gandhinagar,,Basic,No,Yes,No,Yes,No,Yes,No,Yes,Yes,35000
975,1BHK,House,Full,Family,Raysan,Gandhinagar,,Semi,Yes,Yes,No,No,Yes,Yes,No,Yes,Yes,15000
976,2BHK,House,Full,Girls,Sector 6,Gandhinagar,,Basic,No,No,No,No,No,Yes,Yes,Yes,Yes,19000
977,1BHK,House,Full,Any,Sector 6,Gandhinagar,,Basic,Yes,No,Yes,No,No,Yes,Yes,Yes,Yes,13000
978,1BHK,House,Sharing,Boys,Infocity,Gandhinagar,,Semi,No,Yes,Yes,Yes,Yes,Yes,Yes,Yes,Yes,19000
979,1BHK,Room,Full,Any,Sector 2,Gandhinagar,,Basic,No,Yes,No,Yes,No,Yes,No,Yes,Yes,11000
980,1BHK,Room,Sharing,Girls,Vavol,Gandhinagar,,Semi,Yes,No,No,No,No,Yes,Yes,Yes,Yes,9000
981,1BHK,Room,Full,Family,Sector 6,Gandhinagar,,Fully,Yes,No,No,Yes,Yes,Yes,No,Yes,Yes,12000
982,2BHK,House,Full,Girls,Raysan,Gandhinagar,,Basic,No,Yes,No,Yes,Yes,Yes,No,Yes,Yes,23000
983,1BHK,House,Sharing,Family,Kudasan,Gandhinagar,,Basic,No,Yes,No,Yes,Yes,Yes,No,Yes,Yes,18000
984,3BHK,Room,Full,Family,Kudasan,Gandhinagar,,Basic,No,No,Yes,Yes,No,Yes,No,Yes,Yes,37000
985,3BHK,Flat,Full,Any,Raysan,Gandhinagar,,Basic,Yes,No,No,No,Yes,Yes,No,Yes,Yes,34000
986,1BHK,Flat,Sharing,Family,Sector 2,Gandhinagar,,Fully,No,Yes,Yes,Yes,Yes,Yes,No,Yes,No,16000
987,2BHK,Tenament,Full,Any,Sargasan,Gandhinagar,,Fully,Yes,No,No,Yes,Yes,Yes,No,Yes,No,21000
988,3BHK,Tenament,Sharing,Any,Infocity,Gandhinagar,,Basic,Yes,Yes,Yes,Yes,Yes,Yes,Yes,Yes,No,37000
989,3BHK,Tenament,Full,Family,Raysan,Gandhinagar,,Fully,Yes,Yes,Yes,No,Yes,Yes,No,Yes,Yes,27000
990,2BHK,House,Full,Boys,Kudasan,Gandhinagar,,Basic,Yes,No,Yes,No,Yes,Yes,Yes,Yes,No,26000
991,3BHK,Room,Sharing,Family,Raysan,Gandhinagar,,Fully,Yes,Yes,No,Yes,Yes,Yes,No,Yes,No,27000
992,2BHK,House,Full,Girls,Infocity,Gandhinagar,,Basic,Yes,Yes,Yes,No,No,Yes,Yes,Yes,No,27000
993,3BHK,Tenament,Sharing,Girls,Sargasan,Gandhinagar,,Semi,Yes,No,Yes,No,No,Yes,No,Yes,Yes,31000
994,3BHK,House,Sharing,Any,Sector 2,Gandhinagar,,Fully,Yes,No,Yes,No,Yes,Yes,No,Yes,No,26000
995,3BHK,Tenament,Full,Girls,Infocity,Gandhinagar,,Semi,No,Yes,Yes,No,Yes,Yes,No,Yes,No,41000
996,1BHK,Flat,Sharing,Boys,Vavol,Gandhinagar,,Fully,No,Yes,No,No,No,Yes,No,Yes,Yes,10000
997,1BHK,Tenament,Sharing,Family,Sector 5A,Gandhinagar,,Fully,No,No,No,No,No,Yes,Yes,Yes,No,10000
998,2BHK,House,Sharing,Any,Sector 3,Gandhinagar,,Semi,Yes,No,Yes,No,Yes,Yes,No,Yes,No,15000
999,1BHK,Room,Sharing,Girls,Sector 2,Gandhinagar,,Fully,Yes,Yes,No,No,No,Yes,Yes,Yes,No,11000
1000,3BHK,House,Sharing,Boys,Sector 6,Gandhinagar,,Semi,Yes,No,Yes,Yes,No,Yes,Yes,Yes,Yes,30000
1001,1BHK,Flat,Full,Girls,Vavol,Gandhinagar,,Fully,No,Yes,Yes,Yes,Yes,Yes,Yes,Yes,Yes,12000
1002,2BHK,House,Full,Any,Infocity,Gandhinagar,,Semi,Yes,No,Yes,Yes,Yes,Yes,Yes,Yes,No,25000
1003,2BHK,Flat,Full,Girls,Kudasan,Gandhinagar,,Basic,Yes,Yes,Yes,No,Yes,Yes,Yes,Yes,Yes,29000
1004,2BHK,House,Sharing,Girls,Sector 2,Gandhinagar,,Semi,No,Yes,Yes,No,Yes,Yes,Yes,Yes,Yes,23000
1005,3BHK,House,Full,Any,Sector 2,Gandhinagar,,Fully,No,Yes,Yes,Yes,No,Yes,No,Yes,No,26000
1006,1BHK,House,Sharing,Family,Raysan,Gandhinagar,,Basic,Yes,Yes,No,No,Yes,Yes,Yes,Yes,Yes,13000
1007,1BHK,House,Sharing,Family,Infocity,Gandhinagar,,Basic,No,Yes,Yes,No,No,Yes,No,Yes,Yes,15000
1008,3BHK,House,Sharing,Any,Vavol,Gandhinagar,,Basic,No,No,Yes,No,Yes,Yes,Yes,Yes,No,18000
1009,1BHK,Flat,Full,Boys,Vavol,Gandhinagar,,Basic,No,Yes,Yes,No,No,Yes,No,Yes,No,11000
1010,1BHK,Tenament,Full,Boys,Infocity,Gandhinagar,,Fully,Yes,Yes,No,No,No,Yes,Yes,Yes,No,18000
1011,1BHK,Flat,Full,Family,Sector 6,Gandhinagar,,Semi,Yes,No,Yes,No,No,Yes,No,Yes,Yes,14000
1012,2BHK,Room,Sharing,Boys,Sector 13,Gandhinagar,,Basic,No,No,No,Yes,No,Yes,No,Yes,No,11000
1013,1BHK,Room,Sharing,Boys,Raysan,Gandhinagar,,Basic,Yes,No,Yes,No,No,Yes,No,Yes,Yes,15000
1014,2BHK,Flat,Sharing,Family,Sector 6,Gandhinagar,,Semi,No,No,Yes,Yes,Yes,Yes,Yes,Yes,Yes,17000
1015,3BHK,Room,Full,Girls,Sector 6,Gandhinagar,,Basic,No,No,Yes,No,No,Yes,Yes,Yes,Yes,24000
1016,1BHK,House,Sharing,Boys,Kudasan,Gandhinagar,,Basic,Yes,No,Yes,No,Yes,Yes,No,Yes,Yes,19000
1017,1BHK,Flat,Sharing,Family,Sector 3,Gandhinagar,,Fully,No,Yes,No,No,Yes,Yes,Yes,Yes,No,10000
1018,3BHK,Tenament,Sharing,Boys,Sector 6,Gandhinagar,,Basic,No,Yes,No,Yes,Yes,Yes,Yes,Yes,No,28000
1019,3BHK,House,Sharing,Boys,Raysan,Gandhinagar,,Basic,No,Yes,Yes,No,Yes,Yes,Yes,Yes,Yes,27000
1020,2BHK,House,Sharing,Boys,Infocity,Gandhinagar,,Semi,Yes,No,Yes,Yes,Yes,Yes,Yes,Yes,Yes,25000
1021,1BHK,Tenament,Full,Boys,Sector 3,Gandhinagar,,Semi,Yes,Yes,Yes,Yes,Yes,Yes,Yes,Yes,No,10000
1022,3BHK,Room,Sharing,Boys,Infocity,Gandhinagar,,Basic,Yes,Yes,Yes,Yes,Yes,Yes,Yes,Yes,Yes,36000
1023,3BHK,Flat,Sharing,Girls,Sargasan,Gandhinagar,,Basic,No,Yes,No,No,No,Yes,No,Yes,Yes,31000
1024,2BHK,Flat,Full,Girls,Sector 13,Gandhinagar,,Basic,No,No,Yes,No,Yes,Yes,No,Yes,Yes,13000
1025,1BHK,Room,Sharing,Any,Sector 5A,Gandhinagar,,Basic,Yes,No,Yes,No,Yes,Yes,Yes,Yes,Yes,9000
1026,2BHK,Tenament,Full,Any,Kudasan,Gandhinagar,,Fully,Yes,No,Yes,No,Yes,Yes,Yes,Yes,No,22000
1027,2BHK,House,Sharing,Boys,Sector 13,Gandhinagar,,Semi,No,Yes,Yes,No,Yes,Yes,No,Yes,No,12000
1028,3BHK,Tenament,Sharing,Family,Vavol,Gandhinagar,,Semi,No,Yes,No,Yes,Yes,Yes,No,Yes,No,21000
1029,3BHK,Flat,Sharing,Any,Sector 13,Gandhinagar,,Semi,Yes,No,No,Yes,No,Yes,No,Yes,No,14000
1030,3BHK,Flat,Sharing,Girls,Kudasan,Gandhinagar,,Basic,Yes,Yes,No,No,No,Yes,No,Yes,Yes,35000
1031,3BHK,Flat,Full,Any,Vavol,Gandhinagar,,Basic,Yes,No,No,No,Yes,Yes,Yes,Yes,Yes,18000
1032,3BHK,House,Full,Any,Sector 2,Gandhinagar,,Basic,Yes,No,Yes,No,No,Yes,No,Yes,No,24000
1033,2BHK,Room,Sharing,Boys,Kudasan,Gandhinagar,,Fully,Yes,No,No,Yes,Yes,Yes,Yes,Yes,Yes,23000
1034,1BHK,Tenament,Sharing,Girls,Sector 13,Gandhinagar,,Semi,Yes,Yes,No,No,No,Yes,Yes,Yes,No,8000
1035,3BHK,Tenament,Full,Girls,Kudasan,Gandhinagar,,Semi,Yes,Yes,No,Yes,No,Yes,Yes,Yes,Yes,36000
1036,2BHK,House,Full,Any,Sector 6,Gandhinagar,,Semi,No,Yes,No,No,No,Yes,No,Yes,Yes,22000
1037,3BHK,Tenament,Full,Girls,Sector 6,Gandhinagar,,Basic,Yes,No,Yes,No,Yes,Yes,No,Yes,Yes,26000
1038,3BHK,Room,Full,Any,Kudasan,Gandhinagar,,Fully,Yes,Yes,No,Yes,Yes,Yes,No,Yes,Yes,30000
1039,1BHK,Flat,Sharing,Any,Vavol,Gandhinagar,,Semi,Yes,No,Yes,Yes,Yes,Yes,No,Yes,No,12000
1040,3BHK,Room,Full,Boys,Sector 2,Gandhinagar,,Fully,Yes,No,Yes,Yes,Yes,Yes,Yes,Yes,No,31000
1041,3BHK,Tenament,Full,Boys,Sector 5A,Gandhinagar,,Basic,No,Yes,Yes,No,Yes,Yes,No,Yes,No,23000
1042,3BHK,Flat,Sharing,Any,Sector 2,Gandhinagar,,Fully,No,Yes,Yes,No,Yes,Yes,No,Yes,No,25000
1043,2BHK,Room,Full,Family,Sector 5A,Gandhinagar,,Basic,No,Yes,Yes,No,No,Yes,Yes,Yes,Yes,14000
1044,1BHK,Room,Sharing,Boys,Sector 6,Gandhinagar,,Basic,No,Yes,No,No,No,Yes,No,Yes,Yes,12000
1045,3BHK,House,Sharing,Family,Sector 2,Gandhinagar,,Semi,Yes,Yes,Yes,Yes,No,Yes,Yes,Yes,Yes,29000
1046,2BHK,Room,Sharing,Girls,Sector 5A,Gandhinagar,,Fully,No,No,No,Yes,Yes,Yes,Yes,Yes,Yes,19000
1047,1BHK,Flat,Full,Boys,Sector 2,Gandhinagar,,Semi,Yes,No,No,No,Yes,Yes,No,Yes,No,16000
1048,2BHK,Tenament,Full,Any,Sargasan,Gandhinagar,,Semi,Yes,No,Yes,Yes,Yes,Yes,Yes,Yes,Yes,21000
1049,3BHK,Room,Full,Any,Sector 2,Gandhinagar,,Semi,No,Yes,No,No,Yes,Yes,Yes,Yes,Yes,32000
1050,3BHK,Tenament,Full,Girls,Sector 6,Gandhinagar,,Semi,No,No,Yes,Yes,No,Yes,No,Yes,No,25000
1051,3BHK,House,Sharing,Boys,Sector 3,Gandhinagar,,Basic,No,No,No,Yes,No,Yes,Yes,Yes,Yes,20000
1052,2BHK,Room,Sharing,Any,Sector 6,Gandhinagar,,Semi,Yes,No,No,Yes,No,Yes,No,Yes,No,22000
1053,1BHK,House,Full,Family,Sector 6,Gandhinagar,,Semi,Yes,Yes,Yes,No,Yes,Yes,Yes,Yes,No,13000
1054,3BHK,House,Full,Boys,Sargasan,Gandhinagar,,Semi,Yes,Yes,No,Yes,Yes,Yes,No,Yes,No,37000
1055,3BHK,Flat,Full,Girls,Sector 5A,Gandhinagar,,Semi,No,No,Yes,Yes,No,Yes,Yes,Yes,Yes,20000
1056,1BHK,House,Full,Boys,Raysan,Gandhinagar,,Fully,Yes,No,Yes,No,No,Yes,No,Yes,No,13000
1057,2BHK,House,Full,Family,Kudasan,Gandhinagar,,Basic,No,No,No,Yes,No,Yes,No,Yes,No,27000
1058,3BHK,Flat,Sharing,Family,Sector 6,Gandhinagar,,Fully,Yes,No,No,Yes,Yes,Yes,Yes,Yes,Yes,29000
1059,3BHK,Tenament,Sharing,Boys,Sector 6,Gandhinagar,,Semi,Yes,No,No,Yes,Yes,Yes,No,Yes,No,22000
1060,3BHK,Tenament,Sharing,Family,Vavol,Gandhinagar,,Semi,No,Yes,Yes,Yes,Yes,Yes,No,Yes,No,19000
1061,3BHK,Flat,Full,Any,Sector 2,Gandhinagar,,Fully,No,Yes,Yes,Yes,Yes,Yes,Yes,Yes,Yes,32000
1062,3BHK,Flat,Full,Any,Kudasan,Gandhinagar,,Fully,No,No,No,Yes,No,Yes,No,Yes,No,30000
1063,2BHK,Room,Sharing,Family,Sector 2,Gandhinagar,,Semi,Yes,Yes,No,No,Yes,Yes,No,Yes,No,19000
1064,2BHK,Flat,Full,Boys,Infocity,Gandhinagar,,Basic,No,Yes,No,No,Yes,Yes,No,Yes,No,26000
1065,3BHK,Room,Full,Family,Vavol,Gandhinagar,,Fully,Yes,No,No,No,Yes,Yes,Yes,Yes,No,18000
1066,2BHK,Flat,Sharing,Boys,Raysan,Gandhinagar,,Fully,Yes,No,No,No,No,Yes,Yes,Yes,Yes,21000
1067,1BHK,House,Full,Girls,Vavol,Gandhinagar,,Semi,Yes,Yes,Yes,Yes,Yes,Yes,Yes,Yes,No,8000
1068,3BHK,Flat,Sharing,Family,Vavol,Gandhinagar,,Fully,Yes,Yes,Yes,No,No,Yes,No,Yes,Yes,19000
1069,2BHK,Tenament,Sharing,Boys,Sector 6,Gandhinagar,,Fully,No,Yes,No,No,No,Yes,Yes,Yes,No,18000
1070,1BHK,Flat,Sharing,Boys,Sargasan,Gandhinagar,,Fully,Yes,No,No,No,Yes,Yes,No,Yes,Yes,18000
1071,3BHK,Room,Sharing,Family,Sargasan,Gandhinagar,,Semi,No,Yes,No,Yes,No,Yes,No,Yes,Yes,40000
1072,3BHK,Flat,Sharing,Family,Sector 3,Gandhinagar,,Semi,No,No,No,No,Yes,Yes,No,Yes,No,19000
1073,3BHK,Room,Sharing,Boys,Sargasan,Gandhinagar,,Basic,Yes,Yes,No,Yes,Yes,Yes,Yes,Yes,Yes,32000
1074,2BHK,Tenament,Full,Any,Sector 5A,Gandhinagar,,Basic,No,Yes,No,No,Yes,Yes,Yes,Yes,Yes,15000
1075,2BHK,Room,Full,Family,Sector 3,Gandhinagar,,Fully,Yes,Yes,Yes,No,No,Yes,No,Yes,Yes,15000
1076,1BHK,Tenament,Full,Girls,Kudasan,Gandhinagar,,Fully,No,Yes,Yes,Yes,No,Yes,Yes,Yes,Yes,15000
1077,3BHK,Room,Full,Girls,Sector 3,Gandhinagar,,Fully,Yes,Yes,No,No,Yes,Yes,No,Yes,Yes,17000
1078,2BHK,Room,Full,Any,Sector 5A,Gandhinagar,,Fully,Yes,No,No,No,Yes,Yes,Yes,Yes,Yes,19000
1079,3BHK,Flat,Full,Girls,Sector 5A,Gandhinagar,,Semi,Yes,No,Yes,Yes,No,Yes,Yes,Yes,Yes,21000
1080,3BHK,Tenament,Full,Family,Kudasan,Gandhinagar,,Semi,Yes,Yes,Yes,Yes,No,Yes,No,Yes,No,33000
1081,2BHK,House,Full,Girls,Sector 3,Gandhinagar,,Fully,Yes,Yes,Yes,Yes,No,Yes,Yes,Yes,Yes,14000
1082,3BHK,Room,Full,Family,Sector 5A,Gandhinagar,,Basic,Yes,No,Yes,Yes,Yes,Yes,Yes,Yes,No,25000
1083,3BHK,Flat,Sharing,Boys,Kudasan,Gandhinagar,,Semi,Yes,Yes,No,Yes,Yes,Yes,No,Yes,No,30000
1084,2BHK,Tenament,Sharing,Any,Sargasan,Gandhinagar,,Semi,Yes,No,No,No,No,Yes,No,Yes,No,22000
1085,2BHK,Flat,Sharing,Family,Kudasan,Gandhinagar,,Fully,Yes,No,Yes,Yes,Yes,Yes,No,Yes,Yes,24000
1086,2BHK,Flat,Sharing,Family,Sector 3,Gandhinagar,,Semi,Yes,No,No,Yes,Yes,Yes,No,Yes,No,15000
1087,1BHK,Tenament,Full,Family,Sargasan,Gandhinagar,,Fully,Yes,No,No,No,Yes,Yes,Yes,Yes,Yes,14000
1088,2BHK,House,Sharing,Family,Sector 13,Gandhinagar,,Basic,Yes,No,No,Yes,No,Yes,Yes,Yes,Yes,9000
1089,1BHK,Tenament,Full,Any,Vavol,Gandhinagar,,Semi,No,No,Yes,Yes,No,Yes,Yes,Yes,No,10000
1090,3BHK,House,Sharing,Girls,Sector 6,Gandhinagar,,Fully,No,Yes,No,Yes,Yes,Yes,Yes,Yes,Yes,23000
1091,2BHK,Tenament,Full,Family,Sector 6,Gandhinagar,,Basic,No,Yes,Yes,Yes,No,Yes,No,Yes,Yes,21000
1092,1BHK,Room,Full,Boys,Sector 3,Gandhinagar,,Fully,Yes,Yes,No,No,Yes,Yes,Yes,Yes,Yes,8000
1093,3BHK,Tenament,Sharing,Family,Sector 6,Gandhinagar,,Basic,No,Yes,Yes,Yes,No,Yes,No,Yes,No,25000
1094,3BHK,Flat,Sharing,Any,Sector 6,Gandhinagar,,Semi,Yes,Yes,Yes,No,No,Yes,No,Yes,No,24000
1095,1BHK,Room,Sharing,Family,Raysan,Gandhinagar,,Semi,Yes,Yes,Yes,No,Yes,Yes,No,Yes,No,13000
1096,1BHK,House,Full,Girls,Sector 6,Gandhinagar,,Fully,No,Yes,Yes,No,Yes,Yes,Yes,Yes,No,11000
1097,1BHK,Room,Sharing,Boys,Infocity,Gandhinagar,,Fully,No,Yes,Yes,No,Yes,Yes,No,Yes,Yes,19000
1098,2BHK,House,Sharing,Girls,Sector 3,Gandhinagar,,Basic,Yes,Yes,No,Yes,Yes,Yes,No,Yes,Yes,11000
1099,1BHK,Flat,Full,Boys,Sector 2,Gandhinagar,,Basic,Yes,No,No,Yes,Yes,Yes,Yes,Yes,No,12000
1100,1BHK,Tenament,Full,Family,Sector 13,Gandhinagar,,Semi,Yes,Yes,No,No,Yes,Yes,Yes,Yes,No,7000
1101,1BHK,Tenament,Sharing,Any,Vavol,Gandhinagar,,Fully,No,Yes,No,No,No,Yes,Yes,Yes,Yes,12000
1102,3BHK,Tenament,Sharing,Family,Raysan,Gandhinagar,,Basic,No,No,Yes,No,Yes,Yes,Yes,Yes,Yes,34000
1103,1BHK,Flat,Full,Any,Sargasan,Gandhinagar,,Semi,Yes,Yes,No,No,Yes,Yes,No,Yes,No,14000
1104,3BHK,House,Sharing,Any,Infocity,Gandhinagar,,Fully,No,Yes,Yes,Yes,No,Yes,Yes,Yes,No,42000
1105,2BHK,Tenament,Sharing,Any,Infocity,Gandhinagar,,Basic,No,Yes,No,Yes,No,Yes,Yes,Yes,Yes,26000
1106,3BHK,Tenament,Sharing,Boys,Sector 6,Gandhinagar,,Semi,Yes,No,Yes,Yes,No,Yes,Yes,Yes,Yes,23000
1107,2BHK,Tenament,Full,Boys,Sector 6,Gandhinagar,,Semi,No,No,No,No,No,Yes,No,Yes,No,22000
1108,1BHK,Tenament,Sharing,Girls,Sector 13,Gandhinagar,,Semi,No,Yes,Yes,No,Yes,Yes,No,Yes,Yes,8000
1109,3BHK,Room,Full,Boys,Infocity,Gandhinagar,,Basic,No,No,Yes,Yes,No,Yes,Yes,Yes,Yes,40000
1110,2BHK,House,Sharing,Girls,Sector 3,Gandhinagar,,Fully,Yes,Yes,No,No,Yes,Yes,No,Yes,No,15000
1111,1BHK,Tenament,Sharing,Any,Kudasan,Gandhinagar,,Basic,No,No,No,Yes,Yes,Yes,No,Yes,No,15000
1112,1BHK,Room,Full,Any,Sargasan,Gandhinagar,,Basic,Yes,No,Yes,Yes,Yes,Yes,No,Yes,Yes,17000
1113,2BHK,Room,Full,Girls,Sargasan,Gandhinagar,,Semi,No,No,Yes,No,Yes,Yes,No,Yes,No,27000
1114,3BHK,House,Sharing,Family,Raysan,Gandhinagar,,Fully,Yes,No,No,Yes,Yes,Yes,No,Yes,Yes,30000
1115,3BHK,House,Sharing,Boys,Kudasan,Gandhinagar,,Semi,Yes,Yes,No,Yes,No,Yes,Yes,Yes,Yes,34000
1116,1BHK,Flat,Full,Family,Sector 6,Gandhinagar,,Fully,Yes,No,Yes,No,Yes,Yes,No,Yes,Yes,14000
1117,2BHK,Tenament,Full,Family,Sargasan,Gandhinagar,,Basic,No,No,Yes,Yes,Yes,Yes,Yes,Yes,Yes,28000
1118,2BHK,Room,Sharing,Girls,Infocity,Gandhinagar,,Fully,Yes,No,Yes,Yes,No,Yes,No,Yes,No,31000
1119,2BHK,Room,Sharing,Any,Sector 13,Gandhinagar,,Fully,Yes,No,Yes,No,Yes,Yes,Yes,Yes,No,13000
1120,2BHK,Flat,Sharing,Any,Sector 6,Gandhinagar,,Fully,No,No,Yes,No,Yes,Yes,Yes,Yes,No,20000
1121,3BHK,Tenament,Full,Family,Sector 5A,Gandhinagar,,Fully,Yes,No,No,No,No,Yes,Yes,Yes,Yes,23000
1122,1BHK,Tenament,Full,Family,Kudasan,Gandhinagar,,Fully,No,Yes,Yes,Yes,Yes,Yes,Yes,Yes,No,13000
1123,2BHK,House,Sharing,Boys,Raysan,Gandhinagar,,Semi,No,Yes,No,Yes,No,Yes,No,Yes,No,26000
1124,1BHK,Tenament,Full,Boys,Vavol,Gandhinagar,,Semi,Yes,No,Yes,Yes,No,Yes,No,Yes,No,8000
1125,3BHK,Room,Full,Any,Sector 2,Gandhinagar,,Fully,No,Yes,Yes,No,No,Yes,No,Yes,Yes,26000
1126,3BHK,Room,Full,Family,Sector 2,Gandhinagar,,Fully,No,Yes,No,No,Yes,Yes,Yes,Yes,No,31000
1127,1BHK,Tenament,Sharing,Girls,Vavol,Gandhinagar,,Basic,Yes,No,No,Yes,No,Yes,Yes,Yes,Yes,12000
1128,2BHK,House,Sharing,Family,Infocity,Gandhinagar,,Fully,No,Yes,Yes,No,No,Yes,Yes,Yes,No,23000
1129,1BHK,Tenament,Full,Any,Sargasan,Gandhinagar,,Fully,No,Yes,Yes,No,No,Yes,Yes,Yes,No,19000
1130,1BHK,Flat,Sharing,Family,Raysan,Gandhinagar,,Basic,No,No,No,No,No,Yes,No,Yes,No,15000
1131,2BHK,Tenament,Full,Girls,Kudasan,Gandhinagar,,Fully,No,Yes,Yes,No,No,Yes,Yes,Yes,Yes,28000
1132,1BHK,House,Sharing,Any,Sector 2,Gandhinagar,,Fully,No,Yes,Yes,Yes,Yes,Yes,No,Yes,Yes,13000
1133,1BHK,Flat,Sharing,Any,Sector 3,Gandhinagar,,Semi,No,No,Yes,Yes,No,Yes,Yes,Yes,No,9000
1134,3BHK,Flat,Sharing,Boys,Sector 5A,Gandhinagar,,Fully,Yes,No,Yes,Yes,Yes,Yes,No,Yes,No,27000
1135,3BHK,Flat,Sharing,Girls,Sector 6,Gandhinagar,,Fully,Yes,Yes,No,No,Yes,Yes,Yes,Yes,Yes,24000
1136,2BHK,Room,Full,Any,Vavol,Gandhinagar,,Fully,Yes,No,No,Yes,No,Yes,Yes,Yes,Yes,15000
1137,3BHK,House,Full,Family,Sector 13,Gandhinagar,,Basic,No,No,No,Yes,Yes,Yes,Yes,Yes,Yes,18000
1138,3BHK,Flat,Sharing,Any,Kudasan,Gandhinagar,,Semi,No,No,Yes,No,Yes,Yes,No,Yes,Yes,33000
1139,2BHK,Room,Full,Girls,Sector 3,Gandhinagar,,Basic,Yes,No,No,Yes,No,Yes,No,Yes,No,15000
1140,3BHK,Room,Full,Boys,Sector 13,Gandhinagar,,Basic,Yes,No,No,No,Yes,Yes,No,Yes,Yes,17000
1141,2BHK,Flat,Sharing,Girls,Sector 13,Gandhinagar,,Basic,Yes,No,No,Yes,No,Yes,Yes,Yes,Yes,11000
1142,2BHK,House,Full,Family,Kudasan,Gandhinagar,,Semi,No,No,No,No,Yes,Yes,Yes,Yes,Yes,24000
1143,2BHK,Flat,Sharing,Boys,Sector 3,Gandhinagar,,Basic,No,Yes,Yes,No,No,Yes,Yes,Yes,No,12000
1144,1BHK,Tenament,Full,Girls,Vavol,Gandhinagar,,Semi,No,Yes,No,No,No,Yes,Yes,Yes,Yes,11000
1145,2BHK,Room,Sharing,Boys,Sector 2,Gandhinagar,,Basic,No,Yes,Yes,Yes,No,Yes,No,Yes,Yes,21000
1146,3BHK,House,Full,Family,Infocity,Gandhinagar,,Basic,No,Yes,Yes,No,Yes,Yes,No,Yes,Yes,33000
1147,3BHK,Flat,Sharing,Family,Kudasan,Gandhinagar,,Fully,No,Yes,Yes,Yes,No,Yes,No,Yes,Yes,29000
1148,3BHK,Tenament,Full,Any,Sector 3,Gandhinagar,,Semi,Yes,No,Yes,Yes,No,Yes,Yes,Yes,Yes,21000
1149,3BHK,House,Sharing,Any,Sector 5A,Gandhinagar,,Basic,No,Yes,No,Yes,Yes,Yes,No,Yes,No,21000
1150,3BHK,Flat,Full,Any,Raysan,Gandhinagar,,Semi,Yes,Yes,Yes,Yes,No,Yes,Yes,Yes,Yes,27000
1151,3BHK,Room,Full,Family,Sector 6,Gandhinagar,,Semi,Yes,Yes,No,Yes,No,Yes,Yes,Yes,Yes,26000
1152,3BHK,Tenament,Sharing,Any,Vavol,Gandhinagar,,Basic,Yes,No,Yes,Yes,Yes,Yes,No,Yes,No,18000
1153,2BHK,Room,Sharing,Boys,Sector 2,Gandhinagar,,Semi,No,No,No,No,Yes,Yes,No,Yes,No,18000
1154,3BHK,House,Sharing,Girls,Sector 13,Gandhinagar,,Semi,Yes,No,Yes,Yes,No,Yes,Yes,Yes,No,16000
1155,3BHK,House,Full,Girls,Sector 2,Gandhinagar,,Basic,Yes,No,No,No,No,Yes,No,Yes,Yes,32000
1156,3BHK,House,Full,Girls,Sector 2,Gandhinagar,,Semi,No,No,Yes,Yes,No,Yes,No,Yes,No,27000
1157,3BHK,Room,Full,Boys,Sector 2,Gandhinagar,,Semi,No,Yes,Yes,Yes,No,Yes,Yes,Yes,No,29000
1158,3BHK,Flat,Sharing,Family,Sector 13,Gandhinagar,,Semi,No,Yes,Yes,No,No,Yes,Yes,Yes,Yes,16000
1159,2BHK,Flat,Full,Any,Sector 13,Gandhinagar,,Basic,No,Yes,No,Yes,No,Yes,Yes,Yes,No,12000
1160,1BHK,Room,Full,Any,Sector 2,Gandhinagar,,Basic,Yes,Yes,Yes,No,Yes,Yes,Yes,Yes,No,13000
1161,2BHK,Flat,Full,Boys,Kudasan,Gandhinagar,,Semi,No,No,No,Yes,Yes,Yes,No,Yes,Yes,28000
1162,2BHK,Flat,Full,Any,Sector 2,Gandhinagar,,Semi,Yes,No,Yes,No,Yes,Yes,No,Yes,Yes,20000
1163,1BHK,Flat,Sharing,Boys,Raysan,Gandhinagar,,Semi,Yes,Yes,Yes,Yes,No,Yes,Yes,Yes,No,14000
1164,2BHK,Tenament,Sharing,Family,Sector 13,Gandhinagar,,Fully,No,No,Yes,No,Yes,Yes,No,Yes,Yes,11000
1165,1BHK,Tenament,Full,Boys,Sector 2,Gandhinagar,,Basic,Yes,No,Yes,No,No,Yes,No,Yes,Yes,12000
1166,1BHK,Flat,Sharing,Girls,Sector 5A,Gandhinagar,,Basic,Yes,Yes,Yes,No,Yes,Yes,No,Yes,Yes,13000
1167,1BHK,Tenament,Sharing,Any,Raysan,Gandhinagar,,Basic,No,Yes,Yes,No,Yes,Yes,No,Yes,Yes,15000
1168,1BHK,Flat,Sharing,Any,Vavol,Gandhinagar,,Semi,No,No,No,Yes,Yes,Yes,Yes,Yes,Yes,11000
1169,2BHK,Flat,Sharing,Family,Sector 5A,Gandhinagar,,Basic,Yes,Yes,No,Yes,No,Yes,Yes,Yes,Yes,14000
1170,1BHK,Flat,Full,Family,Raysan,Gandhinagar,,Basic,No,Yes,No,No,Yes,Yes,Yes,Yes,No,14000
1171,3BHK,Flat,Sharing,Boys,Vavol,Gandhinagar,,Basic,Yes,Yes,Yes,No,No,Yes,Yes,Yes,No,19000
1172,3BHK,Room,Sharing,Boys,Sector 6,Gandhinagar,,Fully,Yes,No,Yes,Yes,Yes,Yes,No,Yes,Yes,27000
1173,3BHK,Flat,Sharing,Any,Raysan,Gandhinagar,,Fully,No,No,Yes,No,No,Yes,No,Yes,No,30000
1174,2BHK,Flat,Sharing,Girls,Sector 13,Gandhinagar,,Basic,Yes,Yes,No,No,No,Yes,No,Yes,Yes,13000
1175,3BHK,Flat,Sharing,Any,Kudasan,Gandhinagar,,Fully,No,No,Yes,Yes,No,Yes,No,Yes,No,29000
1176,2BHK,House,Full,Boys,Sargasan,Gandhinagar,,Semi,Yes,Yes,No,Yes,Yes,Yes,No,Yes,No,23000
1177,3BHK,Room,Full,Family,Sector 5A,Gandhinagar,,Semi,Yes,No,No,No,No,Yes,Yes,Yes,No,21000
1178,2BHK,Room,Full,Girls,Sector 3,Gandhinagar,,Semi,Yes,Yes,No,Yes,Yes,Yes,Yes,Yes,No,15000
1179,1BHK,Flat,Sharing,Any,Sector 3,Gandhinagar,,Semi,No,Yes,No,Yes,No,Yes,Yes,Yes,No,8000
1180,3BHK,Room,Full,Boys,Vavol,Gandhinagar,,Basic,No,Yes,No,Yes,Yes,Yes,Yes,Yes,Yes,19000
1181,3BHK,Room,Sharing,Girls,Sector 5A,Gandhinagar,,Basic,No,No,No,No,Yes,Yes,Yes,Yes,No,26000
1182,3BHK,Flat,Full,Any,Infocity,Gandhinagar,,Basic,No,Yes,Yes,No,Yes,Yes,No,Yes,Yes,38000
1183,1BHK,House,Sharing,Boys,Sector 6,Gandhinagar,,Semi,Yes,No,No,No,No,Yes,No,Yes,Yes,12000
1184,3BHK,Tenament,Sharing,Any,Sector 5A,Gandhinagar,,Basic,No,No,Yes,No,Yes,Yes,Yes,Yes,Yes,26000
1185,3BHK,Flat,Full,Family,Sargasan,Gandhinagar,,Semi,No,No,No,No,Yes,Yes,Yes,Yes,Yes,41000
1186,1BHK,Tenament,Sharing,Any,Vavol,Gandhinagar,,Semi,Yes,No,Yes,Yes,No,Yes,No,Yes,No,11000
1187,2BHK,Flat,Sharing,Girls,Sargasan,Gandhinagar,,Semi,No,Yes,Yes,Yes,No,Yes,Yes,Yes,Yes,27000
1188,3BHK,Room,Full,Girls,Vavol,Gandhinagar,,Fully,Yes,No,No,No,Yes,Yes,No,Yes,No,19000
1189,2BHK,Tenament,Sharing,Any,Infocity,Gandhinagar,,Basic,Yes,Yes,Yes,Yes,No,Yes,No,Yes,No,28000
1190,2BHK,House,Full,Boys,Raysan,Gandhinagar,,Semi,No,No,Yes,No,No,Yes,Yes,Yes,No,24000
1191,2BHK,House,Full,Family,Sargasan,Gandhinagar,,Semi,Yes,Yes,Yes,Yes,Yes,Yes,Yes,Yes,Yes,22000
1192,2BHK,Flat,Full,Girls,Sector 2,Gandhinagar,,Fully,Yes,No,No,No,No,Yes,No,Yes,Yes,24000
1193,3BHK,Flat,Sharing,Girls,Sector 6,Gandhinagar,,Semi,Yes,No,Yes,Yes,Yes,Yes,No,Yes,Yes,28000
1194,3BHK,Flat,Sharing,Boys,Infocity,Gandhinagar,,Basic,No,No,Yes,No,Yes,Yes,Yes,Yes,No,36000
1195,2BHK,Flat,Sharing,Any,Raysan,Gandhinagar,,Fully,No,Yes,Yes,No,No,Yes,No,Yes,Yes,25000
1196,3BHK,House,Full,Girls,Sector 5A,Gandhinagar,,Fully,No,Yes,Yes,Yes,No,Yes,Yes,Yes,Yes,27000
1197,1BHK,Tenament,Sharing,Girls,Sector 3,Gandhinagar,,Fully,Yes,Yes,Yes,No,Yes,Yes,Yes,Yes,No,8000
1198,2BHK,Room,Sharing,Family,Infocity,Gandhinagar,,Fully,No,Yes,Yes,Yes,Yes,Yes,Yes,Yes,No,31000
1199,3BHK,House,Sharing,Family,Sector 2,Gandhinagar,,Fully,Yes,Yes,Yes,Yes,Yes,Yes,Yes,Yes,No,25000
1200,2BHK,House,Full,Family,Raysan,Gandhinagar,,Basic,No,No,Yes,Yes,No,Yes,Yes,Yes,Yes,20000
1201,3BHK,House,Full,Family,Infocity,Gandhinagar,,Basic,No,No,Yes,No,No,Yes,Yes,Yes,No,36000
1202,3BHK,House,Full,Girls,Vavol,Gandhinagar,,Basic,No,No,No,No,No,Yes,Yes,Yes,Yes,22000
1203,2BHK,Tenament,Full,Family,Sector 13,Gandhinagar,,Semi,Yes,No,No,No,Yes,Yes,Yes,Yes,Yes,10000
1204,3BHK,House,Sharing,Boys,Kudasan,Gandhinagar,,Fully,No,No,Yes,Yes,Yes,Yes,No,Yes,No,33000
1205,1BHK,House,Full,Girls,Sector 6,Gandhinagar,,Fully,Yes,Yes,Yes,Yes,No,Yes,Yes,Yes,No,15000
1206,1BHK,Room,Full,Family,Vavol,Gandhinagar,,Basic,No,No,Yes,Yes,Yes,Yes,Yes,Yes,No,10000
1207,1BHK,Flat,Sharing,Family,Vavol,Gandhinagar,,Fully,No,Yes,No,No,No,Yes,No,Yes,Yes,11000
1208,1BHK,House,Sharing,Any,Sargasan,Gandhinagar,,Basic,No,No,No,No,Yes,Yes,No,Yes,Yes,17000
1209,3BHK,Flat,Sharing,Any,Sargasan,Gandhinagar,,Fully,No,No,Yes,Yes,No,Yes,Yes,Yes,No,37000
1210,3BHK,Flat,Sharing,Boys,Sector 2,Gandhinagar,,Semi,Yes,No,No,Yes,No,Yes,No,Yes,Yes,26000
1211,2BHK,Flat,Full,Any,Sector 5A,Gandhinagar,,Basic,No,Yes,No,No,Yes,Yes,No,Yes,No,15000
1212,1BHK,House,Full,Boys,Infocity,Gandhinagar,,Basic,Yes,No,No,No,Yes,Yes,No,Yes,Yes,17000
1213,3BHK,Flat,Sharing,Boys,Sector 5A,Gandhinagar,,Fully,Yes,Yes,No,Yes,No,Yes,Yes,Yes,Yes,24000
1214,2BHK,House,Full,Girls,Sector 5A,Gandhinagar,,Semi,No,Yes,Yes,No,No,Yes,No,Yes,No,19000
1215,1BHK,Flat,Full,Family,Sargasan,Gandhinagar,,Semi,No,Yes,No,No,Yes,Yes,Yes,Yes,No,20000
1216,1BHK,House,Full,Any,Kudasan,Gandhinagar,,Fully,Yes,No,No,Yes,No,Yes,Yes,Yes,Yes,19000
1217,2BHK,Tenament,Full,Any,Sector 2,Gandhinagar,,Basic,Yes,No,Yes,No,No,Yes,No,Yes,Yes,20000
1218,1BHK,Tenament,Full,Boys,Raysan,Gandhinagar,,Fully,Yes,No,No,No,Yes,Yes,No,Yes,No,15000
1219,2BHK,House,Sharing,Boys,Vavol,Gandhinagar,,Basic,Yes,Yes,Yes,Yes,No,Yes,No,Yes,Yes,15000
1220,2BHK,Tenament,Full,Boys,Sargasan,Gandhinagar,,Semi,Yes,No,No,Yes,No,Yes,Yes,Yes,No,27000
1221,3BHK,Flat,Full,Any,Sector 5A,Gandhinagar,,Semi,No,No,No,Yes,Yes,Yes,No,Yes,Yes,21000
1222,3BHK,Room,Full,Boys,Sargasan,Gandhinagar,,Semi,Yes,No,Yes,No,Yes,Yes,No,Yes,Yes,32000
1223,2BHK,Tenament,Sharing,Family,Sector 5A,Gandhinagar,,Basic,Yes,Yes,No,No,Yes,Yes,Yes,Yes,No,14000
1224,2BHK,Room,Full,Family,Infocity,Gandhinagar,,Basic,No,No,Yes,Yes,No,Yes,No,Yes,No,32000
1225,2BHK,Room,Sharing,Family,Sector 13,Gandhinagar,,Fully,Yes,Yes,Yes,No,Yes,Yes,No,Yes,Yes,11000
1226,2BHK,Flat,Sharing,Girls,Sector 5A,Gandhinagar,,Basic,Yes,No,Yes,No,No,Yes,No,Yes,Yes,17000
1227,3BHK,Flat,Sharing,Any,Infocity,Gandhinagar,,Fully,Yes,No,No,Yes,No,Yes,Yes,Yes,No,38000
1228,2BHK,Tenament,Sharing,Any,Raysan,Gandhinagar,,Semi,Yes,No,Yes,Yes,Yes,Yes,Yes,Yes,No,21000
1229,1BHK,Flat,Sharing,Girls,Sector 5A,Gandhinagar,,Basic,Yes,No,No,Yes,Yes,Yes,Yes,Yes,No,9000
1230,3BHK,Room,Sharing,Boys,Vavol,Gandhinagar,,Basic,No,Yes,No,No,No,Yes,Yes,Yes,Yes,20000
1231,3BHK,Room,Full,Any,Sector 3,Gandhinagar,,Fully,Yes,No,Yes,Yes,No,Yes,Yes,Yes,Yes,18000
1232,3BHK,Flat,Full,Girls,Kudasan,Gandhinagar,,Semi,Yes,Yes,No,No,No,Yes,No,Yes,Yes,31000
1233,3BHK,Flat,Full,Boys,Sector 5A,Gandhinagar,,Fully,Yes,Yes,No,Yes,Yes,Yes,No,Yes,Yes,25000
1234,2BHK,House,Full,Family,Vavol,Gandhinagar,,Basic,No,Yes,Yes,Yes,Yes,Yes,Yes,Yes,No,13000
1235,1BHK,House,Full,Family,Sector 13,Gandhinagar,,Basic,No,Yes,Yes,Yes,Yes,Yes,No,Yes,No,8000
1236,2BHK,Tenament,Sharing,Boys,Sargasan,Gandhinagar,,Semi,No,Yes,Yes,Yes,No,Yes,Yes,Yes,Yes,25000
1237,3BHK,House,Full,Family,Sector 3,Gandhinagar,,Fully,No,No,Yes,No,No,Yes,Yes,Yes,Yes,16000
1238,1BHK,Tenament,Sharing,Boys,Sector 2,Gandhinagar,,Basic,Yes,Yes,No,No,No,Yes,Yes,Yes,No,15000
1239,3BHK,House,Full,Any,Infocity,Gandhinagar,,Basic,Yes,No,Yes,Yes,No,Yes,No,Yes,Yes,43000
1240,3BHK,Flat,Sharing,Family,Kudasan,Gandhinagar,,Semi,No,No,Yes,No,No,Yes,No,Yes,Yes,32000
1241,2BHK,Tenament,Full,Any,Sector 3,Gandhinagar,,Semi,No,Yes,No,No,No,Yes,Yes,Yes,Yes,11000
1242,1BHK,Room,Sharing,Girls,Sector 2,Gandhinagar,,Semi,No,Yes,No,Yes,Yes,Yes,No,Yes,No,14000
1243,1BHK,Room,Full,Boys,Kudasan,Gandhinagar,,Basic,Yes,No,No,Yes,Yes,Yes,No,Yes,Yes,16000
1244,1BHK,Flat,Full,Girls,Sector 6,Gandhinagar,,Semi,Yes,No,Yes,Yes,No,Yes,Yes,Yes,Yes,10000
1245,2BHK,House,Sharing,Girls,Raysan,Gandhinagar,,Semi,No,Yes,Yes,No,No,Yes,No,Yes,No,21000
1246,3BHK,House,Full,Family,Vavol,Gandhinagar,,Basic,Yes,No,No,No,No,Yes,No,Yes,No,23000
1247,1BHK,Flat,Sharing,Family,Vavol,Gandhinagar,,Semi,Yes,No,Yes,Yes,Yes,Yes,No,Yes,Yes,8000
1248,1BHK,Tenament,Sharing,Boys,Vavol,Gandhinagar,,Semi,Yes,Yes,Yes,Yes,Yes,Yes,Yes,Yes,No,11000
1249,1BHK,Room,Full,Family,Kudasan,Gandhinagar,,Semi,No,No,Yes,No,Yes,Yes,Yes,Yes,No,17000
1250,1BHK,Room,Sharing,Girls,Vavol,Gandhinagar,,Basic,Yes,Yes,No,Yes,No,Yes,Yes,Yes,Yes,9000
1251,1BHK,Flat,Sharing,Boys,Vavol,Gandhinagar,,Basic,Yes,Yes,Yes,Yes,No,Yes,Yes,Yes,Yes,11000
1252,3BHK,Flat,Full,Family,Sector 5A,Gandhinagar,,Fully,No,No,Yes,Yes,No,Yes,Yes,Yes,No,20000
1253,2BHK,Tenament,Full,Any,Kudasan,Gandhinagar,,Basic,Yes,Yes,Yes,Yes,Yes,Yes,No,Yes,No,28000
1254,2BHK,Room,Sharing,Girls,Sector 13,Gandhinagar,,Basic,Yes,No,No,No,No,Yes,No,Yes,No,10000
1255,3BHK,Room,Full,Boys,Sector 5A,Gandhinagar,,Semi,No,Yes,No,No,Yes,Yes,No,Yes,No,21000
1256,1BHK,House,Full,Family,Sector 3,Gandhinagar,,Fully,Yes,Yes,Yes,Yes,No,Yes,No,Yes,Yes,10000
1257,3BHK,House,Sharing,Boys,Kudasan,Gandhinagar,,Fully,No,Yes,No,Yes,No,Yes,No,Yes,No,35000
1258,1BHK,Tenament,Sharing,Girls,Infocity,Gandhinagar,,Basic,No,Yes,No,No,No,Yes,No,Yes,No,16000
1259,1BHK,House,Full,Boys,Vavol,Gandhinagar,,Semi,Yes,Yes,No,Yes,No,Yes,No,Yes,No,9000
1260,1BHK,Flat,Sharing,Girls,Sector 6,Gandhinagar,,Fully,No,Yes,Yes,No,Yes,Yes,Yes,Yes,Yes,14000
1261,3BHK,Flat,Full,Boys,Vavol,Gandhinagar,,Fully,No,Yes,No,Yes,No,Yes,Yes,Yes,No,22000
1262,1BHK,House,Sharing,Girls,Sector 6,Gandhinagar,,Fully,Yes,No,Yes,Yes,Yes,Yes,No,Yes,Yes,13000
1263,3BHK,Flat,Full,Girls,Sector 13,Gandhinagar,,Basic,No,No,No,No,Yes,Yes,No,Yes,No,16000
1264,2BHK,Room,Full,Family,Sector 6,Gandhinagar,,Basic,Yes,No,No,Yes,No,Yes,No,Yes,Yes,21000
1265,1BHK,Room,Full,Girls,Kudasan,Gandhinagar,,Semi,No,Yes,Yes,Yes,No,Yes,Yes,Yes,No,19000
1266,3BHK,Room,Sharing,Family,Sector 13,Gandhinagar,,Basic,No,Yes,No,Yes,No,Yes,Yes,Yes,No,16000
1267,1BHK,Flat,Sharing,Girls,Sector 13,Gandhinagar,,Basic,No,No,Yes,Yes,No,Yes,No,Yes,No,8000
1268,2BHK,Flat,Sharing,Boys,Kudasan,Gandhinagar,,Fully,No,No,No,No,No,Yes,Yes,Yes,No,26000
1269,2BHK,Tenament,Full,Family,Sector 5A,Gandhinagar,,Fully,Yes,Yes,No,Yes,No,Yes,No,Yes,No,14000
1270,2BHK,Flat,Sharing,Boys,Sector 3,Gandhinagar,,Semi,No,Yes,Yes,Yes,Yes,Yes,No,Yes,No,12000
1271,1BHK,House,Full,Any,Sector 13,Gandhinagar,,Fully,No,No,No,No,Yes,Yes,No,Yes,No,7000
1272,1BHK,House,Sharing,Boys,Raysan,Gandhinagar,,Basic,No,Yes,Yes,Yes,Yes,Yes,No,Yes,No,15000
1273,2BHK,Flat,Full,Girls,Raysan,Gandhinagar,,Semi,Yes,No,No,Yes,No,Yes,Yes,Yes,No,21000
1274,3BHK,Tenament,Full,Boys,Sector 6,Gandhinagar,,Semi,Yes,No,Yes,Yes,Yes,Yes,No,Yes,No,28000
1275,3BHK,Tenament,Sharing,Boys,Infocity,Gandhinagar,,Basic,No,No,No,Yes,Yes,Yes,Yes,Yes,Yes,39000
1276,2BHK,Flat,Sharing,Any,Sector 3,Gandhinagar,,Semi,No,Yes,Yes,No,No,Yes,No,Yes,Yes,14000
1277,1BHK,Flat,Sharing,Any,Sector 13,Gandhinagar,,Basic,Yes,No,No,No,Yes,Yes,No,Yes,Yes,8000
1278,3BHK,Room,Full,Boys,Infocity,Gandhinagar,,Semi,No,Yes,No,Yes,No,Yes,Yes,Yes,Yes,44000
1279,1BHK,House,Full,Boys,Sector 5A,Gandhinagar,,Semi,No,Yes,Yes,No,No,Yes,Yes,Yes,No,12000
1280,2BHK,Tenament,Sharing,Any,Raysan,Gandhinagar,,Fully,Yes,No,No,Yes,Yes,Yes,Yes,Yes,No,26000
1281,3BHK,House,Full,Family,Infocity,Gandhinagar,,Basic,Yes,No,No,No,No,Yes,Yes,Yes,No,35000
1282,1BHK,Tenament,Full,Girls,Kudasan,Gandhinagar,,Basic,Yes,Yes,Yes,Yes,Yes,Yes,Yes,Yes,No,14000
1283,3BHK,Tenament,Sharing,Any,Sargasan,Gandhinagar,,Semi,No,Yes,Yes,Yes,Yes,Yes,Yes,Yes,Yes,33000
1284,2BHK,Flat,Sharing,Family,Kudasan,Gandhinagar,,Fully,No,No,No,No,Yes,Yes,Yes,Yes,Yes,26000
1285,2BHK,Flat,Full,Family,Sector 5A,Gandhinagar,,Semi,Yes,No,Yes,No,No,Yes,No,Yes,Yes,18000
1286,3BHK,Room,Sharing,Any,Vavol,Gandhinagar,,Fully,Yes,Yes,Yes,No,No,Yes,Yes,Yes,Yes,20000
1287,1BHK,Flat,Sharing,Boys,Kudasan,Gandhinagar,,Semi,Yes,No,Yes,Yes,Yes,Yes,Yes,Yes,Yes,14000
1288,1BHK,House,Full,Any,Sector 5A,Gandhinagar,,Basic,Yes,No,Yes,No,No,Yes,No,Yes,No,13000
1289,3BHK,Room,Sharing,Girls,Sector 13,Gandhinagar,,Basic,No,No,Yes,No,Yes,Yes,No,Yes,No,16000
1290,1BHK,Tenament,Sharing,Family,Sargasan,Gandhinagar,,Basic,No,No,No,Yes,Yes,Yes,No,Yes,No,17000
1291,2BHK,Tenament,Sharing,Family,Sargasan,Gandhinagar,,Fully,Yes,No,No,Yes,No,Yes,Yes,Yes,No,23000
1292,3BHK,Room,Sharing,Girls,Sector 6,Gandhinagar,,Basic,No,Yes,No,No,No,Yes,Yes,Yes,No,27000
1293,1BHK,House,Full,Any,Sector 2,Gandhinagar,,Semi,No,No,Yes,No,Yes,Yes,No,Yes,Yes,13000
1294,3BHK,Room,Full,Girls,Sector 2,Gandhinagar,,Semi,No,No,No,No,No,Yes,Yes,Yes,Yes,26000
1295,2BHK,Tenament,Sharing,Any,Kudasan,Gandhinagar,,Basic,No,Yes,No,No,No,Yes,Yes,Yes,Yes,27000
1296,3BHK,House,Sharing,Family,Sargasan,Gandhinagar,,Fully,No,No,No,No,No,Yes,Yes,Yes,No,35000
1297,1BHK,Room,Full,Any,Kudasan,Gandhinagar,,Semi,No,Yes,No,Yes,Yes,Yes,Yes,Yes,Yes,15000
1298,3BHK,Room,Sharing,Any,Sector 13,Gandhinagar,,Fully,Yes,No,Yes,Yes,Yes,Yes,No,Yes,Yes,13000
1299,1BHK,House,Sharing,Boys,Sargasan,Gandhinagar,,Semi,No,Yes,Yes,Yes,No,Yes,No,Yes,Yes,17000
1300,3BHK,House,Full,Family,Infocity,Gandhinagar,,Fully,Yes,No,Yes,Yes,Yes,Yes,No,Yes,No,44000
1301,2BHK,Flat,Sharing,Boys,Sector 2,Gandhinagar,,Fully,Yes,Yes,Yes,Yes,Yes,Yes,No,Yes,No,18000
1302,2BHK,Tenament,Sharing,Boys,Infocity,Gandhinagar,,Fully,No,No,Yes,No,Yes,Yes,No,Yes,Yes,29000
1303,1BHK,Tenament,Full,Girls,Sector 13,Gandhinagar,,Semi,Yes,No,No,Yes,No,Yes,No,Yes,No,6000
1304,1BHK,Tenament,Full,Girls,Sector 6,Gandhinagar,,Basic,No,Yes,Yes,Yes,Yes,Yes,No,Yes,Yes,12000
1305,3BHK,Tenament,Sharing,Boys,Infocity,Gandhinagar,,Semi,No,No,No,No,Yes,Yes,No,Yes,No,44000
1306,2BHK,House,Full,Boys,Vavol,Gandhinagar,,Basic,Yes,Yes,No,Yes,No,Yes,Yes,Yes,No,13000
1307,3BHK,Room,Full,Boys,Sector 3,Gandhinagar,,Fully,Yes,No,No,No,No,Yes,Yes,Yes,No,21000
1308,1BHK,Tenament,Sharing,Any,Sector 6,Gandhinagar,,Basic,Yes,No,No,Yes,No,Yes,Yes,Yes,Yes,12000
1309,3BHK,Tenament,Sharing,Boys,Kudasan,Gandhinagar,,Fully,Yes,Yes,No,No,Yes,Yes,Yes,Yes,Yes,34000
1310,1BHK,Flat,Sharing,Family,Sector 13,Gandhinagar,,Semi,Yes,No,Yes,No,Yes,Yes,No,Yes,No,6000
1311,2BHK,House,Full,Family,Raysan,Gandhinagar,,Fully,Yes,Yes,Yes,No,No,Yes,Yes,Yes,No,23000
1312,2BHK,Tenament,Sharing,Any,Sector 6,Gandhinagar,,Basic,Yes,No,Yes,No,No,Yes,Yes,Yes,Yes,18000
1313,2BHK,House,Full,Boys,Sector 2,Gandhinagar,,Basic,Yes,Yes,No,No,No,Yes,No,Yes,No,20000
1314,2BHK,House,Full,Family,Vavol,Gandhinagar,,Semi,Yes,No,Yes,Yes,No,Yes,Yes,Yes,No,13000
1315,3BHK,Room,Full,Family,Sargasan,Gandhinagar,,Basic,Yes,No,No,No,Yes,Yes,Yes,Yes,Yes,39000
1316,2BHK,Flat,Full,Boys,Raysan,Gandhinagar,,Fully,Yes,No,No,No,Yes,Yes,Yes,Yes,No,20000
1317,3BHK,Tenament,Full,Girls,Sector 5A,Gandhinagar,,Semi,Yes,No,Yes,No,Yes,Yes,Yes,Yes,Yes,20000
1318,3BHK,Flat,Full,Family,Sector 3,Gandhinagar,,Semi,No,No,No,Yes,Yes,Yes,Yes,Yes,No,19000
1319,3BHK,Room,Full,Girls,Sector 6,Gandhinagar,,Semi,Yes,No,No,Yes,No,Yes,No,Yes,No,26000
1320,3BHK,Room,Full,Girls,Vavol,Gandhinagar,,Fully,No,Yes,Yes,Yes,Yes,Yes,No,Yes,No,22000
1321,1BHK,Tenament,Full,Family,Sector 3,Gandhinagar,,Semi,Yes,No,Yes,No,No,Yes,Yes,Yes,No,8000
1322,3BHK,Flat,Full,Family,Infocity,Gandhinagar,,Semi,Yes,Yes,No,No,No,Yes,Yes,Yes,No,43000
1323,1BHK,House,Full,Any,Sector 13,Gandhinagar,,Semi,Yes,Yes,Yes,Yes,Yes,Yes,Yes,Yes,Yes,7000
1324,3BHK,Room,Sharing,Family,Raysan,Gandhinagar,,Fully,Yes,No,Yes,Yes,No,Yes,No,Yes,No,32000
1325,3BHK,Tenament,Sharing,Boys,Infocity,Gandhinagar,,Fully,Yes,No,No,No,No,Yes,No,Yes,No,34000
1326,1BHK,Flat,Full,Any,Sector 2,Gandhinagar,,Basic,No,Yes,No,No,No,Yes,Yes,Yes,No,15000
1327,3BHK,House,Full,Girls,Infocity,Gandhinagar,,Basic,No,No,No,No,Yes,Yes,No,Yes,Yes,37000
1328,1BHK,Tenament,Full,Family,Vavol,Gandhinagar,,Basic,No,Yes,Yes,Yes,No,Yes,Yes,Yes,Yes,9000
1329,3BHK,Room,Sharing,Family,Sargasan,Gandhinagar,,Semi,No,No,No,Yes,No,Yes,Yes,Yes,Yes,38000
1330,3BHK,Room,Sharing,Family,Sector 13,Gandhinagar,,Basic,No,Yes,No,Yes,Yes,Yes,No,Yes,Yes,16000
1331,1BHK,Tenament,Sharing,Any,Sector 2,Gandhinagar,,Semi,No,No,Yes,No,Yes,Yes,Yes,Yes,No,14000
1332,3BHK,Tenament,Sharing,Any,Raysan,Gandhinagar,,Semi,Yes,Yes,Yes,Yes,Yes,Yes,No,Yes,Yes,29000
1333,1BHK,Room,Sharing,Girls,Sector 3,Gandhinagar,,Fully,No,No,Yes,No,No,Yes,Yes,Yes,No,10000
1334,3BHK,Room,Sharing,Boys,Sargasan,Gandhinagar,,Fully,No,Yes,No,Yes,No,Yes,No,Yes,Yes,35000
1335,1BHK,House,Sharing,Boys,Vavol,Gandhinagar,,Fully,Yes,Yes,No,Yes,No,Yes,No,Yes,Yes,10000
1336,3BHK,House,Full,Any,Sector 5A,Gandhinagar,,Semi,Yes,No,No,No,No,Yes,No,Yes,No,26000
1337,3BHK,Flat,Sharing,Family,Raysan,Gandhinagar,,Basic,No,No,No,Yes,No,Yes,Yes,Yes,No,31000
1338,1BHK,House,Full,Any,Sector 2,Gandhinagar,,Fully,Yes,No,No,No,Yes,Yes,Yes,Yes,Yes,12000
1339,2BHK,Room,Sharing,Family,Sector 5A,Gandhinagar,,Basic,Yes,No,Yes,No,No,Yes,No,Yes,No,17000
1340,3BHK,House,Sharing,Girls,Infocity,Gandhinagar,,Semi,Yes,No,No,Yes,No,Yes,Yes,Yes,No,44000
1341,3BHK,Tenament,Sharing,Boys,Sargasan,Gandhinagar,,Semi,No,Yes,Yes,No,Yes,Yes,No,Yes,No,36000
1342,1BHK,Tenament,Sharing,Any,Sector 2,Gandhinagar,,Basic,No,Yes,No,Yes,No,Yes,Yes,Yes,Yes,15000
1343,1BHK,Tenament,Sharing,Girls,Sector 6,Gandhinagar,,Fully,No,No,No,Yes,Yes,Yes,No,Yes,Yes,11000
1344,3BHK,Flat,Full,Family,Vavol,Gandhinagar,,Semi,Yes,No,No,No,Yes,Yes,Yes,Yes,Yes,20000
1345,2BHK,Tenament,Full,Family,Kudasan,Gandhinagar,,Fully,Yes,No,No,No,No,Yes,No,Yes,Yes,28000
1346,2BHK,House,Sharing,Boys,Infocity,Gandhinagar,,Basic,No,No,Yes,No,Yes,Yes,No,Yes,Yes,23000
1347,1BHK,Room,Sharing,Any,Vavol,Gandhinagar,,Semi,Yes,No,No,No,Yes,Yes,Yes,Yes,No,10000
1348,2BHK,Flat,Sharing,Girls,Kudasan,Gandhinagar,,Fully,Yes,Yes,Yes,No,Yes,Yes,No,Yes,Yes,23000
1349,3BHK,Flat,Sharing,Family,Infocity,Gandhinagar,,Semi,Yes,No,No,Yes,No,Yes,Yes,Yes,Yes,43000
1350,1BHK,Room,Sharing,Girls,Sargasan,Gandhinagar,,Semi,No,Yes,No,Yes,Yes,Yes,Yes,Yes,No,18000
1351,3BHK,Tenament,Full,Family,Raysan,Gandhinagar,,Fully,Yes,Yes,No,Yes,Yes,Yes,No,Yes,No,30000
1352,2BHK,Flat,Sharing,Girls,Sector 2,Gandhinagar,,Fully,No,Yes,No,No,No,Yes,Yes,Yes,Yes,17000
1353,2BHK,Tenament,Full,Boys,Kudasan,Gandhinagar,,Basic,Yes,Yes,Yes,No,Yes,Yes,No,Yes,No,20000
1354,2BHK,Tenament,Sharing,Girls,Kudasan,Gandhinagar,,Basic,Yes,No,No,No,Yes,Yes,Yes,Yes,No,25000
1355,3BHK,Room,Full,Any,Infocity,Gandhinagar,,Fully,Yes,No,Yes,Yes,No,Yes,No,Yes,Yes,41000
1356,3BHK,House,Full,Family,Sector 2,Gandhinagar,,Fully,No,Yes,No,No,No,Yes,Yes,Yes,Yes,32000
1357,1BHK,Room,Sharing,Family,Sector 6,Gandhinagar,,Basic,Yes,Yes,Yes,Yes,Yes,Yes,No,Yes,Yes,11000
1358,3BHK,Tenament,Sharing,Girls,Sector 6,Gandhinagar,,Fully,Yes,Yes,No,Yes,No,Yes,Yes,Yes,No,27000
1359,3BHK,Room,Sharing,Boys,Infocity,Gandhinagar,,Fully,No,Yes,No,Yes,No,Yes,Yes,Yes,Yes,43000
1360,1BHK,Tenament,Full,Boys,Sector 2,Gandhinagar,,Basic,Yes,Yes,Yes,No,No,Yes,Yes,Yes,No,13000
1361,3BHK,Flat,Sharing,Boys,Sector 5A,Gandhinagar,,Semi,No,Yes,No,Yes,Yes,Yes,Yes,Yes,Yes,21000
1362,1BHK,Flat,Sharing,Boys,Sector 3,Gandhinagar,,Fully,Yes,Yes,Yes,Yes,Yes,Yes,Yes,Yes,No,9000
1363,1BHK,Tenament,Sharing,Boys,Vavol,Gandhinagar,,Basic,No,No,No,Yes,No,Yes,Yes,Yes,No,9000
1364,1BHK,House,Full,Boys,Sector 13,Gandhinagar,,Basic,Yes,No,No,No,No,Yes,No,Yes,No,9000
1365,2BHK,Tenament,Full,Family,Vavol,Gandhinagar,,Basic,No,Yes,Yes,Yes,No,Yes,Yes,Yes,No,14000
1366,2BHK,Room,Full,Family,Infocity,Gandhinagar,,Basic,No,No,No,Yes,Yes,Yes,Yes,Yes,No,31000
1367,1BHK,Tenament,Full,Any,Sector 6,Gandhinagar,,Fully,Yes,Yes,No,No,Yes,Yes,No,Yes,Yes,15000
1368,2BHK,House,Sharing,Boys,Sargasan,Gandhinagar,,Semi,No,No,Yes,Yes,No,Yes,Yes,Yes,No,28000
1369,1BHK,Tenament,Sharing,Boys,Vavol,Gandhinagar,,Basic,No,No,Yes,Yes,No,Yes,No,Yes,Yes,10000
1370,2BHK,House,Sharing,Family,Sector 6,Gandhinagar,,Basic,Yes,Yes,Yes,No,No,Yes,No,Yes,Yes,20000
1371,1BHK,Flat,Sharing,Any,Sector 5A,Gandhinagar,,Basic,No,No,No,Yes,No,Yes,Yes,Yes,No,10000
1372,1BHK,House,Sharing,Any,Sector 6,Gandhinagar,,Fully,Yes,Yes,No,Yes,Yes,Yes,Yes,Yes,Yes,11000
1373,3BHK,Flat,Full,Boys,Sector 6,Gandhinagar,,Fully,Yes,No,Yes,Yes,Yes,Yes,No,Yes,Yes,27000
1374,1BHK,Tenament,Sharing,Girls,Infocity,Gandhinagar,,Basic,Yes,No,Yes,No,No,Yes,No,Yes,Yes,20000
1375,3BHK,Tenament,Full,Girls,Infocity,Gandhinagar,,Semi,No,Yes,No,Yes,No,Yes,No,Yes,No,43000
1376,1BHK,Tenament,Sharing,Girls,Vavol,Gandhinagar,,Basic,No,No,No,No,No,Yes,Yes,Yes,Yes,11000
1377,3BHK,Room,Full,Girls,Sector 2,Gandhinagar,,Basic,Yes,No,Yes,No,No,Yes,No,Yes,Yes,29000
1378,1BHK,House,Full,Family,Sector 5A,Gandhinagar,,Semi,Yes,No,Yes,Yes,No,Yes,Yes,Yes,No,10000
1379,1BHK,Tenament,Sharing,Boys,Sector 3,Gandhinagar,,Basic,No,No,Yes,No,No,Yes,Yes,Yes,Yes,10000
1380,1BHK,House,Full,Family,Kudasan,Gandhinagar,,Semi,Yes,No,No,No,No,Yes,No,Yes,Yes,18000
1381,2BHK,Tenament,Full,Family,Sector 2,Gandhinagar,,Semi,Yes,Yes,No,No,No,Yes,Yes,Yes,Yes,18000
1382,2BHK,Tenament,Sharing,Boys,Sargasan,Gandhinagar,,Basic,Yes,No,Yes,No,Yes,Yes,Yes,Yes,No,25000
1383,1BHK,Flat,Full,Girls,Sector 5A,Gandhinagar,,Fully,No,Yes,Yes,Yes,Yes,Yes,Yes,Yes,Yes,10000
1384,2BHK,Room,Full,Boys,Sargasan,Gandhinagar,,Fully,Yes,No,No,Yes,No,Yes,Yes,Yes,Yes,25000
1385,3BHK,Room,Sharing,Boys,Kudasan,Gandhinagar,,Semi,Yes,No,No,Yes,Yes,Yes,Yes,Yes,No,35000
1386,3BHK,Flat,Full,Boys,Kudasan,Gandhinagar,,Semi,Yes,No,Yes,Yes,No,Yes,No,Yes,No,35000
1387,2BHK,House,Full,Boys,Vavol,Gandhinagar,,Semi,Yes,No,No,No,Yes,Yes,No,Yes,No,15000
1388,1BHK,Flat,Sharing,Family,Infocity,Gandhinagar,,Basic,No,Yes,No,Yes,No,Yes,Yes,Yes,No,20000
1389,1BHK,Tenament,Sharing,Any,Sector 2,Gandhinagar,,Fully,Yes,Yes,No,No,Yes,Yes,Yes,Yes,Yes,15000
1390,2BHK,House,Sharing,Boys,Sector 2,Gandhinagar,,Basic,No,Yes,No,No,Yes,Yes,Yes,Yes,No,19000
1391,1BHK,House,Sharing,Boys,Sector 2,Gandhinagar,,Fully,No,Yes,No,Yes,No,Yes,Yes,Yes,Yes,16000
1392,2BHK,Room,Sharing,Any,Kudasan,Gandhinagar,,Fully,Yes,No,No,No,Yes,Yes,Yes,Yes,Yes,20000
1393,2BHK,Room,Sharing,Boys,Raysan,Gandhinagar,,Basic,Yes,Yes,Yes,No,Yes,Yes,No,Yes,No,23000
1394,3BHK,Room,Sharing,Girls,Sector 2,Gandhinagar,,Basic,Yes,Yes,No,Yes,Yes,Yes,Yes,Yes,No,27000
1395,2BHK,Tenament,Sharing,Any,Kudasan,Gandhinagar,,Basic,Yes,No,No,No,Yes,Yes,Yes,Yes,No,20000
1396,3BHK,House,Full,Family,Infocity,Gandhinagar,,Basic,No,No,Yes,No,No,Yes,No,Yes,Yes,41000
1397,2BHK,Flat,Full,Boys,Sector 3,Gandhinagar,,Basic,No,Yes,No,No,No,Yes,No,Yes,No,12000
1398,2BHK,House,Sharing,Boys,Vavol,Gandhinagar,,Basic,Yes,No,No,Yes,No,Yes,Yes,Yes,No,17000
1399,1BHK,House,Full,Any,Sector 2,Gandhinagar,,Semi,No,No,No,No,Yes,Yes,No,Yes,Yes,15000
1400,2BHK,Flat,Sharing,Family,Sector 6,Gandhinagar,,Fully,Yes,No,Yes,No,Yes,Yes,No,Yes,No,18000
1401,1BHK,House,Full,Family,Raysan,Gandhinagar,,Fully,Yes,Yes,Yes,Yes,Yes,Yes,Yes,Yes,Yes,13000
1402,2BHK,Room,Full,Boys,Infocity,Gandhinagar,,Fully,Yes,No,No,Yes,No,Yes,Yes,Yes,Yes,32000
1403,1BHK,Tenament,Sharing,Family,Sector 3,Gandhinagar,,Basic,Yes,Yes,Yes,No,No,Yes,Yes,Yes,No,10000
1404,1BHK,Room,Sharing,Boys,Sector 13,Gandhinagar,,Semi,No,Yes,No,Yes,Yes,Yes,Yes,Yes,No,8000
1405,2BHK,Room,Full,Boys,Sector 5A,Gandhinagar,,Basic,Yes,No,Yes,Yes,Yes,Yes,Yes,Yes,No,15000
1406,1BHK,Flat,Sharing,Girls,Infocity,Gandhinagar,,Semi,Yes,No,Yes,Yes,No,Yes,Yes,Yes,Yes,17000
1407,1BHK,Flat,Full,Any,Sargasan,Gandhinagar,,Basic,Yes,Yes,No,Yes,No,Yes,Yes,Yes,Yes,17000
1408,2BHK,Room,Full,Girls,Sector 2,Gandhinagar,,Fully,No,No,Yes,No,No,Yes,Yes,Yes,No,19000
1409,2BHK,Flat,Sharing,Family,Raysan,Gandhinagar,,Semi,Yes,Yes,No,Yes,No,Yes,Yes,Yes,Yes,23000
1410,2BHK,House,Full,Any,Sector 6,Gandhinagar,,Semi,No,No,No,No,Yes,Yes,No,Yes,Yes,16000
1411,1BHK,Tenament,Sharing,Any,Sargasan,Gandhinagar,,Basic,No,Yes,Yes,No,Yes,Yes,Yes,Yes,No,20000
1412,3BHK,Room,Sharing,Any,Vavol,Gandhinagar,,Fully,Yes,Yes,Yes,No,Yes,Yes,Yes,Yes,Yes,24000
1413,3BHK,Room,Sharing,Boys,Sector 6,Gandhinagar,,Basic,No,No,Yes,Yes,No,Yes,Yes,Yes,Yes,24000
1414,2BHK,Tenament,Sharing,Boys,Infocity,Gandhinagar,,Basic,Yes,No,Yes,No,Yes,Yes,No,Yes,No,24000
1415,2BHK,Flat,Full,Girls,Sector 13,Gandhinagar,,Basic,Yes,No,No,No,Yes,Yes,Yes,Yes,Yes,10000
1416,3BHK,Room,Full,Family,Kudasan,Gandhinagar,,Semi,Yes,Yes,Yes,Yes,Yes,Yes,Yes,Yes,Yes,37000
1417,2BHK,Flat,Sharing,Family,Sector 2,Gandhinagar,,Basic,Yes,No,Yes,No,Yes,Yes,Yes,Yes,No,18000
1418,3BHK,Room,Sharing,Girls,Kudasan,Gandhinagar,,Basic,Yes,No,No,Yes,Yes,Yes,No,Yes,Yes,37000
1419,1BHK,House,Full,Any,Sargasan,Gandhinagar,,Semi,No,No,Yes,Yes,Yes,Yes,No,Yes,No,20000
1420,3BHK,Flat,Full,Girls,Kudasan,Gandhinagar,,Basic,No,Yes,No,No,Yes,Yes,Yes,Yes,Yes,29000
1421,3BHK,Room,Full,Family,Sector 13,Gandhinagar,,Basic,Yes,No,No,Yes,No,Yes,No,Yes,No,17000
1422,1BHK,House,Sharing,Family,Sector 5A,Gandhinagar,,Basic,No,Yes,No,No,Yes,Yes,No,Yes,Yes,13000
1423,3BHK,Room,Full,Family,Sector 2,Gandhinagar,,Semi,No,No,No,No,Yes,Yes,No,Yes,No,28000
1424,2BHK,Room,Full,Family,Sector 6,Gandhinagar,,Fully,No,Yes,No,No,No,Yes,Yes,Yes,No,17000
1425,2BHK,Room,Sharing,Any,Sector 6,Gandhinagar,,Basic,Yes,Yes,Yes,No,Yes,Yes,Yes,Yes,Yes,22000
1426,3BHK,House,Sharing,Boys,Sector 3,Gandhinagar,,Semi,Yes,Yes,No,No,Yes,Yes,No,Yes,No,16000
1427,2BHK,House,Sharing,Family,Raysan,Gandhinagar,,Semi,No,Yes,Yes,No,Yes,Yes,Yes,Yes,Yes,25000
1428,2BHK,House,Sharing,Boys,Infocity,Gandhinagar,,Fully,Yes,No,Yes,Yes,Yes,Yes,Yes,Yes,Yes,26000
1429,2BHK,Flat,Full,Family,Sector 13,Gandhinagar,,Basic,Yes,No,Yes,No,Yes,Yes,No,Yes,No,11000
1430,3BHK,Flat,Sharing,Any,Kudasan,Gandhinagar,,Basic,Yes,No,No,Yes,No,Yes,No,Yes,Yes,33000
1431,2BHK,House,Sharing,Boys,Sargasan,Gandhinagar,,Fully,No,No,Yes,Yes,Yes,Yes,No,Yes,No,23000
1432,3BHK,Room,Full,Girls,Vavol,Gandhinagar,,Semi,No,Yes,No,No,No,Yes,Yes,Yes,Yes,22000
1433,3BHK,Flat,Full,Any,Sector 13,Gandhinagar,,Fully,No,No,Yes,Yes,No,Yes,No,Yes,No,13000
1434,2BHK,Tenament,Sharing,Boys,Infocity,Gandhinagar,,Fully,Yes,Yes,Yes,No,No,Yes,No,Yes,Yes,31000
1435,3BHK,Tenament,Sharing,Any,Sector 2,Gandhinagar,,Semi,No,No,No,Yes,Yes,Yes,No,Yes,Yes,29000
1436,1BHK,Tenament,Full,Boys,Vavol,Gandhinagar,,Semi,No,No,No,No,No,Yes,Yes,Yes,No,11000
1437,1BHK,Flat,Full,Family,Sector 6,Gandhinagar,,Basic,No,No,No,No,Yes,Yes,No,Yes,Yes,11000
1438,1BHK,Tenament,Sharing,Girls,Kudasan,Gandhinagar,,Basic,No,No,Yes,No,Yes,Yes,No,Yes,Yes,16000
1439,3BHK,Tenament,Sharing,Any,Sector 6,Gandhinagar,,Semi,No,No,No,No,Yes,Yes,No,Yes,Yes,22000
1440,2BHK,Flat,Sharing,Any,Sargasan,Gandhinagar,,Fully,Yes,No,Yes,Yes,No,Yes,Yes,Yes,Yes,22000
1441,2BHK,Room,Full,Family,Infocity,Gandhinagar,,Basic,No,Yes,Yes,No,Yes,Yes,Yes,Yes,No,29000
1442,3BHK,Room,Full,Girls,Sector 13,Gandhinagar,,Basic,No,Yes,Yes,No,Yes,Yes,Yes,Yes,Yes,14000
1443,1BHK,Tenament,Full,Any,Sector 5A,Gandhinagar,,Basic,Yes,No,Yes,No,No,Yes,No,Yes,Yes,13000
1444,2BHK,Flat,Full,Boys,Sargasan,Gandhinagar,,Basic,Yes,No,No,Yes,No,Yes,No,Yes,No,23000
1445,2BHK,House,Full,Any,Kudasan,Gandhinagar,,Fully,Yes,No,No,No,No,Yes,No,Yes,Yes,23000
1446,3BHK,Room,Sharing,Boys,Sector 2,Gandhinagar,,Fully,No,No,No,No,No,Yes,Yes,Yes,No,30000
1447,1BHK,Flat,Full,Family,Sector 6,Gandhinagar,,Semi,No,No,Yes,No,Yes,Yes,Yes,Yes,Yes,11000
1448,3BHK,Tenament,Sharing,Boys,Kudasan,Gandhinagar,,Semi,Yes,Yes,Yes,Yes,Yes,Yes,Yes,Yes,No,38000
1449,2BHK,Tenament,Full,Family,Sector 6,Gandhinagar,,Basic,Yes,Yes,Yes,Yes,No,Yes,Yes,Yes,No,18000
1450,1BHK,House,Full,Any,Infocity,Gandhinagar,,Basic,Yes,No,No,No,Yes,Yes,Yes,Yes,No,20000
1451,1BHK,House,Full,Boys,Sector 2,Gandhinagar,,Fully,Yes,Yes,Yes,No,No,Yes,No,Yes,Yes,12000
1452,2BHK,Room,Sharing,Family,Sector 3,Gandhinagar,,Basic,No,Yes,Yes,Yes,Yes,Yes,No,Yes,No,13000
1453,3BHK,Flat,Full,Family,Sector 3,Gandhinagar,,Fully,Yes,Yes,Yes,No,No,Yes,No,Yes,Yes,18000
1454,1BHK,Flat,Full,Girls,Sector 3,Gandhinagar,,Semi,Yes,No,Yes,No,No,Yes,Yes,Yes,No,10000
1455,2BHK,House,Sharing,Any,Raysan,Gandhinagar,,Fully,No,No,Yes,No,Yes,Yes,No,Yes,Yes,20000
1456,3BHK,Flat,Sharing,Boys,Sector 5A,Gandhinagar,,Fully,No,Yes,Yes,No,No,Yes,No,Yes,Yes,22000
1457,3BHK,Room,Full,Any,Sector 5A,Gandhinagar,,Basic,No,Yes,Yes,Yes,No,Yes,No,Yes,No,21000
1458,1BHK,Room,Sharing,Boys,Sector 13,Gandhinagar,,Semi,No,Yes,Yes,Yes,No,Yes,Yes,Yes,No,6000
1459,1BHK,House,Sharing,Family,Vavol,Gandhinagar,,Basic,No,Yes,No,No,Yes,Yes,Yes,Yes,No,10000
1460,1BHK,Room,Sharing,Family,Kudasan,Gandhinagar,,Basic,Yes,Yes,No,Yes,No,Yes,Yes,Yes,No,15000
1461,1BHK,Room,Sharing,Family,Sector 6,Gandhinagar,,Fully,Yes,No,No,No,No,Yes,Yes,Yes,Yes,12000
1462,1BHK,House,Full,Boys,Sector 5A,Gandhinagar,,Semi,Yes,No,Yes,No,No,Yes,Yes,Yes,Yes,10000
1463,3BHK,Flat,Sharing,Boys,Infocity,Gandhinagar,,Basic,No,No,No,No,No,Yes,No,Yes,No,44000
1464,2BHK,Room,Full,Any,Vavol,Gandhinagar,,Basic,Yes,No,No,No,Yes,Yes,No,Yes,Yes,16000
1465,3BHK,House,Sharing,Girls,Infocity,Gandhinagar,,Semi,Yes,No,Yes,No,No,Yes,No,Yes,Yes,41000
1466,2BHK,Room,Sharing,Girls,Vavol,Gandhinagar,,Semi,No,Yes,No,No,No,Yes,No,Yes,No,16000
1467,1BHK,House,Full,Any,Kudasan,Gandhinagar,,Semi,No,Yes,Yes,No,Yes,Yes,Yes,Yes,No,19000
1468,1BHK,House,Sharing,Girls,Kudasan,Gandhinagar,,Basic,Yes,No,Yes,Yes,No,Yes,No,Yes,Yes,13000
1469,3BHK,Flat,Sharing,Family,Raysan,Gandhinagar,,Basic,Yes,No,No,No,Yes,Yes,No,Yes,No,31000
1470,3BHK,Tenament,Sharing,Girls,Sargasan,Gandhinagar,,Fully,No,No,Yes,Yes,No,Yes,No,Yes,No,33000
1471,3BHK,Tenament,Full,Any,Sargasan,Gandhinagar,,Basic,Yes,No,Yes,No,Yes,Yes,No,Yes,No,32000
1472,2BHK,Flat,Sharing,Family,Sector 5A,Gandhinagar,,Fully,No,No,Yes,Yes,No,Yes,No,Yes,Yes,16000
1473,3BHK,Flat,Sharing,Girls,Sector 6,Gandhinagar,,Fully,Yes,Yes,No,No,Yes,Yes,No,Yes,Yes,26000
1474,3BHK,Tenament,Full,Family,Sector 13,Gandhinagar,,Fully,No,No,Yes,Yes,No,Yes,Yes,Yes,No,14000
1475,3BHK,House,Sharing,Any,Sector 13,Gandhinagar,,Basic,No,Yes,Yes,No,No,Yes,No,Yes,Yes,17000
1476,1BHK,Flat,Full,Boys,Sector 3,Gandhinagar,,Fully,Yes,Yes,No,Yes,No,Yes,Yes,Yes,No,10000
1477,2BHK,House,Full,Girls,Sector 13,Gandhinagar,,Semi,No,Yes,No,No,No,Yes,No,Yes,No,10000
1478,1BHK,House,Full,Any,Sector 3,Gandhinagar,,Basic,No,Yes,Yes,No,Yes,Yes,Yes,Yes,No,8000
1479,3BHK,House,Sharing,Girls,Infocity,Gandhinagar,,Basic,No,Yes,No,No,Yes,Yes,No,Yes,No,38000
1480,2BHK,Flat,Full,Family,Sector 3,Gandhinagar,,Fully,No,Yes,Yes,No,No,Yes,Yes,Yes,Yes,11000
1481,1BHK,Tenament,Sharing,Girls,Raysan,Gandhinagar,,Fully,No,Yes,Yes,Yes,No,Yes,No,Yes,Yes,13000
1482,3BHK,Room,Full,Boys,Raysan,Gandhinagar,,Fully,Yes,No,No,Yes,Yes,Yes,Yes,Yes,No,30000
1483,1BHK,House,Full,Boys,Vavol,Gandhinagar,,Fully,Yes,No,Yes,No,No,Yes,No,Yes,No,12000
1484,2BHK,Flat,Sharing,Boys,Sector 13,Gandhinagar,,Fully,Yes,No,No,No,Yes,Yes,No,Yes,Yes,11000
1485,2BHK,Flat,Sharing,Boys,Sector 13,Gandhinagar,,Fully,Yes,No,No,No,Yes,Yes,Yes,Yes,Yes,11000
1486,1BHK,Tenament,Sharing,Girls,Sector 13,Gandhinagar,,Semi,No,Yes,No,Yes,Yes,Yes,No,Yes,Yes,9000
1487,2BHK,House,Full,Boys,Sector 3,Gandhinagar,,Semi,Yes,Yes,No,No,Yes,Yes,No,Yes,No,12000
1488,1BHK,Flat,Full,Boys,Sector 2,Gandhinagar,,Fully,No,No,No,Yes,Yes,Yes,No,Yes,No,12000
1489,3BHK,Tenament,Full,Any,Infocity,Gandhinagar,,Semi,No,Yes,Yes,Yes,Yes,Yes,No,Yes,Yes,38000
1490,3BHK,House,Sharing,Family,Sector 3,Gandhinagar,,Fully,Yes,No,No,No,Yes,Yes,Yes,Yes,No,18000
1491,1BHK,Tenament,Sharing,Boys,Kudasan,Gandhinagar,,Fully,No,Yes,No,Yes,Yes,Yes,No,Yes,Yes,15000
1492,1BHK,Flat,Sharing,Girls,Sector 2,Gandhinagar,,Basic,Yes,No,Yes,No,No,Yes,Yes,Yes,No,12000
1493,3BHK,Flat,Sharing,Boys,Sector 6,Gandhinagar,,Fully,No,Yes,No,No,Yes,Yes,No,Yes,No,23000
1494,3BHK,Flat,Sharing,Family,Vavol,Gandhinagar,,Semi,Yes,No,Yes,No,No,Yes,No,Yes,No,19000
1495,3BHK,Flat,Sharing,Girls,Sector 13,Gandhinagar,,Semi,No,No,No,No,No,Yes,Yes,Yes,Yes,17000
1496,1BHK,Tenament,Sharing,Family,Sargasan,Gandhinagar,,Basic,Yes,Yes,No,No,Yes,Yes,Yes,Yes,No,17000
1497,1BHK,Flat,Full,Family,Raysan,Gandhinagar,,Fully,Yes,Yes,Yes,Yes,Yes,Yes,No,Yes,Yes,14000
1498,2BHK,House,Sharing,Family,Raysan,Gandhinagar,,Fully,No,No,No,No,No,Yes,Yes,Yes,Yes,22000
1499,3BHK,Flat,Sharing,Family,Sector 3,Gandhinagar,,Semi,No,No,Yes,Yes,Yes,Yes,Yes,Yes,Yes,20000
1500,2BHK,House,Sharing,Girls,Infocity,Gandhinagar,,Basic,No,No,No,No,Yes,Yes,Yes,Yes,Yes,27000
1501,3BHK,Flat,Full,Girls,Vavol,Gandhinagar,,Basic,No,Yes,No,No,Yes,Yes,Yes,Yes,Yes,20000
1502,2BHK,Room,Full,Any,Kudasan,Gandhinagar,,Fully,Yes,Yes,Yes,No,No,Yes,Yes,Yes,Yes,24000
1503,3BHK,Flat,Sharing,Family,Sector 6,Gandhinagar,,Basic,No,No,Yes,Yes,Yes,Yes,No,Yes,Yes,25000
1504,3BHK,Tenament,Sharing,Girls,Sector 6,Gandhinagar,,Basic,Yes,No,Yes,No,Yes,Yes,No,Yes,Yes,23000
1505,3BHK,Flat,Sharing,Girls,Sector 5A,Gandhinagar,,Fully,No,Yes,Yes,Yes,No,Yes,Yes,Yes,Yes,23000
1506,2BHK,House,Full,Any,Sargasan,Gandhinagar,,Basic,Yes,No,Yes,Yes,Yes,Yes,Yes,Yes,Yes,25000
1507,3BHK,Room,Full,Family,Sargasan,Gandhinagar,,Fully,Yes,No,Yes,No,No,Yes,No,Yes,No,38000
1508,1BHK,House,Full,Boys,Kudasan,Gandhinagar,,Basic,Yes,Yes,Yes,Yes,No,Yes,Yes,Yes,No,18000
1509,1BHK,Room,Full,Family,Sector 3,Gandhinagar,,Semi,No,Yes,No,Yes,Yes,Yes,Yes,Yes,No,8000
1510,2BHK,Tenament,Sharing,Boys,Sector 6,Gandhinagar,,Semi,Yes,No,Yes,Yes,Yes,Yes,Yes,Yes,No,17000
1511,3BHK,Tenament,Sharing,Family,Raysan,Gandhinagar,,Fully,Yes,Yes,Yes,Yes,Yes,Yes,Yes,Yes,No,34000
1512,3BHK,Tenament,Full,Family,Sector 6,Gandhinagar,,Semi,No,Yes,Yes,Yes,Yes,Yes,No,Yes,Yes,23000
1513,1BHK,Room,Sharing,Family,Sargasan,Gandhinagar,,Basic,Yes,Yes,No,Yes,No,Yes,No,Yes,Yes,15000
1514,1BHK,Room,Sharing,Family,Raysan,Gandhinagar,,Semi,Yes,Yes,No,Yes,No,Yes,No,Yes,No,13000
1515,3BHK,Flat,Sharing,Any,Sector 3,Gandhinagar,,Fully,No,Yes,Yes,Yes,Yes,Yes,Yes,Yes,Yes,18000
1516,3BHK,Room,Full,Girls,Raysan,Gandhinagar,,Basic,Yes,No,No,Yes,Yes,Yes,Yes,Yes,No,30000
1517,3BHK,House,Sharing,Girls,Sector 13,Gandhinagar,,Basic,No,No,No,No,No,Yes,Yes,Yes,No,15000
1518,3BHK,Flat,Full,Family,Sector 13,Gandhinagar,,Basic,No,No,Yes,No,No,Yes,No,Yes,Yes,13000
1519,2BHK,House,Sharing,Any,Sargasan,Gandhinagar,,Basic,Yes,No,Yes,Yes,Yes,Yes,Yes,Yes,No,22000
1520,3BHK,House,Sharing,Family,Kudasan,Gandhinagar,,Semi,Yes,No,Yes,No,No,Yes,No,Yes,No,34000
1521,1BHK,Tenament,Full,Any,Raysan,Gandhinagar,,Basic,Yes,No,Yes,Yes,Yes,Yes,No,Yes,No,15000
1522,3BHK,House,Full,Girls,Sector 3,Gandhinagar,,Semi,No,No,Yes,Yes,Yes,Yes,Yes,Yes,No,17000
1523,3BHK,Tenament,Sharing,Family,Raysan,Gandhinagar,,Fully,Yes,No,No,No,Yes,Yes,No,Yes,Yes,29000
1524,3BHK,Flat,Full,Family,Raysan,Gandhinagar,,Fully,No,No,Yes,Yes,Yes,Yes,Yes,Yes,Yes,32000
1525,1BHK,Room,Full,Boys,Vavol,Gandhinagar,,Semi,Yes,Yes,Yes,Yes,No,Yes,No,Yes,Yes,12000
1526,2BHK,Room,Full,Any,Sector 3,Gandhinagar,,Semi,No,No,Yes,No,Yes,Yes,Yes,Yes,Yes,15000
1527,3BHK,Tenament,Sharing,Family,Raysan,Gandhinagar,,Basic,No,Yes,Yes,No,Yes,Yes,Yes,Yes,No,32000
1528,2BHK,Tenament,Sharing,Girls,Kudasan,Gandhinagar,,Fully,Yes,Yes,Yes,Yes,Yes,Yes,Yes,Yes,Yes,21000
1529,1BHK,Room,Full,Boys,Sector 5A,Gandhinagar,,Semi,Yes,No,Yes,Yes,No,Yes,No,Yes,No,11000
1530,2BHK,Tenament,Sharing,Any,Sector 6,Gandhinagar,,Semi,Yes,No,Yes,No,No,Yes,No,Yes,No,20000
1531,3BHK,Room,Sharing,Any,Sargasan,Gandhinagar,,Basic,No,No,No,No,No,Yes,No,Yes,Yes,31000
1532,1BHK,Room,Full,Family,Sector 5A,Gandhinagar,,Semi,Yes,Yes,No,Yes,No,Yes,Yes,Yes,No,9000
1533,3BHK,House,Full,Girls,Sargasan,Gandhinagar,,Semi,No,Yes,Yes,Yes,Yes,Yes,No,Yes,No,39000
1534,3BHK,Flat,Full,Boys,Sector 3,Gandhinagar,,Fully,Yes,No,No,No,Yes,Yes,Yes,Yes,Yes,19000
1535,3BHK,Tenament,Full,Boys,Sector 6,Gandhinagar,,Semi,Yes,No,Yes,No,No,Yes,No,Yes,Yes,22000
1536,2BHK,Room,Sharing,Family,Vavol,Gandhinagar,,Basic,Yes,No,No,No,Yes,Yes,No,Yes,No,12000
1537,2BHK,Flat,Full,Any,Sector 3,Gandhinagar,,Semi,No,Yes,Yes,No,Yes,Yes,No,Yes,Yes,15000
1538,2BHK,Room,Sharing,Girls,Sector 2,Gandhinagar,,Semi,Yes,Yes,Yes,Yes,No,Yes,Yes,Yes,Yes,17000
1539,3BHK,Flat,Sharing,Any,Vavol,Gandhinagar,,Fully,Yes,Yes,Yes,Yes,No,Yes,Yes,Yes,No,21000
1540,3BHK,Room,Sharing,Girls,Kudasan,Gandhinagar,,Basic,Yes,No,No,Yes,Yes,Yes,Yes,Yes,No,35000
1541,2BHK,House,Sharing,Boys,Infocity,Gandhinagar,,Fully,Yes,Yes,Yes,No,No,Yes,Yes,Yes,Yes,29000
1542,3BHK,House,Full,Boys,Sector 2,Gandhinagar,,Semi,No,Yes,Yes,Yes,No,Yes,No,Yes,No,30000
1543,1BHK,Room,Full,Girls,Sector 13,Gandhinagar,,Fully,No,Yes,No,Yes,Yes,Yes,Yes,Yes,No,9000
1544,2BHK,Tenament,Sharing,Boys,Raysan,Gandhinagar,,Semi,No,Yes,No,Yes,Yes,Yes,No,Yes,No,25000
1545,2BHK,Room,Full,Family,Sector 13,Gandhinagar,,Fully,No,Yes,Yes,No,No,Yes,No,Yes,No,10000
1546,2BHK,House,Full,Boys,Kudasan,Gandhinagar,,Basic,No,No,Yes,Yes,No,Yes,Yes,Yes,Yes,27000
1547,3BHK,Tenament,Sharing,Girls,Sector 3,Gandhinagar,,Fully,No,Yes,No,No,Yes,Yes,No,Yes,No,21000
1548,2BHK,House,Sharing,Girls,Sargasan,Gandhinagar,,Semi,No,Yes,No,No,Yes,Yes,No,Yes,Yes,28000
1549,2BHK,House,Full,Family,Sector 2,Gandhinagar,,Semi,Yes,No,Yes,No,No,Yes,No,Yes,Yes,21000
1550,3BHK,Room,Full,Family,Kudasan,Gandhinagar,,Basic,No,No,Yes,Yes,No,Yes,No,Yes,Yes,31000
1551,3BHK,Room,Sharing,Boys,Sargasan,Gandhinagar,,Fully,No,Yes,Yes,Yes,No,Yes,Yes,Yes,No,40000
1552,1BHK,Tenament,Sharing,Any,Infocity,Gandhinagar,,Fully,No,Yes,Yes,No,Yes,Yes,Yes,Yes,Yes,20000
1553,2BHK,Tenament,Sharing,Family,Sargasan,Gandhinagar,,Fully,Yes,Yes,No,Yes,No,Yes,Yes,Yes,Yes,21000
1554,2BHK,Flat,Full,Girls,Infocity,Gandhinagar,,Semi,Yes,No,No,No,No,Yes,Yes,Yes,Yes,31000
1555,2BHK,Flat,Sharing,Girls,Sector 5A,Gandhinagar,,Semi,Yes,No,No,No,No,Yes,No,Yes,No,18000
1556,2BHK,Room,Sharing,Girls,Sector 3,Gandhinagar,,Basic,No,Yes,No,Yes,No,Yes,Yes,Yes,No,13000
1557,3BHK,Room,Sharing,Any,Raysan,Gandhinagar,,Basic,No,Yes,Yes,No,Yes,Yes,Yes,Yes,Yes,31000
1558,3BHK,House,Sharing,Girls,Infocity,Gandhinagar,,Fully,No,Yes,Yes,No,No,Yes,No,Yes,Yes,45000
1559,3BHK,House,Full,Boys,Raysan,Gandhinagar,,Basic,Yes,No,No,Yes,No,Yes,No,Yes,No,35000
1560,1BHK,House,Full,Girls,Sector 2,Gandhinagar,,Semi,Yes,Yes,No,Yes,No,Yes,No,Yes,Yes,13000
1561,1BHK,Room,Full,Girls,Sector 3,Gandhinagar,,Fully,Yes,No,No,Yes,No,Yes,Yes,Yes,No,9000
1562,2BHK,Room,Full,Any,Sector 3,Gandhinagar,,Basic,Yes,No,Yes,Yes,No,Yes,No,Yes,Yes,14000
1563,2BHK,Flat,Full,Family,Sector 13,Gandhinagar,,Fully,No,No,No,Yes,No,Yes,Yes,Yes,No,11000
1564,2BHK,House,Sharing,Boys,Sector 6,Gandhinagar,,Basic,No,Yes,No,No,Yes,Yes,No,Yes,No,19000
1565,3BHK,Tenament,Full,Family,Raysan,Gandhinagar,,Fully,No,Yes,Yes,Yes,No,Yes,No,Yes,No,33000
1566,1BHK,House,Sharing,Girls,Sector 2,Gandhinagar,,Fully,Yes,Yes,No,Yes,Yes,Yes,Yes,Yes,Yes,15000
1567,2BHK,Room,Sharing,Family,Sector 13,Gandhinagar,,Basic,No,Yes,Yes,No,No,Yes,Yes,Yes,No,10000
1568,3BHK,Tenament,Full,Girls,Sector 5A,Gandhinagar,,Semi,Yes,No,Yes,Yes,No,Yes,Yes,Yes,Yes,21000
1569,1BHK,House,Full,Family,Sector 13,Gandhinagar,,Semi,Yes,Yes,No,No,No,Yes,No,Yes,No,8000
1570,1BHK,Tenament,Sharing,Girls,Vavol,Gandhinagar,,Semi,No,No,No,No,No,Yes,No,Yes,No,9000
1571,1BHK,Room,Sharing,Girls,Sector 3,Gandhinagar,,Basic,No,No,Yes,No,Yes,Yes,No,Yes,Yes,9000
1572,1BHK,Tenament,Sharing,Any,Vavol,Gandhinagar,,Basic,No,No,No,Yes,Yes,Yes,Yes,Yes,Yes,8000
1573,3BHK,Room,Sharing,Any,Raysan,Gandhinagar,,Fully,Yes,No,Yes,Yes,Yes,Yes,No,Yes,No,35000
1574,3BHK,House,Full,Girls,Sector 13,Gandhinagar,,Basic,No,No,No,Yes,No,Yes,Yes,Yes,Yes,17000
1575,2BHK,Room,Full,Girls,Sector 5A,Gandhinagar,,Fully,No,Yes,Yes,Yes,Yes,Yes,No,Yes,Yes,18000
1576,2BHK,Flat,Sharing,Girls,Sargasan,Gandhinagar,,Basic,Yes,No,Yes,No,Yes,Yes,No,Yes,Yes,21000
1577,3BHK,House,Full,Family,Sector 13,Gandhinagar,,Semi,Yes,Yes,No,Yes,No,Yes,No,Yes,Yes,17000
1578,3BHK,Tenament,Full,Family,Sector 13,Gandhinagar,,Fully,No,No,No,No,Yes,Yes,No,Yes,Yes,14000
1579,3BHK,House,Sharing,Boys,Sector 2,Gandhinagar,,Fully,Yes,No,Yes,No,Yes,Yes,Yes,Yes,Yes,26000
1580,1BHK,House,Sharing,Any,Sector 2,Gandhinagar,,Basic,Yes,No,No,No,No,Yes,Yes,Yes,No,15000
1581,3BHK,House,Full,Boys,Sargasan,Gandhinagar,,Fully,Yes,Yes,No,Yes,Yes,Yes,No,Yes,Yes,41000
1582,3BHK,House,Sharing,Boys,Sector 2,Gandhinagar,,Semi,No,No,No,No,No,Yes,Yes,Yes,No,30000
1583,2BHK,House,Full,Boys,Infocity,Gandhinagar,,Basic,No,No,No,No,No,Yes,Yes,Yes,Yes,26000
1584,2BHK,Flat,Full,Family,Sector 3,Gandhinagar,,Basic,Yes,Yes,No,Yes,Yes,Yes,No,Yes,Yes,13000
1585,1BHK,House,Full,Family,Sector 3,Gandhinagar,,Basic,Yes,Yes,No,Yes,Yes,Yes,Yes,Yes,Yes,10000
1586,3BHK,Flat,Full,Girls,Sargasan,Gandhinagar,,Basic,No,No,No,No,No,Yes,No,Yes,Yes,33000
1587,2BHK,Flat,Full,Family,Raysan,Gandhinagar,,Fully,No,No,Yes,Yes,No,Yes,No,Yes,No,25000
1588,3BHK,House,Sharing,Family,Vavol,Gandhinagar,,Fully,Yes,Yes,No,Yes,Yes,Yes,No,Yes,No,19000
1589,1BHK,Flat,Full,Any,Kudasan,Gandhinagar,,Semi,No,Yes,Yes,No,Yes,Yes,No,Yes,No,16000
1590,3BHK,Room,Full,Girls,Kudasan,Gandhinagar,,Semi,Yes,Yes,Yes,No,Yes,Yes,No,Yes,Yes,35000
1591,3BHK,Room,Full,Family,Sector 5A,Gandhinagar,,Basic,Yes,No,Yes,Yes,No,Yes,Yes,Yes,No,21000
1592,2BHK,Tenament,Sharing,Family,Sector 2,Gandhinagar,,Basic,Yes,Yes,No,No,Yes,Yes,Yes,Yes,No,24000
1593,2BHK,House,Sharing,Family,Kudasan,Gandhinagar,,Basic,No,No,No,No,Yes,Yes,Yes,Yes,Yes,25000
1594,3BHK,House,Sharing,Girls,Sargasan,Gandhinagar,,Fully,Yes,Yes,No,Yes,Yes,Yes,No,Yes,Yes,42000
1595,3BHK,House,Full,Family,Sector 6,Gandhinagar,,Basic,No,Yes,Yes,Yes,No,Yes,No,Yes,Yes,27000
1596,1BHK,House,Sharing,Girls,Sector 6,Gandhinagar,,Semi,Yes,Yes,Yes,No,No,Yes,Yes,Yes,No,10000
1597,3BHK,Flat,Sharing,Boys,Sector 3,Gandhinagar,,Semi,Yes,No,Yes,Yes,Yes,Yes,No,Yes,Yes,18000
1598,2BHK,House,Full,Family,Sargasan,Gandhinagar,,Basic,Yes,Yes,Yes,Yes,No,Yes,No,Yes,No,25000
1599,1BHK,Tenament,Full,Boys,Sector 3,Gandhinagar,,Semi,No,No,No,No,No,Yes,Yes,Yes,No,10000
1600,3BHK,Flat,Full,Boys,Raysan,Gandhinagar,,Semi,Yes,Yes,No,Yes,No,Yes,Yes,Yes,No,35000
1601,2BHK,House,Full,Family,Raysan,Gandhinagar,,Fully,Yes,Yes,No,Yes,Yes,Yes,No,Yes,No,21000
1602,3BHK,Room,Full,Family,Infocity,Gandhinagar,,Semi,Yes,Yes,No,Yes,No,Yes,No,Yes,Yes,34000
1603,2BHK,Tenament,Sharing,Any,Infocity,Gandhinagar,,Basic,No,No,No,Yes,No,Yes,No,Yes,Yes,23000
1604,3BHK,Flat,Sharing,Any,Kudasan,Gandhinagar,,Semi,Yes,Yes,No,Yes,No,Yes,Yes,Yes,Yes,32000
1605,2BHK,Flat,Full,Any,Sector 6,Gandhinagar,,Fully,No,Yes,No,No,No,Yes,Yes,Yes,Yes,19000
1606,3BHK,Room,Sharing,Boys,Sector 13,Gandhinagar,,Fully,Yes,No,No,Yes,No,Yes,Yes,Yes,Yes,17000
1607,3BHK,Flat,Full,Boys,Sector 2,Gandhinagar,,Semi,No,No,Yes,Yes,No,Yes,No,Yes,Yes,25000
1608,3BHK,Room,Sharing,Girls,Sector 5A,Gandhinagar,,Basic,No,Yes,Yes,Yes,No,Yes,No,Yes,Yes,26000
1609,1BHK,House,Full,Boys,Raysan,Gandhinagar,,Fully,Yes,Yes,Yes,No,Yes,Yes,Yes,Yes,Yes,17000
1610,1BHK,Flat,Sharing,Girls,Sector 6,Gandhinagar,,Fully,Yes,Yes,No,Yes,Yes,Yes,No,Yes,No,11000
1611,3BHK,Flat,Sharing,Family,Sector 2,Gandhinagar,,Basic,Yes,Yes,No,Yes,No,Yes,No,Yes,No,26000
1612,3BHK,Room,Full,Family,Sector 5A,Gandhinagar,,Semi,Yes,No,No,Yes,Yes,Yes,No,Yes,No,26000
1613,2BHK,Room,Sharing,Family,Sector 13,Gandhinagar,,Fully,No,Yes,No,No,Yes,Yes,Yes,Yes,Yes,13000
1614,1BHK,Room,Sharing,Any,Infocity,Gandhinagar,,Fully,Yes,No,Yes,No,No,Yes,Yes,Yes,Yes,19000
1615,2BHK,Flat,Full,Girls,Sector 5A,Gandhinagar,,Basic,No,Yes,Yes,Yes,Yes,Yes,No,Yes,Yes,17000
1616,2BHK,Flat,Full,Boys,Vavol,Gandhinagar,,Fully,No,Yes,Yes,No,Yes,Yes,Yes,Yes,No,14000
1617,2BHK,Flat,Full,Family,Sector 2,Gandhinagar,,Fully,Yes,No,Yes,No,Yes,Yes,Yes,Yes,No,22000
1618,3BHK,House,Full,Family,Infocity,Gandhinagar,,Fully,Yes,Yes,No,Yes,Yes,Yes,Yes,Yes,No,34000
1619,3BHK,Room,Sharing,Girls,Kudasan,Gandhinagar,,Basic,Yes,No,No,Yes,No,Yes,Yes,Yes,No,30000
1620,1BHK,House,Sharing,Girls,Sector 2,Gandhinagar,,Fully,Yes,No,Yes,Yes,Yes,Yes,Yes,Yes,No,12000
1621,2BHK,Flat,Sharing,Family,Sector 13,Gandhinagar,,Basic,Yes,Yes,Yes,Yes,Yes,Yes,Yes,Yes,Yes,12000
1622,2BHK,Tenament,Sharing,Boys,Sector 5A,Gandhinagar,,Fully,No,Yes,Yes,No,Yes,Yes,No,Yes,No,16000
1623,1BHK,House,Sharing,Girls,Sector 2,Gandhinagar,,Basic,Yes,Yes,Yes,Yes,Yes,Yes,No,Yes,Yes,14000
1624,2BHK,House,Sharing,Boys,Infocity,Gandhinagar,,Semi,No,No,No,No,No,Yes,No,Yes,Yes,23000
1625,2BHK,Room,Full,Girls,Sector 2,Gandhinagar,,Semi,Yes,Yes,No,No,No,Yes,Yes,Yes,Yes,24000
1626,3BHK,Tenament,Sharing,Any,Raysan,Gandhinagar,,Semi,No,No,No,Yes,No,Yes,Yes,Yes,Yes,33000
1627,3BHK,Room,Full,Boys,Kudasan,Gandhinagar,,Basic,Yes,No,No,Yes,No,Yes,No,Yes,No,31000
1628,2BHK,Room,Sharing,Any,Kudasan,Gandhinagar,,Fully,No,Yes,Yes,No,Yes,Yes,Yes,Yes,Yes,26000
1629,3BHK,Flat,Full,Girls,Sector 5A,Gandhinagar,,Fully,Yes,No,No,Yes,Yes,Yes,Yes,Yes,No,24000
1630,2BHK,Flat,Sharing,Girls,Sector 2,Gandhinagar,,Semi,Yes,Yes,No,No,Yes,Yes,No,Yes,Yes,20000
1631,2BHK,House,Full,Family,Sector 6,Gandhinagar,,Fully,No,Yes,No,No,Yes,Yes,Yes,Yes,Yes,16000
1632,2BHK,Room,Full,Family,Sector 5A,Gandhinagar,,Semi,Yes,Yes,Yes,Yes,No,Yes,Yes,Yes,Yes,19000
1633,1BHK,Tenament,Full,Family,Raysan,Gandhinagar,,Basic,Yes,No,Yes,No,Yes,Yes,No,Yes,No,15000
1634,2BHK,House,Sharing,Girls,Kudasan,Gandhinagar,,Basic,No,Yes,Yes,Yes,No,Yes,No,Yes,Yes,23000
1635,1BHK,Room,Full,Family,Sector 5A,Gandhinagar,,Basic,No,Yes,Yes,No,Yes,Yes,Yes,Yes,No,11000
1636,2BHK,Tenament,Sharing,Any,Sector 13,Gandhinagar,,Semi,No,Yes,No,Yes,No,Yes,No,Yes,No,13000
1637,1BHK,Tenament,Sharing,Family,Kudasan,Gandhinagar,,Semi,No,Yes,Yes,Yes,No,Yes,Yes,Yes,Yes,14000
1638,2BHK,Room,Sharing,Girls,Infocity,Gandhinagar,,Basic,No,No,Yes,No,No,Yes,No,Yes,Yes,32000
1639,2BHK,House,Sharing,Boys,Infocity,Gandhinagar,,Basic,No,Yes,No,Yes,Yes,Yes,No,Yes,No,24000
1640,2BHK,Room,Sharing,Any,Vavol,Gandhinagar,,Semi,Yes,Yes,Yes,Yes,No,Yes,Yes,Yes,Yes,16000
1641,1BHK,Flat,Full,Boys,Sargasan,Gandhinagar,,Basic,Yes,Yes,Yes,Yes,No,Yes,Yes,Yes,Yes,18000
1642,2BHK,House,Sharing,Family,Sector 2,Gandhinagar,,Basic,Yes,Yes,Yes,Yes,No,Yes,Yes,Yes,Yes,21000
1643,3BHK,Room,Full,Any,Sargasan,Gandhinagar,,Fully,No,No,Yes,Yes,No,Yes,No,Yes,Yes,38000
1644,3BHK,Flat,Full,Any,Sector 2,Gandhinagar,,Semi,Yes,Yes,Yes,No,No,Yes,No,Yes,No,27000
1645,1BHK,Tenament,Sharing,Family,Vavol,Gandhinagar,,Semi,Yes,No,No,No,No,Yes,Yes,Yes,No,9000
1646,1BHK,Flat,Full,Boys,Sargasan,Gandhinagar,,Basic,No,No,Yes,Yes,No,Yes,Yes,Yes,No,18000
1647,2BHK,House,Sharing,Family,Sector 5A,Gandhinagar,,Semi,Yes,No,No,Yes,Yes,Yes,No,Yes,Yes,15000
1648,3BHK,Room,Full,Any,Infocity,Gandhinagar,,Fully,Yes,No,Yes,No,Yes,Yes,Yes,Yes,Yes,39000
1649,2BHK,Tenament,Sharing,Boys,Sector 3,Gandhinagar,,Semi,No,No,No,No,Yes,Yes,No,Yes,No,14000
1650,1BHK,House,Sharing,Any,Vavol,Gandhinagar,,Semi,Yes,Yes,Yes,No,Yes,Yes,Yes,Yes,Yes,12000
1651,2BHK,House,Full,Family,Kudasan,Gandhinagar,,Fully,Yes,Yes,Yes,No,Yes,Yes,Yes,Yes,No,27000
1652,2BHK,Tenament,Full,Girls,Kudasan,Gandhinagar,,Semi,No,Yes,Yes,No,No,Yes,Yes,Yes,No,20000
1653,2BHK,Tenament,Sharing,Boys,Sector 6,Gandhinagar,,Semi,No,Yes,Yes,Yes,No,Yes,Yes,Yes,No,20000
1654,2BHK,Flat,Sharing,Family,Sector 5A,Gandhinagar,,Basic,No,No,No,No,No,Yes,Yes,Yes,No,14000
1655,3BHK,House,Sharing,Family,Vavol,Gandhinagar,,Fully,Yes,Yes,No,No,No,Yes,No,Yes,Yes,22000
1656,2BHK,Room,Sharing,Boys,Kudasan,Gandhinagar,,Semi,No,No,Yes,No,Yes,Yes,No,Yes,Yes,24000
1657,1BHK,Room,Full,Girls,Sector 3,Gandhinagar,,Basic,Yes,Yes,Yes,Yes,No,Yes,No,Yes,Yes,9000
1658,3BHK,House,Full,Boys,Raysan,Gandhinagar,,Basic,Yes,No,No,No,Yes,Yes,Yes,Yes,No,28000
1659,1BHK,Tenament,Sharing,Girls,Kudasan,Gandhinagar,,Basic,No,Yes,No,No,No,Yes,No,Yes,No,17000
1660,1BHK,Tenament,Full,Any,Kudasan,Gandhinagar,,Semi,No,Yes,No,No,Yes,Yes,No,Yes,Yes,16000
1661,2BHK,Tenament,Sharing,Boys,Sargasan,Gandhinagar,,Semi,No,Yes,Yes,No,No,Yes,Yes,Yes,Yes,22000
1662,1BHK,Flat,Sharing,Family,Sector 5A,Gandhinagar,,Semi,No,No,No,No,Yes,Yes,No,Yes,No,13000
1663,1BHK,House,Full,Boys,Sector 6,Gandhinagar,,Basic,Yes,Yes,Yes,No,Yes,Yes,No,Yes,No,10000
1664,2BHK,Flat,Full,Any,Sector 13,Gandhinagar,,Fully,Yes,Yes,No,Yes,No,Yes,No,Yes,No,12000
1665,2BHK,Flat,Sharing,Boys,Sargasan,Gandhinagar,,Fully,Yes,No,Yes,No,No,Yes,Yes,Yes,Yes,22000
1666,2BHK,Room,Full,Boys,Kudasan,Gandhinagar,,Semi,No,Yes,Yes,Yes,No,Yes,No,Yes,Yes,21000
1667,2BHK,Tenament,Sharing,Girls,Sargasan,Gandhinagar,,Fully,Yes,No,No,No,Yes,Yes,Yes,Yes,Yes,24000
1668,3BHK,Room,Full,Boys,Sector 2,Gandhinagar,,Fully,No,Yes,Yes,Yes,No,Yes,No,Yes,No,28000
1669,1BHK,Flat,Sharing,Boys,Raysan,Gandhinagar,,Basic,No,No,Yes,No,Yes,Yes,Yes,Yes,No,16000
1670,1BHK,Flat,Sharing,Family,Raysan,Gandhinagar,,Semi,No,No,Yes,No,Yes,Yes,No,Yes,No,16000
1671,1BHK,House,Sharing,Family,Vavol,Gandhinagar,,Basic,Yes,Yes,Yes,Yes,Yes,Yes,Yes,Yes,Yes,10000
1672,3BHK,Flat,Full,Boys,Raysan,Gandhinagar,,Semi,Yes,Yes,No,Yes,Yes,Yes,Yes,Yes,No,29000
1673,2BHK,Tenament,Full,Boys,Raysan,Gandhinagar,,Fully,Yes,No,Yes,Yes,No,Yes,Yes,Yes,Yes,22000
1674,3BHK,House,Full,Girls,Sector 3,Gandhinagar,,Semi,No,Yes,No,Yes,No,Yes,No,Yes,No,21000
1675,3BHK,Room,Sharing,Girls,Raysan,Gandhinagar,,Basic,Yes,No,No,Yes,Yes,Yes,No,Yes,Yes,36000
1676,3BHK,Tenament,Sharing,Girls,Sector 13,Gandhinagar,,Basic,Yes,Yes,Yes,Yes,Yes,Yes,No,Yes,Yes,13000
1677,1BHK,Room,Sharing,Girls,Infocity,Gandhinagar,,Semi,No,Yes,Yes,No,Yes,Yes,Yes,Yes,Yes,20000
1678,1BHK,Room,Sharing,Boys,Sector 6,Gandhinagar,,Basic,No,No,No,No,Yes,Yes,Yes,Yes,No,12000
1679,1BHK,Tenament,Sharing,Girls,Infocity,Gandhinagar,,Semi,No,Yes,No,Yes,Yes,Yes,Yes,Yes,No,21000
1680,2BHK,Tenament,Sharing,Family,Sector 3,Gandhinagar,,Semi,Yes,Yes,No,No,No,Yes,Yes,Yes,No,15000
1681,3BHK,Flat,Sharing,Any,Sector 5A,Gandhinagar,,Fully,Yes,Yes,Yes,Yes,No,Yes,No,Yes,Yes,26000
1682,2BHK,Tenament,Full,Boys,Sargasan,Gandhinagar,,Fully,No,No,No,Yes,No,Yes,Yes,Yes,No,29000
1683,3BHK,Room,Full,Family,Infocity,Gandhinagar,,Fully,No,Yes,Yes,Yes,Yes,Yes,No,Yes,Yes,44000
1684,1BHK,Room,Full,Any,Vavol,Gandhinagar,,Semi,No,Yes,Yes,No,No,Yes,No,Yes,No,11000
1685,2BHK,Room,Full,Any,Sector 3,Gandhinagar,,Fully,Yes,No,Yes,Yes,No,Yes,Yes,Yes,Yes,15000
1686,2BHK,House,Full,Boys,Sector 2,Gandhinagar,,Semi,Yes,No,No,Yes,Yes,Yes,Yes,Yes,Yes,22000
1687,3BHK,Flat,Sharing,Any,Sargasan,Gandhinagar,,Basic,Yes,Yes,No,Yes,Yes,Yes,Yes,Yes,Yes,41000
1688,2BHK,Room,Sharing,Family,Infocity,Gandhinagar,,Fully,Yes,Yes,Yes,No,No,Yes,No,Yes,No,28000
1689,1BHK,Tenament,Full,Any,Raysan,Gandhinagar,,Semi,Yes,Yes,No,Yes,No,Yes,Yes,Yes,Yes,14000
1690,2BHK,Flat,Sharing,Any,Infocity,Gandhinagar,,Basic,No,No,No,Yes,No,Yes,No,Yes,Yes,29000
1691,3BHK,Room,Sharing,Any,Sector 3,Gandhinagar,,Basic,Yes,Yes,No,Yes,Yes,Yes,No,Yes,No,17000
1692,2BHK,Flat,Sharing,Family,Infocity,Gandhinagar,,Semi,No,Yes,No,No,Yes,Yes,Yes,Yes,Yes,30000
1693,2BHK,Room,Full,Boys,Raysan,Gandhinagar,,Fully,No,Yes,No,Yes,No,Yes,No,Yes,Yes,22000
1694,1BHK,Flat,Sharing,Any,Sector 5A,Gandhinagar,,Fully,No,No,No,Yes,No,Yes,Yes,Yes,No,10000
1695,2BHK,House,Full,Any,Sector 3,Gandhinagar,,Semi,No,Yes,No,Yes,No,Yes,No,Yes,Yes,12000
1696,1BHK,Room,Full,Family,Sargasan,Gandhinagar,,Semi,Yes,No,No,Yes,Yes,Yes,Yes,Yes,No,18000
1697,3BHK,Room,Sharing,Any,Sector 2,Gandhinagar,,Semi,No,No,No,Yes,No,Yes,Yes,Yes,Yes,29000
1698,2BHK,House,Full,Boys,Sector 6,Gandhinagar,,Semi,Yes,Yes,No,No,Yes,Yes,No,Yes,Yes,19000
1699,3BHK,Flat,Sharing,Boys,Sector 13,Gandhinagar,,Basic,Yes,No,No,No,Yes,Yes,No,Yes,No,15000
1700,3BHK,Flat,Sharing,Any,Sector 13,Gandhinagar,,Basic,No,No,No,No,No,Yes,Yes,Yes,Yes,15000
1701,3BHK,Flat,Full,Family,Sector 13,Gandhinagar,,Semi,Yes,No,Yes,No,Yes,Yes,Yes,Yes,No,18000
1702,2BHK,House,Sharing,Boys,Sargasan,Gandhinagar,,Basic,No,No,Yes,No,No,Yes,No,Yes,Yes,24000
1703,1BHK,Room,Sharing,Any,Vavol,Gandhinagar,,Semi,No,No,Yes,Yes,No,Yes,No,Yes,No,10000
1704,3BHK,House,Sharing,Boys,Sector 5A,Gandhinagar,,Basic,Yes,Yes,Yes,No,Yes,Yes,No,Yes,Yes,26000
1705,3BHK,Tenament,Sharing,Any,Sector 2,Gandhinagar,,Basic,No,Yes,Yes,No,Yes,Yes,Yes,Yes,Yes,27000
1706,2BHK,Tenament,Sharing,Girls,Sector 3,Gandhinagar,,Basic,Yes,Yes,No,Yes,Yes,Yes,No,Yes,No,13000
1707,1BHK,Flat,Full,Boys,Sector 5A,Gandhinagar,,Basic,No,No,Yes,No,Yes,Yes,Yes,Yes,Yes,10000
1708,1BHK,Room,Sharing,Any,Sector 6,Gandhinagar,,Semi,No,Yes,Yes,No,Yes,Yes,No,Yes,No,13000
1709,2BHK,House,Full,Any,Raysan,Gandhinagar,,Fully,Yes,No,No,No,Yes,Yes,Yes,Yes,Yes,21000
1710,1BHK,Tenament,Full,Boys,Sector 2,Gandhinagar,,Basic,Yes,Yes,No,Yes,Yes,Yes,No,Yes,No,16000
1711,1BHK,Tenament,Full,Any,Sector 3,Gandhinagar,,Fully,Yes,No,Yes,Yes,No,Yes,Yes,Yes,No,8000
1712,2BHK,House,Sharing,Girls,Sector 13,Gandhinagar,,Fully,No,No,No,Yes,No,Yes,No,Yes,Yes,10000
1713,2BHK,Room,Full,Girls,Sector 13,Gandhinagar,,Basic,No,No,Yes,No,No,Yes,Yes,Yes,No,9000
1714,3BHK,Flat,Sharing,Family,Kudasan,Gandhinagar,,Fully,Yes,Yes,Yes,Yes,Yes,Yes,Yes,Yes,No,37000
1715,3BHK,Tenament,Sharing,Boys,Sector 2,Gandhinagar,,Basic,Yes,Yes,No,Yes,Yes,Yes,No,Yes,Yes,27000
1716,2BHK,House,Sharing,Any,Sector 3,Gandhinagar,,Fully,No,Yes,No,Yes,No,Yes,Yes,Yes,No,11000
1717,2BHK,Tenament,Full,Any,Sector 6,Gandhinagar,,Basic,No,No,No,Yes,No,Yes,No,Yes,No,17000
1718,2BHK,Tenament,Sharing,Boys,Sargasan,Gandhinagar,,Basic,No,Yes,No,Yes,No,Yes,No,Yes,No,27000
1719,3BHK,Room,Sharing,Girls,Sector 6,Gandhinagar,,Basic,Yes,Yes,No,No,Yes,Yes,Yes,Yes,No,29000
1720,1BHK,Flat,Full,Girls,Infocity,Gandhinagar,,Fully,No,No,Yes,Yes,No,Yes,No,Yes,Yes,20000
1721,2BHK,Room,Sharing,Any,Sector 3,Gandhinagar,,Fully,No,No,No,Yes,No,Yes,No,Yes,No,11000
1722,3BHK,House,Full,Any,Sector 5A,Gandhinagar,,Fully,Yes,No,Yes,Yes,Yes,Yes,No,Yes,Yes,27000
1723,1BHK,Tenament,Sharing,Any,Sector 3,Gandhinagar,,Basic,Yes,Yes,Yes,No,Yes,Yes,Yes,Yes,No,9000
1724,2BHK,Room,Sharing,Boys,Sector 13,Gandhinagar,,Basic,No,Yes,No,Yes,No,Yes,No,Yes,Yes,12000
1725,1BHK,Flat,Sharing,Boys,Sector 6,Gandhinagar,,Fully,Yes,No,No,No,Yes,Yes,No,Yes,Yes,15000
1726,3BHK,Room,Full,Family,Sector 5A,Gandhinagar,,Semi,No,Yes,No,No,No,Yes,Yes,Yes,No,25000
1727,1BHK,Room,Full,Family,Sector 2,Gandhinagar,,Semi,No,No,No,Yes,No,Yes,Yes,Yes,Yes,16000
1728,3BHK,Room,Full,Family,Infocity,Gandhinagar,,Basic,No,Yes,No,Yes,No,Yes,Yes,Yes,No,41000
1729,1BHK,Tenament,Full,Girls,Infocity,Gandhinagar,,Semi,No,No,No,No,Yes,Yes,No,Yes,Yes,20000
1730,3BHK,Flat,Full,Any,Raysan,Gandhinagar,,Fully,No,Yes,No,Yes,No,Yes,Yes,Yes,Yes,28000
1731,2BHK,Tenament,Sharing,Girls,Sector 2,Gandhinagar,,Basic,Yes,No,Yes,Yes,No,Yes,No,Yes,Yes,21000
1732,1BHK,House,Full,Any,Sector 2,Gandhinagar,,Basic,Yes,Yes,Yes,Yes,Yes,Yes,Yes,Yes,Yes,14000
1733,1BHK,Flat,Full,Boys,Sector 13,Gandhinagar,,Basic,No,Yes,Yes,Yes,No,Yes,Yes,Yes,No,6000
1734,1BHK,Tenament,Full,Family,Sector 3,Gandhinagar,,Semi,No,No,Yes,No,No,Yes,Yes,Yes,No,7000
1735,2BHK,Room,Sharing,Any,Sector 13,Gandhinagar,,Basic,No,No,No,Yes,No,Yes,Yes,Yes,No,11000
1736,3BHK,House,Full,Family,Sector 6,Gandhinagar,,Fully,Yes,No,Yes,Yes,No,Yes,Yes,Yes,Yes,27000
1737,2BHK,Flat,Full,Family,Sector 3,Gandhinagar,,Basic,No,No,No,Yes,Yes,Yes,No,Yes,Yes,13000
1738,2BHK,Room,Full,Boys,Raysan,Gandhinagar,,Basic,Yes,No,No,Yes,No,Yes,Yes,Yes,No,20000
1739,3BHK,Flat,Full,Girls,Raysan,Gandhinagar,,Basic,Yes,No,Yes,No,Yes,Yes,No,Yes,No,35000
1740,2BHK,House,Sharing,Girls,Vavol,Gandhinagar,,Fully,Yes,Yes,Yes,Yes,Yes,Yes,No,Yes,No,14000
1741,2BHK,Flat,Full,Family,Sector 3,Gandhinagar,,Basic,Yes,Yes,No,No,Yes,Yes,Yes,Yes,Yes,13000
1742,1BHK,Tenament,Sharing,Boys,Raysan,Gandhinagar,,Basic,Yes,No,No,Yes,No,Yes,No,Yes,No,12000
1743,2BHK,House,Sharing,Family,Infocity,Gandhinagar,,Fully,No,No,No,Yes,Yes,Yes,Yes,Yes,No,32000
1744,1BHK,Room,Full,Girls,Sector 13,Gandhinagar,,Semi,Yes,No,Yes,No,Yes,Yes,No,Yes,No,8000
1745,3BHK,Tenament,Sharing,Any,Sector 6,Gandhinagar,,Fully,Yes,Yes,No,Yes,Yes,Yes,No,Yes,Yes,27000
1746,1BHK,House,Sharing,Girls,Infocity,Gandhinagar,,Semi,No,No,No,Yes,Yes,Yes,No,Yes,No,19000
1747,1BHK,Flat,Sharing,Family,Kudasan,Gandhinagar,,Fully,No,No,Yes,No,No,Yes,No,Yes,No,16000
1748,3BHK,Flat,Full,Family,Sargasan,Gandhinagar,,Semi,Yes,Yes,No,No,Yes,Yes,Yes,Yes,Yes,39000
1749,2BHK,Room,Full,Girls,Sector 2,Gandhinagar,,Basic,No,No,Yes,No,No,Yes,Yes,Yes,Yes,23000
1750,2BHK,Room,Sharing,Any,Infocity,Gandhinagar,,Basic,No,Yes,No,No,No,Yes,Yes,Yes,No,24000
1751,1BHK,House,Full,Any,Sector 3,Gandhinagar,,Basic,Yes,No,No,Yes,No,Yes,Yes,Yes,No,9000
1752,3BHK,Tenament,Sharing,Girls,Sector 2,Gandhinagar,,Semi,No,Yes,No,No,No,Yes,No,Yes,Yes,33000
1753,1BHK,Tenament,Sharing,Girls,Sector 13,Gandhinagar,,Fully,No,No,No,Yes,No,Yes,Yes,Yes,Yes,7000
1754,1BHK,Tenament,Full,Boys,Sector 2,Gandhinagar,,Basic,Yes,Yes,No,No,No,Yes,No,Yes,Yes,15000
1755,2BHK,Room,Full,Boys,Sector 5A,Gandhinagar,,Fully,No,No,Yes,No,Yes,Yes,No,Yes,Yes,16000
1756,3BHK,Flat,Full,Family,Sector 5A,Gandhinagar,,Basic,No,No,No,No,No,Yes,No,Yes,No,22000
1757,3BHK,Room,Full,Girls,Vavol,Gandhinagar,,Fully,Yes,Yes,No,Yes,Yes,Yes,Yes,Yes,No,23000
1758,2BHK,House,Sharing,Family,Vavol,Gandhinagar,,Semi,Yes,No,Yes,Yes,Yes,Yes,No,Yes,No,14000
1759,1BHK,Room,Sharing,Family,Sector 2,Gandhinagar,,Semi,Yes,Yes,No,Yes,Yes,Yes,No,Yes,Yes,14000
1760,1BHK,Tenament,Sharing,Any,Kudasan,Gandhinagar,,Basic,No,No,No,Yes,No,Yes,Yes,Yes,No,19000
1761,2BHK,Tenament,Full,Girls,Infocity,Gandhinagar,,Fully,Yes,Yes,Yes,No,No,Yes,No,Yes,Yes,27000
1762,2BHK,House,Sharing,Girls,Sector 2,Gandhinagar,,Fully,Yes,Yes,Yes,No,Yes,Yes,Yes,Yes,Yes,23000
1763,2BHK,Room,Full,Family,Raysan,Gandhinagar,,Semi,Yes,Yes,No,No,No,Yes,Yes,Yes,No,20000
1764,3BHK,House,Sharing,Any,Sector 13,Gandhinagar,,Semi,Yes,Yes,No,Yes,No,Yes,No,Yes,Yes,17000
1765,3BHK,Room,Full,Boys,Kudasan,Gandhinagar,,Basic,No,No,Yes,No,Yes,Yes,Yes,Yes,No,33000
1766,1BHK,Flat,Full,Any,Sector 13,Gandhinagar,,Semi,No,Yes,Yes,No,No,Yes,Yes,Yes,Yes,8000
1767,2BHK,Tenament,Full,Girls,Sector 2,Gandhinagar,,Basic,Yes,No,Yes,No,No,Yes,Yes,Yes,Yes,21000
1768,1BHK,Tenament,Sharing,Family,Sector 5A,Gandhinagar,,Fully,Yes,Yes,Yes,No,No,Yes,Yes,Yes,No,9000
1769,2BHK,House,Full,Boys,Sector 2,Gandhinagar,,Basic,No,No,Yes,Yes,Yes,Yes,Yes,Yes,No,19000
1770,1BHK,Tenament,Full,Any,Sector 13,Gandhinagar,,Basic,No,Yes,No,No,No,Yes,No,Yes,Yes,8000
1771,1BHK,Flat,Full,Family,Sector 5A,Gandhinagar,,Basic,No,No,No,Yes,Yes,Yes,No,Yes,Yes,10000
1772,3BHK,House,Full,Boys,Raysan,Gandhinagar,,Fully,No,No,No,No,Yes,Yes,No,Yes,Yes,33000
1773,2BHK,House,Sharing,Family,Sector 3,Gandhinagar,,Semi,No,No,Yes,No,Yes,Yes,No,Yes,Yes,14000
1774,3BHK,Tenament,Sharing,Boys,Sector 3,Gandhinagar,,Basic,No,No,No,No,No,Yes,Yes,Yes,No,17000
1775,3BHK,Flat,Sharing,Family,Sector 2,Gandhinagar,,Fully,No,No,Yes,Yes,No,Yes,No,Yes,Yes,27000
1776,2BHK,Flat,Full,Family,Sargasan,Gandhinagar,,Fully,Yes,No,Yes,No,Yes,Yes,Yes,Yes,No,28000
1777,3BHK,House,Full,Girls,Infocity,Gandhinagar,,Fully,Yes,No,Yes,No,No,Yes,No,Yes,Yes,41000
1778,1BHK,Tenament,Full,Family,Raysan,Gandhinagar,,Basic,Yes,No,Yes,Yes,No,Yes,No,Yes,No,13000
1779,1BHK,Flat,Sharing,Family,Sector 2,Gandhinagar,,Semi,Yes,Yes,Yes,Yes,No,Yes,No,Yes,Yes,12000
1780,1BHK,Tenament,Full,Any,Sector 6,Gandhinagar,,Basic,Yes,No,No,Yes,Yes,Yes,No,Yes,Yes,13000
1781,1BHK,Flat,Sharing,Any,Sector 13,Gandhinagar,,Fully,Yes,Yes,No,No,Yes,Yes,Yes,Yes,Yes,8000
1782,1BHK,House,Full,Family,Raysan,Gandhinagar,,Basic,No,No,Yes,No,No,Yes,Yes,Yes,Yes,17000
1783,3BHK,Flat,Full,Boys,Vavol,Gandhinagar,,Basic,No,No,Yes,Yes,Yes,Yes,Yes,Yes,No,18000
1784,2BHK,House,Sharing,Boys,Sector 5A,Gandhinagar,,Basic,No,Yes,No,No,Yes,Yes,Yes,Yes,No,17000
1785,2BHK,Tenament,Sharing,Girls,Vavol,Gandhinagar,,Basic,No,No,Yes,No,Yes,Yes,Yes,Yes,No,14000
1786,2BHK,House,Sharing,Girls,Raysan,Gandhinagar,,Semi,Yes,Yes,No,No,No,Yes,No,Yes,Yes,22000
1787,3BHK,Tenament,Full,Family,Sector 13,Gandhinagar,,Fully,Yes,Yes,No,No,No,Yes,Yes,Yes,Yes,16000
1788,1BHK,Tenament,Full,Boys,Raysan,Gandhinagar,,Fully,Yes,No,No,Yes,No,Yes,Yes,Yes,Yes,13000
1789,2BHK,Tenament,Full,Boys,Sector 13,Gandhinagar,,Fully,No,No,No,Yes,No,Yes,Yes,Yes,No,12000
1790,2BHK,Flat,Sharing,Any,Sector 3,Gandhinagar,,Semi,Yes,No,No,Yes,Yes,Yes,No,Yes,No,12000
1791,1BHK,Flat,Full,Girls,Sector 3,Gandhinagar,,Basic,No,Yes,Yes,Yes,Yes,Yes,Yes,Yes,Yes,9000
1792,1BHK,Tenament,Sharing,Boys,Infocity,Gandhinagar,,Basic,No,No,No,Yes,No,Yes,No,Yes,No,18000
1793,3BHK,Room,Full,Girls,Sector 5A,Gandhinagar,,Fully,No,Yes,Yes,No,No,Yes,Yes,Yes,No,25000
1794,1BHK,Room,Full,Any,Sector 2,Gandhinagar,,Semi,Yes,No,No,Yes,Yes,Yes,No,Yes,Yes,14000
1795,2BHK,Flat,Full,Any,Sector 3,Gandhinagar,,Semi,Yes,No,Yes,Yes,Yes,Yes,No,Yes,No,13000
1796,2BHK,House,Full,Family,Sector 6,Gandhinagar,,Semi,No,Yes,No,Yes,No,Yes,Yes,Yes,Yes,18000
1797,1BHK,House,Full,Girls,Sector 2,Gandhinagar,,Semi,No,Yes,Yes,No,No,Yes,No,Yes,Yes,14000
1798,1BHK,Room,Full,Any,Sector 6,Gandhinagar,,Basic,No,No,No,Yes,No,Yes,No,Yes,Yes,14000
1799,2BHK,House,Full,Any,Sector 3,Gandhinagar,,Semi,No,Yes,Yes,Yes,No,Yes,No,Yes,Yes,13000
1800,3BHK,House,Full,Any,Raysan,Gandhinagar,,Semi,No,Yes,Yes,No,Yes,Yes,No,Yes,Yes,27000
1801,1BHK,Room,Sharing,Girls,Sargasan,Gandhinagar,,Fully,Yes,Yes,No,Yes,No,Yes,No,Yes,No,18000
1802,3BHK,Room,Sharing,Any,Infocity,Gandhinagar,,Fully,Yes,Yes,No,No,No,Yes,No,Yes,No,35000
1803,2BHK,House,Full,Family,Sector 13,Gandhinagar,,Basic,Yes,Yes,No,Yes,Yes,Yes,No,Yes,No,13000
1804,1BHK,Room,Full,Family,Raysan,Gandhinagar,,Basic,No,Yes,No,Yes,No,Yes,No,Yes,No,16000
1805,2BHK,Room,Sharing,Family,Vavol,Gandhinagar,,Fully,Yes,No,Yes,Yes,No,Yes,No,Yes,No,18000
1806,3BHK,Flat,Full,Girls,Sargasan,Gandhinagar,,Semi,Yes,No,Yes,Yes,No,Yes,No,Yes,No,33000
1807,3BHK,Flat,Sharing,Family,Infocity,Gandhinagar,,Fully,Yes,No,Yes,Yes,No,Yes,Yes,Yes,No,43000
1808,3BHK,House,Sharing,Any,Kudasan,Gandhinagar,,Fully,No,Yes,No,No,Yes,Yes,No,Yes,No,38000
1809,3BHK,Room,Full,Family,Sector 2,Gandhinagar,,Fully,No,No,No,No,Yes,Yes,No,Yes,No,28000
1810,3BHK,Room,Sharing,Boys,Sector 2,Gandhinagar,,Basic,Yes,No,No,Yes,Yes,Yes,Yes,Yes,No,25000
1811,1BHK,Tenament,Sharing,Any,Sector 13,Gandhinagar,,Basic,Yes,Yes,Yes,Yes,Yes,Yes,Yes,Yes,No,8000
1812,1BHK,House,Sharing,Girls,Sector 2,Gandhinagar,,Fully,Yes,No,No,Yes,Yes,Yes,No,Yes,No,13000
1813,3BHK,Room,Full,Boys,Sector 6,Gandhinagar,,Semi,Yes,Yes,No,Yes,No,Yes,Yes,Yes,Yes,22000
1814,3BHK,Flat,Full,Any,Infocity,Gandhinagar,,Semi,No,No,No,No,Yes,Yes,No,Yes,No,34000
1815,3BHK,Room,Full,Girls,Kudasan,Gandhinagar,,Fully,Yes,Yes,Yes,Yes,Yes,Yes,Yes,Yes,No,33000
1816,3BHK,Tenament,Sharing,Boys,Vavol,Gandhinagar,,Semi,No,No,Yes,No,No,Yes,No,Yes,Yes,19000
1817,1BHK,House,Sharing,Any,Infocity,Gandhinagar,,Fully,No,Yes,Yes,No,Yes,Yes,Yes,Yes,No,18000
1818,1BHK,Room,Full,Girls,Sector 13,Gandhinagar,,Basic,Yes,Yes,Yes,Yes,Yes,Yes,Yes,Yes,Yes,6000
1819,2BHK,Room,Full,Boys,Sector 2,Gandhinagar,,Fully,Yes,Yes,Yes,Yes,Yes,Yes,Yes,Yes,Yes,17000
1820,3BHK,Flat,Sharing,Girls,Vavol,Gandhinagar,,Fully,No,No,No,No,No,Yes,Yes,Yes,No,24000
1821,1BHK,House,Full,Family,Kudasan,Gandhinagar,,Basic,Yes,No,No,Yes,No,Yes,Yes,Yes,Yes,16000
1822,1BHK,Tenament,Sharing,Any,Sector 6,Gandhinagar,,Fully,No,No,No,Yes,No,Yes,No,Yes,Yes,13000
1823,3BHK,Tenament,Full,Any,Raysan,Gandhinagar,,Fully,Yes,No,No,Yes,No,Yes,No,Yes,No,28000
1824,1BHK,Room,Full,Girls,Sector 13,Gandhinagar,,Basic,Yes,Yes,No,No,Yes,Yes,Yes,Yes,No,8000
1825,3BHK,Flat,Full,Family,Infocity,Gandhinagar,,Basic,No,No,Yes,Yes,Yes,Yes,No,Yes,No,36000
1826,2BHK,Tenament,Sharing,Family,Sector 3,Gandhinagar,,Basic,No,Yes,Yes,Yes,Yes,Yes,Yes,Yes,No,14000
1827,1BHK,House,Full,Family,Vavol,Gandhinagar,,Semi,No,No,No,No,Yes,Yes,No,Yes,No,9000
1828,3BHK,Room,Sharing,Boys,Sector 3,Gandhinagar,,Semi,Yes,Yes,No,No,No,Yes,No,Yes,Yes,21000
1829,3BHK,Tenament,Sharing,Boys,Sector 3,Gandhinagar,,Fully,No,Yes,No,Yes,Yes,Yes,Yes,Yes,Yes,19000
1830,3BHK,Tenament,Sharing,Family,Sector 3,Gandhinagar,,Basic,No,Yes,No,No,Yes,Yes,Yes,Yes,Yes,21000
1831,1BHK,Flat,Sharing,Boys,Sector 3,Gandhinagar,,Basic,Yes,No,Yes,Yes,No,Yes,Yes,Yes,Yes,10000
1832,2BHK,Tenament,Sharing,Boys,Sector 5A,Gandhinagar,,Fully,Yes,Yes,No,Yes,No,Yes,Yes,Yes,Yes,15000
1833,2BHK,Tenament,Sharing,Any,Raysan,Gandhinagar,,Fully,No,No,No,No,No,Yes,No,Yes,Yes,20000
1834,3BHK,Flat,Full,Boys,Sector 3,Gandhinagar,,Fully,No,Yes,No,Yes,No,Yes,No,Yes,No,20000
1835,3BHK,Tenament,Sharing,Family,Raysan,Gandhinagar,,Fully,Yes,Yes,No,Yes,Yes,Yes,Yes,Yes,Yes,26000
1836,2BHK,House,Sharing,Boys,Sector 2,Gandhinagar,,Fully,Yes,Yes,No,Yes,No,Yes,No,Yes,No,22000
1837,1BHK,House,Sharing,Boys,Sector 2,Gandhinagar,,Fully,Yes,No,Yes,Yes,No,Yes,Yes,Yes,No,13000
1838,2BHK,House,Full,Girls,Sargasan,Gandhinagar,,Fully,No,No,Yes,Yes,No,Yes,Yes,Yes,No,24000
1839,3BHK,Room,Sharing,Boys,Sector 3,Gandhinagar,,Semi,Yes,Yes,Yes,No,Yes,Yes,No,Yes,No,16000
1840,3BHK,Room,Full,Girls,Sector 6,Gandhinagar,,Fully,Yes,Yes,No,No,No,Yes,No,Yes,Yes,23000
1841,2BHK,House,Full,Girls,Vavol,Gandhinagar,,Semi,Yes,No,No,No,No,Yes,No,Yes,No,13000
1842,3BHK,Tenament,Sharing,Family,Sector 6,Gandhinagar,,Fully,Yes,No,No,No,No,Yes,Yes,Yes,No,23000
1843,2BHK,Flat,Full,Any,Infocity,Gandhinagar,,Fully,Yes,Yes,No,Yes,Yes,Yes,No,Yes,Yes,30000
1844,3BHK,Room,Full,Family,Raysan,Gandhinagar,,Basic,Yes,No,No,No,No,Yes,No,Yes,No,34000
1845,3BHK,Tenament,Full,Boys,Vavol,Gandhinagar,,Basic,No,Yes,Yes,Yes,No,Yes,Yes,Yes,Yes,19000
1846,3BHK,House,Full,Family,Sector 13,Gandhinagar,,Semi,No,No,No,Yes,Yes,Yes,No,Yes,No,15000
1847,1BHK,Room,Sharing,Girls,Sector 2,Gandhinagar,,Basic,No,Yes,Yes,No,Yes,Yes,Yes,Yes,No,12000
1848,3BHK,Room,Sharing,Boys,Vavol,Gandhinagar,,Basic,No,Yes,No,Yes,No,Yes,No,Yes,No,23000
1849,3BHK,Tenament,Full,Any,Sector 13,Gandhinagar,,Basic,Yes,No,Yes,No,No,Yes,Yes,Yes,Yes,14000
1850,3BHK,Room,Sharing,Any,Sector 5A,Gandhinagar,,Fully,No,Yes,No,No,Yes,Yes,No,Yes,No,25000
1851,2BHK,House,Full,Boys,Vavol,Gandhinagar,,Basic,No,Yes,Yes,Yes,No,Yes,No,Yes,Yes,14000
1852,1BHK,Flat,Sharing,Boys,Sector 3,Gandhinagar,,Fully,No,No,No,Yes,Yes,Yes,Yes,Yes,Yes,10000
1853,2BHK,House,Sharing,Boys,Sector 5A,Gandhinagar,,Fully,Yes,Yes,Yes,No,Yes,Yes,Yes,Yes,No,14000
1854,2BHK,Tenament,Full,Any,Sector 3,Gandhinagar,,Semi,No,Yes,No,No,No,Yes,No,Yes,Yes,13000
1855,2BHK,Tenament,Sharing,Girls,Sector 3,Gandhinagar,,Fully,Yes,Yes,Yes,No,Yes,Yes,Yes,Yes,No,14000
1856,3BHK,Room,Full,Any,Sector 3,Gandhinagar,,Basic,No,No,Yes,No,Yes,Yes,No,Yes,No,16000
1857,1BHK,Tenament,Full,Any,Sector 13,Gandhinagar,,Basic,No,Yes,No,Yes,Yes,Yes,No,Yes,Yes,8000
1858,1BHK,Flat,Sharing,Boys,Infocity,Gandhinagar,,Basic,No,No,Yes,Yes,No,Yes,Yes,Yes,Yes,22000
1859,3BHK,Flat,Sharing,Boys,Sargasan,Gandhinagar,,Semi,Yes,Yes,Yes,No,Yes,Yes,Yes,Yes,No,36000
1860,2BHK,Flat,Sharing,Any,Sector 13,Gandhinagar,,Semi,No,No,No,Yes,No,Yes,Yes,Yes,No,13000
1861,3BHK,Tenament,Sharing,Girls,Sargasan,Gandhinagar,,Basic,No,No,No,Yes,Yes,Yes,Yes,Yes,No,36000
1862,3BHK,Room,Full,Family,Infocity,Gandhinagar,,Basic,Yes,Yes,No,No,Yes,Yes,No,Yes,No,41000
1863,1BHK,House,Sharing,Any,Infocity,Gandhinagar,,Basic,Yes,No,No,Yes,Yes,Yes,No,Yes,No,15000
1864,2BHK,House,Full,Family,Sector 13,Gandhinagar,,Fully,No,Yes,No,No,Yes,Yes,Yes,Yes,No,12000
1865,3BHK,Room,Sharing,Family,Sector 3,Gandhinagar,,Fully,No,No,No,Yes,Yes,Yes,No,Yes,Yes,16000
1866,1BHK,House,Sharing,Boys,Sector 6,Gandhinagar,,Fully,Yes,Yes,No,Yes,Yes,Yes,Yes,Yes,No,15000
1867,2BHK,Flat,Full,Boys,Vavol,Gandhinagar,,Fully,No,Yes,Yes,No,Yes,Yes,No,Yes,No,13000
1868,3BHK,Room,Sharing,Family,Infocity,Gandhinagar,,Fully,No,No,No,No,No,Yes,Yes,Yes,Yes,38000
1869,2BHK,Tenament,Full,Family,Sector 3,Gandhinagar,,Fully,No,No,No,No,Yes,Yes,No,Yes,No,12000
1870,2BHK,Flat,Full,Girls,Infocity,Gandhinagar,,Basic,No,No,Yes,Yes,Yes,Yes,No,Yes,Yes,31000
1871,3BHK,Room,Sharing,Any,Vavol,Gandhinagar,,Fully,Yes,Yes,No,Yes,No,Yes,No,Yes,No,23000
1872,2BHK,Room,Full,Any,Sector 2,Gandhinagar,,Semi,No,No,No,No,No,Yes,No,Yes,Yes,21000
1873,3BHK,House,Full,Family,Infocity,Gandhinagar,,Basic,No,Yes,No,No,Yes,Yes,Yes,Yes,No,36000
1874,3BHK,Tenament,Full,Any,Sector 3,Gandhinagar,,Semi,No,Yes,No,Yes,No,Yes,No,Yes,No,18000
1875,3BHK,Flat,Full,Family,Infocity,Gandhinagar,,Semi,No,No,Yes,No,No,Yes,No,Yes,No,36000
1876,3BHK,Flat,Sharing,Family,Sector 2,Gandhinagar,,Fully,No,Yes,No,No,No,Yes,Yes,Yes,Yes,27000
1877,3BHK,Tenament,Full,Any,Sector 5A,Gandhinagar,,Basic,Yes,Yes,Yes,No,Yes,Yes,Yes,Yes,Yes,22000
1878,2BHK,Flat,Sharing,Boys,Kudasan,Gandhinagar,,Semi,Yes,No,Yes,Yes,Yes,Yes,Yes,Yes,No,20000
1879,1BHK,Tenament,Full,Family,Sector 6,Gandhinagar,,Semi,No,Yes,No,Yes,Yes,Yes,No,Yes,Yes,12000
1880,1BHK,Tenament,Full,Any,Sector 6,Gandhinagar,,Fully,Yes,No,No,Yes,No,Yes,Yes,Yes,No,15000
1881,1BHK,House,Sharing,Family,Sector 3,Gandhinagar,,Semi,Yes,Yes,No,No,No,Yes,No,Yes,No,9000
1882,2BHK,Room,Sharing,Girls,Raysan,Gandhinagar,,Fully,No,No,No,No,Yes,Yes,No,Yes,Yes,23000
1883,1BHK,House,Sharing,Any,Raysan,Gandhinagar,,Semi,Yes,No,Yes,No,No,Yes,Yes,Yes,No,17000
1884,2BHK,Tenament,Full,Any,Sector 6,Gandhinagar,,Fully,No,Yes,Yes,Yes,No,Yes,Yes,Yes,No,19000
1885,1BHK,Tenament,Sharing,Girls,Sector 2,Gandhinagar,,Fully,No,No,Yes,No,No,Yes,No,Yes,Yes,13000
1886,3BHK,Flat,Full,Girls,Infocity,Gandhinagar,,Basic,No,Yes,Yes,No,No,Yes,No,Yes,Yes,45000
1887,3BHK,House,Sharing,Any,Sector 13,Gandhinagar,,Semi,Yes,Yes,No,Yes,Yes,Yes,Yes,Yes,No,16000
1888,2BHK,Room,Sharing,Boys,Infocity,Gandhinagar,,Semi,Yes,Yes,Yes,Yes,No,Yes,No,Yes,Yes,29000
1889,3BHK,Tenament,Full,Girls,Kudasan,Gandhinagar,,Basic,Yes,Yes,Yes,No,Yes,Yes,Yes,Yes,No,37000
1890,3BHK,House,Sharing,Any,Sector 13,Gandhinagar,,Fully,No,Yes,No,No,Yes,Yes,No,Yes,No,16000
1891,3BHK,House,Full,Girls,Sector 13,Gandhinagar,,Semi,Yes,Yes,Yes,No,No,Yes,Yes,Yes,Yes,14000
1892,2BHK,Room,Sharing,Family,Kudasan,Gandhinagar,,Fully,No,Yes,No,Yes,No,Yes,No,Yes,Yes,20000
1893,3BHK,House,Sharing,Girls,Kudasan,Gandhinagar,,Semi,No,Yes,Yes,No,Yes,Yes,Yes,Yes,Yes,36000
1894,1BHK,Room,Full,Any,Kudasan,Gandhinagar,,Semi,No,Yes,Yes,No,Yes,Yes,No,Yes,No,19000
1895,3BHK,House,Sharing,Boys,Raysan,Gandhinagar,,Basic,No,No,No,Yes,Yes,Yes,Yes,Yes,Yes,28000
1896,3BHK,Tenament,Full,Family,Sector 13,Gandhinagar,,Fully,No,Yes,Yes,No,Yes,Yes,No,Yes,No,15000
1897,1BHK,Tenament,Sharing,Girls,Sector 5A,Gandhinagar,,Fully,Yes,No,No,Yes,No,Yes,Yes,Yes,Yes,11000
1898,1BHK,Flat,Sharing,Girls,Infocity,Gandhinagar,,Semi,No,Yes,Yes,Yes,No,Yes,Yes,Yes,Yes,18000
1899,2BHK,Flat,Sharing,Boys,Sector 5A,Gandhinagar,,Fully,No,Yes,Yes,No,No,Yes,Yes,Yes,Yes,16000
1900,3BHK,House,Sharing,Any,Kudasan,Gandhinagar,,Fully,Yes,No,Yes,Yes,Yes,Yes,No,Yes,Yes,38000
1901,3BHK,Flat,Full,Any,Kudasan,Gandhinagar,,Basic,No,Yes,Yes,Yes,Yes,Yes,No,Yes,No,39000
1902,3BHK,Tenament,Sharing,Any,Infocity,Gandhinagar,,Basic,No,No,No,No,No,Yes,Yes,Yes,Yes,40000
1903,2BHK,Tenament,Sharing,Family,Sector 13,Gandhinagar,,Semi,Yes,No,Yes,No,Yes,Yes,Yes,Yes,Yes,10000
1904,2BHK,Room,Full,Family,Sector 2,Gandhinagar,,Basic,No,No,No,Yes,No,Yes,No,Yes,No,19000
1905,1BHK,Room,Full,Boys,Kudasan,Gandhinagar,,Semi,No,No,No,No,No,Yes,Yes,Yes,Yes,17000
1906,1BHK,Tenament,Sharing,Girls,Kudasan,Gandhinagar,,Fully,No,Yes,Yes,No,No,Yes,Yes,Yes,Yes,16000
1907,3BHK,Tenament,Sharing,Boys,Sector 6,Gandhinagar,,Semi,No,Yes,No,Yes,No,Yes,Yes,Yes,No,27000
1908,2BHK,House,Sharing,Family,Sector 5A,Gandhinagar,,Semi,Yes,No,Yes,No,No,Yes,No,Yes,Yes,14000
1909,3BHK,House,Sharing,Family,Sargasan,Gandhinagar,,Fully,No,Yes,No,No,No,Yes,No,Yes,No,35000
1910,1BHK,Flat,Full,Family,Sector 13,Gandhinagar,,Semi,No,No,No,No,Yes,Yes,No,Yes,No,7000
1911,3BHK,Tenament,Full,Any,Sargasan,Gandhinagar,,Fully,No,Yes,No,Yes,No,Yes,Yes,Yes,No,32000
1912,1BHK,Flat,Full,Family,Sector 6,Gandhinagar,,Basic,No,Yes,Yes,Yes,No,Yes,No,Yes,Yes,12000
1913,2BHK,Tenament,Full,Family,Sector 3,Gandhinagar,,Semi,No,Yes,No,No,Yes,Yes,Yes,Yes,No,13000
1914,1BHK,House,Full,Girls,Sector 6,Gandhinagar,,Semi,No,No,No,No,Yes,Yes,No,Yes,Yes,14000
1915,3BHK,Flat,Sharing,Girls,Vavol,Gandhinagar,,Semi,No,Yes,No,No,No,Yes,Yes,Yes,No,24000
1916,1BHK,Flat,Sharing,Girls,Sector 6,Gandhinagar,,Semi,No,Yes,No,Yes,No,Yes,No,Yes,Yes,13000
1917,1BHK,Tenament,Full,Family,Sector 5A,Gandhinagar,,Semi,No,No,No,Yes,No,Yes,Yes,Yes,No,13000
1918,1BHK,Room,Sharing,Boys,Sector 3,Gandhinagar,,Semi,No,Yes,Yes,Yes,No,Yes,No,Yes,No,8000
1919,3BHK,Tenament,Sharing,Girls,Sector 5A,Gandhinagar,,Basic,No,Yes,Yes,Yes,No,Yes,Yes,Yes,Yes,23000
1920,3BHK,House,Full,Any,Sector 6,Gandhinagar,,Fully,No,No,Yes,No,No,Yes,No,Yes,Yes,28000
1921,3BHK,House,Full,Boys,Vavol,Gandhinagar,,Fully,No,Yes,No,Yes,No,Yes,No,Yes,Yes,23000
1922,3BHK,House,Full,Girls,Vavol,Gandhinagar,,Semi,No,No,Yes,No,Yes,Yes,No,Yes,Yes,20000
1923,3BHK,Room,Sharing,Boys,Sargasan,Gandhinagar,,Semi,Yes,Yes,Yes,Yes,No,Yes,Yes,Yes,Yes,36000
1924,2BHK,Tenament,Full,Boys,Sector 3,Gandhinagar,,Basic,No,No,No,Yes,No,Yes,No,Yes,No,14000
1925,1BHK,Flat,Sharing,Girls,Sector 13,Gandhinagar,,Fully,No,Yes,Yes,Yes,No,Yes,Yes,Yes,Yes,8000
1926,1BHK,House,Sharing,Boys,Sargasan,Gandhinagar,,Fully,Yes,No,No,Yes,No,Yes,Yes,Yes,No,20000
1927,2BHK,Tenament,Full,Any,Sector 5A,Gandhinagar,,Semi,Yes,No,No,No,No,Yes,No,Yes,Yes,16000
1928,1BHK,Tenament,Full,Girls,Infocity,Gandhinagar,,Basic,No,Yes,Yes,No,No,Yes,Yes,Yes,No,22000
1929,3BHK,House,Full,Any,Sector 13,Gandhinagar,,Basic,Yes,Yes,Yes,No,Yes,Yes,Yes,Yes,Yes,15000
1930,2BHK,Tenament,Sharing,Any,Sargasan,Gandhinagar,,Basic,Yes,Yes,No,Yes,No,Yes,Yes,Yes,Yes,23000
1931,1BHK,Room,Sharing,Boys,Sector 2,Gandhinagar,,Fully,No,No,Yes,Yes,Yes,Yes,Yes,Yes,Yes,16000
1932,2BHK,Flat,Full,Any,Kudasan,Gandhinagar,,Semi,Yes,Yes,Yes,No,No,Yes,Yes,Yes,Yes,24000
1933,2BHK,Room,Full,Boys,Sector 13,Gandhinagar,,Fully,Yes,No,Yes,Yes,No,Yes,No,Yes,No,10000
1934,3BHK,Room,Full,Boys,Raysan,Gandhinagar,,Basic,Yes,No,Yes,Yes,No,Yes,No,Yes,No,34000
1935,2BHK,Room,Sharing,Any,Sargasan,Gandhinagar,,Basic,Yes,No,No,Yes,Yes,Yes,Yes,Yes,No,22000
1936,3BHK,Flat,Full,Boys,Vavol,Gandhinagar,,Fully,Yes,Yes,No,Yes,No,Yes,Yes,Yes,Yes,23000
1937,3BHK,Flat,Sharing,Any,Vavol,Gandhinagar,,Basic,No,No,No,Yes,No,Yes,Yes,Yes,No,24000
1938,1BHK,Tenament,Sharing,Boys,Sector 3,Gandhinagar,,Fully,No,No,No,Yes,Yes,Yes,No,Yes,No,8000
1939,3BHK,Room,Sharing,Girls,Sector 6,Gandhinagar,,Basic,No,No,No,Yes,Yes,Yes,No,Yes,No,30000
1940,3BHK,Room,Full,Any,Sector 6,Gandhinagar,,Basic,No,Yes,No,Yes,No,Yes,No,Yes,No,23000
1941,3BHK,Flat,Full,Family,Kudasan,Gandhinagar,,Basic,No,No,No,Yes,No,Yes,Yes,Yes,Yes,29000
1942,1BHK,Flat,Sharing,Girls,Sector 3,Gandhinagar,,Fully,Yes,Yes,Yes,No,No,Yes,No,Yes,No,10000
1943,1BHK,Room,Sharing,Family,Sargasan,Gandhinagar,,Semi,Yes,No,Yes,No,Yes,Yes,No,Yes,Yes,21000
1944,3BHK,Tenament,Full,Family,Sector 13,Gandhinagar,,Basic,No,Yes,Yes,Yes,No,Yes,Yes,Yes,No,15000
1945,2BHK,House,Sharing,Family,Kudasan,Gandhinagar,,Fully,Yes,No,No,No,No,Yes,No,Yes,No,27000
1946,3BHK,Flat,Sharing,Any,Sector 2,Gandhinagar,,Fully,Yes,No,Yes,No,No,Yes,No,Yes,Yes,30000
1947,1BHK,Tenament,Sharing,Family,Kudasan,Gandhinagar,,Basic,Yes,No,Yes,No,Yes,Yes,Yes,Yes,No,19000
1948,2BHK,Tenament,Sharing,Family,Infocity,Gandhinagar,,Semi,Yes,Yes,No,Yes,No,Yes,No,Yes,Yes,23000
1949,1BHK,Flat,Full,Boys,Sargasan,Gandhinagar,,Basic,No,Yes,No,Yes,Yes,Yes,No,Yes,Yes,20000
1950,1BHK,Tenament,Sharing,Family,Infocity,Gandhinagar,,Semi,No,Yes,No,No,Yes,Yes,Yes,Yes,Yes,18000
1951,3BHK,Flat,Sharing,Boys,Sector 2,Gandhinagar,,Basic,Yes,Yes,No,No,Yes,Yes,Yes,Yes,No,24000
1952,2BHK,House,Sharing,Boys,Kudasan,Gandhinagar,,Fully,No,Yes,Yes,No,No,Yes,No,Yes,No,29000
1953,3BHK,Flat,Full,Family,Infocity,Gandhinagar,,Basic,Yes,Yes,Yes,No,Yes,Yes,Yes,Yes,No,43000
1954,3BHK,Flat,Full,Any,Sector 5A,Gandhinagar,,Fully,Yes,Yes,Yes,No,Yes,Yes,No,Yes,No,27000
1955,1BHK,Room,Full,Any,Vavol,Gandhinagar,,Basic,Yes,No,Yes,No,No,Yes,No,Yes,Yes,11000
1956,3BHK,Tenament,Full,Girls,Sector 13,Gandhinagar,,Semi,Yes,Yes,No,Yes,No,Yes,No,Yes,No,17000
1957,2BHK,Flat,Sharing,Family,Sector 5A,Gandhinagar,,Basic,No,Yes,Yes,Yes,No,Yes,No,Yes,No,16000
1958,1BHK,Flat,Sharing,Family,Sargasan,Gandhinagar,,Fully,No,Yes,Yes,No,Yes,Yes,No,Yes,No,17000
1959,3BHK,Tenament,Sharing,Boys,Sector 2,Gandhinagar,,Basic,Yes,No,Yes,No,No,Yes,No,Yes,No,26000
1960,2BHK,Flat,Full,Boys,Sector 13,Gandhinagar,,Fully,Yes,Yes,No,Yes,Yes,Yes,Yes,Yes,No,11000
1961,3BHK,House,Sharing,Any,Sector 3,Gandhinagar,,Basic,Yes,No,No,No,Yes,Yes,Yes,Yes,No,19000
1962,1BHK,Room,Sharing,Any,Sector 6,Gandhinagar,,Basic,Yes,No,No,No,Yes,Yes,No,Yes,Yes,13000
1963,1BHK,Room,Full,Family,Raysan,Gandhinagar,,Basic,Yes,No,No,Yes,Yes,Yes,No,Yes,No,15000
1964,2BHK,House,Full,Any,Vavol,Gandhinagar,,Basic,Yes,No,No,Yes,Yes,Yes,Yes,Yes,No,17000
1965,1BHK,House,Sharing,Boys,Sector 13,Gandhinagar,,Fully,Yes,Yes,Yes,No,Yes,Yes,Yes,Yes,No,7000
1966,3BHK,Flat,Full,Family,Sector 5A,Gandhinagar,,Basic,No,Yes,Yes,No,Yes,Yes,Yes,Yes,No,26000
1967,1BHK,Tenament,Sharing,Family,Infocity,Gandhinagar,,Basic,No,Yes,Yes,No,Yes,Yes,No,Yes,No,22000
1968,3BHK,Tenament,Full,Boys,Sector 13,Gandhinagar,,Basic,No,No,No,Yes,No,Yes,No,Yes,Yes,14000
1969,2BHK,House,Full,Boys,Sector 3,Gandhinagar,,Basic,Yes,No,Yes,No,No,Yes,No,Yes,No,15000
1970,3BHK,Flat,Full,Girls,Kudasan,Gandhinagar,,Semi,No,No,Yes,No,Yes,Yes,No,Yes,No,32000
1971,2BHK,Room,Sharing,Boys,Sector 6,Gandhinagar,,Fully,Yes,No,Yes,Yes,No,Yes,No,Yes,Yes,21000
1972,1BHK,House,Full,Family,Sector 3,Gandhinagar,,Semi,No,Yes,No,Yes,No,Yes,Yes,Yes,No,9000
1973,3BHK,Tenament,Full,Boys,Sector 5A,Gandhinagar,,Semi,No,Yes,Yes,Yes,No,Yes,No,Yes,No,22000
1974,1BHK,Flat,Full,Any,Sector 3,Gandhinagar,,Basic,No,Yes,No,No,Yes,Yes,No,Yes,No,9000
1975,3BHK,Room,Sharing,Any,Vavol,Gandhinagar,,Fully,No,Yes,Yes,Yes,Yes,Yes,No,Yes,No,19000
1976,1BHK,Room,Full,Any,Kudasan,Gandhinagar,,Fully,No,No,No,Yes,Yes,Yes,No,Yes,Yes,18000
1977,3BHK,Flat,Sharing,Girls,Sargasan,Gandhinagar,,Semi,No,Yes,Yes,No,No,Yes,No,Yes,No,40000
1978,1BHK,House,Sharing,Girls,Sector 13,Gandhinagar,,Basic,No,Yes,No,Yes,No,Yes,Yes,Yes,No,6000
1979,2BHK,Flat,Full,Any,Sector 3,Gandhinagar,,Fully,Yes,No,No,Yes,Yes,Yes,No,Yes,Yes,14000
1980,1BHK,Flat,Sharing,Family,Sector 6,Gandhinagar,,Fully,No,No,No,No,No,Yes,No,Yes,No,14000
1981,2BHK,House,Full,Boys,Infocity,Gandhinagar,,Fully,Yes,Yes,No,No,No,Yes,Yes,Yes,No,31000
1982,2BHK,Tenament,Full,Boys,Sector 13,Gandhinagar,,Semi,No,Yes,No,Yes,No,Yes,No,Yes,Yes,12000
1983,2BHK,Room,Full,Family,Sector 13,Gandhinagar,,Basic,Yes,No,No,Yes,No,Yes,No,Yes,Yes,10000
1984,1BHK,House,Full,Any,Vavol,Gandhinagar,,Semi,Yes,Yes,Yes,No,Yes,Yes,Yes,Yes,Yes,10000
1985,2BHK,House,Full,Family,Sector 5A,Gandhinagar,,Semi,No,No,No,Yes,Yes,Yes,Yes,Yes,No,16000
1986,3BHK,Flat,Full,Any,Sector 3,Gandhinagar,,Semi,No,Yes,Yes,Yes,No,Yes,Yes,Yes,No,21000
1987,3BHK,House,Full,Any,Vavol,Gandhinagar,,Fully,No,No,Yes,No,No,Yes,No,Yes,No,21000
1988,3BHK,Flat,Sharing,Any,Raysan,Gandhinagar,,Fully,No,No,No,No,No,Yes,No,Yes,Yes,27000
1989,1BHK,Tenament,Sharing,Girls,Infocity,Gandhinagar,,Fully,Yes,No,Yes,Yes,No,Yes,Yes,Yes,No,17000
1990,2BHK,Tenament,Sharing,Family,Infocity,Gandhinagar,,Fully,Yes,Yes,Yes,No,No,Yes,No,Yes,Yes,29000
1991,1BHK,Tenament,Full,Girls,Sargasan,Gandhinagar,,Basic,No,No,No,Yes,Yes,Yes,No,Yes,Yes,19000
1992,1BHK,Tenament,Full,Boys,Infocity,Gandhinagar,,Semi,Yes,Yes,No,Yes,No,Yes,No,Yes,Yes,22000
1993,2BHK,Room,Sharing,Any,Kudasan,Gandhinagar,,Fully,Yes,Yes,Yes,Yes,No,Yes,Yes,Yes,No,26000
1994,3BHK,House,Sharing,Girls,Sector 6,Gandhinagar,,Fully,Yes,No,Yes,No,No,Yes,No,Yes,No,27000
1995,2BHK,Tenament,Full,Girls,Sargasan,Gandhinagar,,Fully,Yes,No,No,No,No,Yes,Yes,Yes,Yes,21000
1996,1BHK,Flat,Full,Girls,Vavol,Gandhinagar,,Semi,No,Yes,No,Yes,No,Yes,Yes,Yes,No,10000
1997,1BHK,House,Full,Family,Raysan,Gandhinagar,,Basic,Yes,No,Yes,No,Yes,Yes,Yes,Yes,Yes,15000
1998,2BHK,Flat,Sharing,Family,Sector 2,Gandhinagar,,Fully,Yes,No,No,Yes,Yes,Yes,Yes,Yes,Yes,17000
1999,1BHK,Flat,Sharing,Girls,Vavol,Gandhinagar,,Basic,Yes,No,No,No,No,Yes,No,Yes,Yes,12000
2000,3BHK,Room,Sharing,Family,Sargasan,Gandhinagar,,Basic,No,Yes,No,No,Yes,Yes,Yes,Yes,No,42000
2001,3BHK,Flat,Sharing,Girls,Vavol,Gandhinagar,,Fully,Yes,Yes,Yes,No,No,Yes,No,Yes,Yes,23000
2002,2BHK,Tenament,Sharing,Boys,Kudasan,Gandhinagar,,Semi,No,Yes,Yes,No,No,Yes,No,Yes,Yes,22000
2003,1BHK,Room,Full,Boys,Sector 6,Gandhinagar,,Basic,No,Yes,No,No,No,Yes,Yes,Yes,Yes,13000
2004,1BHK,House,Sharing,Family,Sector 6,Gandhinagar,,Basic,No,Yes,Yes,Yes,Yes,Yes,Yes,Yes,No,13000
2005,3BHK,Room,Full,Boys,Raysan,Gandhinagar,,Fully,No,No,Yes,No,No,Yes,Yes,Yes,Yes,31000
2006,2BHK,Flat,Full,Girls,Raysan,Gandhinagar,,Semi,Yes,No,Yes,Yes,No,Yes,No,Yes,No,25000
2007,2BHK,Room,Sharing,Girls,Sector 2,Gandhinagar,,Semi,Yes,Yes,No,No,No,Yes,Yes,Yes,Yes,18000
2008,2BHK,Room,Sharing,Boys,Sector 5A,Gandhinagar,,Fully,Yes,No,Yes,No,No,Yes,Yes,Yes,Yes,17000
2009,3BHK,Flat,Full,Any,Sector 5A,Gandhinagar,,Fully,Yes,Yes,No,Yes,No,Yes,No,Yes,Yes,20000
2010,3BHK,Room,Full,Girls,Sector 13,Gandhinagar,,Semi,Yes,No,No,Yes,Yes,Yes,No,Yes,No,16000
2011,1BHK,Room,Full,Girls,Sector 13,Gandhinagar,,Fully,Yes,Yes,No,No,Yes,Yes,No,Yes,No,6000
2012,3BHK,House,Full,Family,Sector 13,Gandhinagar,,Semi,Yes,No,Yes,No,No,Yes,Yes,Yes,Yes,16000
2013,1BHK,Tenament,Full,Family,Sector 2,Gandhinagar,,Fully,No,Yes,No,No,Yes,Yes,No,Yes,Yes,16000
2014,2BHK,Room,Full,Girls,Sector 13,Gandhinagar,,Basic,No,No,No,No,No,Yes,Yes,Yes,Yes,13000
2015,2BHK,Room,Full,Family,Kudasan,Gandhinagar,,Basic,Yes,Yes,No,No,Yes,Yes,No,Yes,No,27000
2016,2BHK,Room,Full,Girls,Sector 2,Gandhinagar,,Basic,Yes,No,No,No,No,Yes,No,Yes,No,24000
2017,3BHK,Room,Full,Boys,Infocity,Gandhinagar,,Fully,No,No,Yes,No,No,Yes,Yes,Yes,Yes,36000
2018,1BHK,Tenament,Full,Girls,Raysan,Gandhinagar,,Basic,No,Yes,No,Yes,No,Yes,Yes,Yes,No,16000
2019,2BHK,House,Full,Family,Sector 3,Gandhinagar,,Fully,No,No,No,No,No,Yes,No,Yes,No,11000
2020,2BHK,Room,Full,Girls,Vavol,Gandhinagar,,Basic,No,Yes,Yes,Yes,No,Yes,No,Yes,No,18000
2021,1BHK,House,Full,Family,Infocity,Gandhinagar,,Fully,No,Yes,No,Yes,Yes,Yes,Yes,Yes,Yes,21000
2022,3BHK,Flat,Full,Any,Sector 3,Gandhinagar,,Basic,No,No,No,No,No,Yes,No,Yes,Yes,16000
2023,2BHK,Tenament,Sharing,Girls,Vavol,Gandhinagar,,Basic,No,No,No,Yes,Yes,Yes,No,Yes,No,15000
2024,3BHK,Tenament,Full,Boys,Sector 13,Gandhinagar,,Basic,No,Yes,No,No,No,Yes,No,Yes,No,18000
2025,2BHK,House,Sharing,Any,Sector 2,Gandhinagar,,Semi,Yes,Yes,Yes,Yes,No,Yes,Yes,Yes,No,22000
2026,1BHK,Flat,Sharing,Girls,Sector 6,Gandhinagar,,Basic,Yes,No,No,No,Yes,Yes,No,Yes,Yes,14000
2027,1BHK,Tenament,Full,Family,Sector 6,Gandhinagar,,Semi,Yes,Yes,Yes,No,Yes,Yes,Yes,Yes,No,12000
2028,1BHK,Room,Sharing,Family,Sector 6,Gandhinagar,,Basic,No,Yes,No,No,Yes,Yes,Yes,Yes,Yes,10000
2029,1BHK,Flat,Full,Any,Sector 2,Gandhinagar,,Basic,No,Yes,Yes,No,Yes,Yes,Yes,Yes,Yes,13000
2030,3BHK,Room,Sharing,Girls,Sector 13,Gandhinagar,,Basic,Yes,No,Yes,No,No,Yes,Yes,Yes,No,18000
2031,1BHK,Room,Full,Any,Sector 13,Gandhinagar,,Semi,Yes,No,No,No,Yes,Yes,No,Yes,No,7000
2032,1BHK,House,Sharing,Any,Sector 2,Gandhinagar,,Semi,No,Yes,No,No,Yes,Yes,No,Yes,No,15000
2033,3BHK,Flat,Sharing,Girls,Infocity,Gandhinagar,,Semi,Yes,No,Yes,No,Yes,Yes,Yes,Yes,No,37000
2034,3BHK,Flat,Sharing,Girls,Kudasan,Gandhinagar,,Semi,Yes,No,No,No,Yes,Yes,Yes,Yes,No,33000
2035,1BHK,Flat,Full,Any,Vavol,Gandhinagar,,Semi,Yes,No,Yes,No,Yes,Yes,No,Yes,No,8000
2036,3BHK,Flat,Sharing,Boys,Infocity,Gandhinagar,,Fully,No,No,Yes,No,Yes,Yes,Yes,Yes,No,33000
2037,3BHK,Tenament,Sharing,Family,Sector 3,Gandhinagar,,Semi,No,No,Yes,No,Yes,Yes,Yes,Yes,No,20000
2038,3BHK,Room,Full,Girls,Vavol,Gandhinagar,,Semi,Yes,Yes,Yes,No,Yes,Yes,No,Yes,No,23000
2039,2BHK,Flat,Full,Family,Infocity,Gandhinagar,,Fully,Yes,No,No,No,Yes,Yes,No,Yes,No,23000
2040,3BHK,House,Sharing,Any,Vavol,Gandhinagar,,Basic,No,No,No,Yes,Yes,Yes,No,Yes,No,19000
2041,2BHK,Flat,Sharing,Girls,Sector 6,Gandhinagar,,Basic,Yes,Yes,Yes,Yes,Yes,Yes,Yes,Yes,Yes,18000
2042,3BHK,House,Full,Any,Sector 5A,Gandhinagar,,Basic,Yes,Yes,No,Yes,Yes,Yes,Yes,Yes,No,25000
2043,1BHK,Flat,Sharing,Family,Infocity,Gandhinagar,,Semi,Yes,No,No,Yes,No,Yes,Yes,Yes,No,22000
2044,2BHK,House,Full,Boys,Vavol,Gandhinagar,,Basic,No,Yes,No,Yes,Yes,Yes,No,Yes,No,13000
2045,3BHK,House,Full,Boys,Infocity,Gandhinagar,,Semi,Yes,No,No,Yes,No,Yes,No,Yes,No,36000
2046,1BHK,Tenament,Sharing,Any,Sector 6,Gandhinagar,,Semi,Yes,No,No,Yes,Yes,Yes,No,Yes,Yes,12000
2047,1BHK,House,Sharing,Girls,Sector 3,Gandhinagar,,Fully,Yes,No,No,No,Yes,Yes,No,Yes,No,10000
2048,1BHK,House,Full,Girls,Sector 5A,Gandhinagar,,Basic,Yes,Yes,Yes,No,No,Yes,Yes,Yes,No,11000
2049,3BHK,Tenament,Sharing,Boys,Infocity,Gandhinagar,,Semi,No,Yes,Yes,Yes,No,Yes,No,Yes,No,45000
2050,1BHK,House,Sharing,Family,Sector 3,Gandhinagar,,Semi,No,No,No,No,Yes,Yes,No,Yes,Yes,10000
2051,2BHK,Flat,Sharing,Boys,Vavol,Gandhinagar,,Fully,Yes,Yes,Yes,No,Yes,Yes,Yes,Yes,Yes,16000
2052,3BHK,House,Full,Boys,Kudasan,Gandhinagar,,Semi,No,No,No,No,No,Yes,No,Yes,No,30000
2053,2BHK,Flat,Full,Any,Raysan,Gandhinagar,,Semi,Yes,Yes,Yes,No,No,Yes,Yes,Yes,Yes,19000
2054,3BHK,House,Sharing,Family,Raysan,Gandhinagar,,Basic,Yes,Yes,Yes,No,No,Yes,No,Yes,Yes,32000
2055,3BHK,Flat,Sharing,Boys,Kudasan,Gandhinagar,,Semi,No,No,Yes,No,No,Yes,Yes,Yes,No,35000
2056,1BHK,Tenament,Full,Any,Sector 3,Gandhinagar,,Semi,Yes,Yes,No,No,No,Yes,Yes,Yes,No,8000
2057,3BHK,Room,Full,Girls,Infocity,Gandhinagar,,Basic,Yes,No,No,No,Yes,Yes,Yes,Yes,No,43000
2058,1BHK,Room,Sharing,Boys,Sargasan,Gandhinagar,,Basic,No,No,Yes,Yes,No,Yes,Yes,Yes,No,18000
2059,3BHK,Flat,Full,Boys,Sector 6,Gandhinagar,,Fully,No,No,Yes,Yes,No,Yes,No,Yes,No,23000
2060,1BHK,Tenament,Full,Boys,Sector 5A,Gandhinagar,,Fully,Yes,No,Yes,No,Yes,Yes,Yes,Yes,No,11000
2061,1BHK,Flat,Full,Girls,Sector 2,Gandhinagar,,Semi,No,Yes,Yes,Yes,No,Yes,No,Yes,Yes,15000
2062,3BHK,Tenament,Sharing,Girls,Infocity,Gandhinagar,,Fully,Yes,No,Yes,No,Yes,Yes,Yes,Yes,No,39000
2063,1BHK,Room,Sharing,Family,Sector 5A,Gandhinagar,,Basic,Yes,No,Yes,No,No,Yes,Yes,Yes,Yes,10000
2064,3BHK,Room,Sharing,Family,Sector 2,Gandhinagar,,Fully,No,Yes,No,Yes,Yes,Yes,Yes,Yes,Yes,27000
2065,1BHK,Tenament,Full,Girls,Vavol,Gandhinagar,,Basic,Yes,No,No,No,No,Yes,No,Yes,No,12000
2066,2BHK,Tenament,Full,Family,Kudasan,Gandhinagar,,Semi,Yes,Yes,Yes,Yes,Yes,Yes,Yes,Yes,No,23000
2067,3BHK,House,Full,Girls,Kudasan,Gandhinagar,,Semi,No,No,Yes,No,No,Yes,Yes,Yes,No,35000
2068,3BHK,House,Full,Family,Sector 6,Gandhinagar,,Semi,No,No,No,No,No,Yes,Yes,Yes,No,27000
2069,3BHK,Room,Full,Boys,Sector 2,Gandhinagar,,Semi,Yes,No,Yes,No,No,Yes,Yes,Yes,Yes,31000
2070,1BHK,House,Full,Girls,Sector 6,Gandhinagar,,Basic,Yes,No,Yes,Yes,Yes,Yes,No,Yes,No,11000
2071,1BHK,Tenament,Full,Any,Sargasan,Gandhinagar,,Basic,No,Yes,Yes,Yes,Yes,Yes,Yes,Yes,Yes,19000
2072,3BHK,House,Full,Boys,Sector 13,Gandhinagar,,Basic,No,Yes,Yes,No,Yes,Yes,Yes,Yes,No,17000
2073,3BHK,Tenament,Full,Any,Infocity,Gandhinagar,,Fully,Yes,No,No,No,Yes,Yes,No,Yes,No,39000
2074,1BHK,Tenament,Sharing,Girls,Sector 2,Gandhinagar,,Fully,Yes,Yes,Yes,Yes,No,Yes,Yes,Yes,No,15000
2075,2BHK,Flat,Sharing,Family,Sector 5A,Gandhinagar,,Semi,No,Yes,Yes,Yes,Yes,Yes,No,Yes,Yes,14000
2076,2BHK,Flat,Sharing,Boys,Sargasan,Gandhinagar,,Fully,No,Yes,No,No,No,Yes,Yes,Yes,No,28000
2077,3BHK,Room,Sharing,Boys,Infocity,Gandhinagar,,Semi,Yes,Yes,Yes,Yes,Yes,Yes,Yes,Yes,No,43000
2078,2BHK,Room,Sharing,Boys,Infocity,Gandhinagar,,Fully,No,Yes,No,No,Yes,Yes,No,Yes,Yes,26000
2079,2BHK,Room,Full,Boys,Sector 3,Gandhinagar,,Semi,Yes,Yes,Yes,No,No,Yes,Yes,Yes,Yes,12000
2080,1BHK,Tenament,Full,Girls,Kudasan,Gandhinagar,,Basic,Yes,Yes,Yes,Yes,Yes,Yes,Yes,Yes,Yes,19000
2081,1BHK,Flat,Sharing,Any,Sector 6,Gandhinagar,,Basic,No,Yes,No,Yes,No,Yes,No,Yes,Yes,11000
2082,1BHK,Tenament,Sharing,Boys,Sector 3,Gandhinagar,,Semi,Yes,No,Yes,Yes,No,Yes,Yes,Yes,Yes,10000
2083,3BHK,Tenament,Sharing,Girls,Sector 3,Gandhinagar,,Semi,No,Yes,No,No,No,Yes,No,Yes,No,18000
2084,2BHK,Tenament,Sharing,Family,Sector 3,Gandhinagar,,Basic,No,Yes,No,No,No,Yes,Yes,Yes,No,12000
2085,1BHK,Tenament,Full,Boys,Sector 13,Gandhinagar,,Basic,Yes,Yes,Yes,Yes,Yes,Yes,Yes,Yes,No,7000
2086,1BHK,Room,Sharing,Boys,Vavol,Gandhinagar,,Semi,Yes,No,No,No,Yes,Yes,Yes,Yes,Yes,12000
2087,3BHK,Flat,Sharing,Boys,Sector 5A,Gandhinagar,,Fully,No,Yes,Yes,Yes,Yes,Yes,Yes,Yes,No,27000
2088,2BHK,Room,Full,Boys,Raysan,Gandhinagar,,Basic,Yes,No,No,Yes,No,Yes,No,Yes,Yes,23000
2089,3BHK,Room,Sharing,Any,Sector 3,Gandhinagar,,Fully,Yes,No,No,No,No,Yes,Yes,Yes,Yes,20000
2090,1BHK,Room,Sharing,Family,Sargasan,Gandhinagar,,Semi,No,No,No,Yes,Yes,Yes,Yes,Yes,No,19000
2091,3BHK,Flat,Full,Any,Raysan,Gandhinagar,,Semi,Yes,Yes,Yes,Yes,Yes,Yes,No,Yes,No,35000
2092,1BHK,Tenament,Sharing,Boys,Sector 13,Gandhinagar,,Basic,Yes,Yes,No,Yes,Yes,Yes,Yes,Yes,Yes,7000
2093,3BHK,Flat,Full,Girls,Kudasan,Gandhinagar,,Basic,Yes,Yes,Yes,No,No,Yes,Yes,Yes,No,36000
2094,1BHK,Flat,Full,Boys,Infocity,Gandhinagar,,Semi,No,Yes,No,Yes,No,Yes,No,Yes,No,19000
2095,3BHK,Room,Sharing,Boys,Sector 6,Gandhinagar,,Basic,Yes,No,Yes,No,No,Yes,No,Yes,No,24000
2096,1BHK,Flat,Full,Family,Sector 13,Gandhinagar,,Fully,Yes,Yes,Yes,Yes,Yes,Yes,No,Yes,No,6000
2097,1BHK,House,Sharing,Boys,Vavol,Gandhinagar,,Basic,Yes,Yes,No,Yes,No,Yes,Yes,Yes,Yes,11000
2098,3BHK,House,Sharing,Boys,Vavol,Gandhinagar,,Basic,Yes,Yes,No,Yes,No,Yes,No,Yes,No,19000
2099,3BHK,Room,Full,Any,Kudasan,Gandhinagar,,Semi,No,No,No,Yes,No,Yes,Yes,Yes,No,31000
2100,2BHK,Flat,Sharing,Family,Sector 13,Gandhinagar,,Fully,No,Yes,Yes,Yes,No,Yes,No,Yes,No,13000
2101,3BHK,House,Sharing,Family,Infocity,Gandhinagar,,Fully,No,No,Yes,No,No,Yes,Yes,Yes,No,38000
2102,2BHK,Tenament,Full,Boys,Raysan,Gandhinagar,,Fully,Yes,Yes,Yes,No,No,Yes,No,Yes,No,25000
2103,1BHK,Room,Full,Family,Sector 5A,Gandhinagar,,Semi,Yes,Yes,Yes,No,Yes,Yes,Yes,Yes,Yes,11000
2104,1BHK,Flat,Sharing,Girls,Sector 2,Gandhinagar,,Fully,Yes,No,No,No,Yes,Yes,No,Yes,Yes,15000
2105,2BHK,Room,Sharing,Boys,Raysan,Gandhinagar,,Fully,No,Yes,No,Yes,Yes,Yes,Yes,Yes,No,23000
2106,2BHK,Tenament,Full,Any,Sector 2,Gandhinagar,,Semi,Yes,Yes,No,Yes,No,Yes,Yes,Yes,No,19000
2107,3BHK,Room,Sharing,Girls,Sector 6,Gandhinagar,,Semi,No,No,Yes,No,No,Yes,Yes,Yes,No,27000
2108,3BHK,Tenament,Full,Family,Sector 5A,Gandhinagar,,Semi,Yes,No,No,No,No,Yes,Yes,Yes,No,25000
2109,2BHK,Flat,Full,Any,Sector 5A,Gandhinagar,,Semi,Yes,No,Yes,No,Yes,Yes,Yes,Yes,No,15000
2110,1BHK,Flat,Full,Girls,Kudasan,Gandhinagar,,Fully,Yes,No,Yes,Yes,No,Yes,Yes,Yes,No,15000
2111,3BHK,Tenament,Sharing,Girls,Sector 6,Gandhinagar,,Basic,Yes,Yes,No,No,Yes,Yes,No,Yes,No,27000
2112,3BHK,Tenament,Full,Girls,Kudasan,Gandhinagar,,Semi,No,No,Yes,Yes,Yes,Yes,Yes,Yes,No,39000
2113,3BHK,Room,Full,Boys,Sargasan,Gandhinagar,,Fully,No,No,No,Yes,No,Yes,No,Yes,Yes,36000
2114,1BHK,House,Sharing,Any,Sector 3,Gandhinagar,,Fully,No,Yes,No,No,Yes,Yes,No,Yes,Yes,7000
2115,3BHK,Room,Sharing,Family,Sector 6,Gandhinagar,,Fully,Yes,No,No,No,Yes,Yes,Yes,Yes,Yes,28000
2116,1BHK,Flat,Full,Any,Raysan,Gandhinagar,,Semi,Yes,Yes,No,No,Yes,Yes,Yes,Yes,No,16000
2117,2BHK,Flat,Sharing,Girls,Sector 5A,Gandhinagar,,Fully,No,Yes,No,No,Yes,Yes,No,Yes,No,15000
2118,2BHK,House,Full,Family,Sector 3,Gandhinagar,,Basic,No,Yes,No,No,Yes,Yes,Yes,Yes,No,11000
2119,1BHK,House,Sharing,Any,Sector 3,Gandhinagar,,Semi,No,Yes,Yes,No,No,Yes,No,Yes,Yes,9000
2120,2BHK,Tenament,Full,Girls,Sector 6,Gandhinagar,,Fully,No,Yes,No,Yes,No,Yes,Yes,Yes,Yes,17000
2121,2BHK,House,Sharing,Girls,Sector 2,Gandhinagar,,Fully,Yes,No,Yes,Yes,No,Yes,No,Yes,Yes,18000
2122,3BHK,Tenament,Sharing,Any,Kudasan,Gandhinagar,,Semi,No,No,No,Yes,No,Yes,Yes,Yes,No,36000
2123,3BHK,Tenament,Full,Any,Vavol,Gandhinagar,,Semi,Yes,No,Yes,No,Yes,Yes,Yes,Yes,No,19000
2124,3BHK,House,Full,Family,Sector 3,Gandhinagar,,Basic,Yes,Yes,No,Yes,Yes,Yes,No,Yes,Yes,19000
2125,1BHK,Tenament,Sharing,Girls,Sargasan,Gandhinagar,,Basic,Yes,Yes,Yes,No,Yes,Yes,No,Yes,No,16000
2126,1BHK,House,Sharing,Family,Sector 13,Gandhinagar,,Fully,No,Yes,Yes,No,No,Yes,No,Yes,No,9000
2127,3BHK,House,Full,Any,Sector 6,Gandhinagar,,Basic,Yes,Yes,No,Yes,Yes,Yes,No,Yes,No,23000
2128,1BHK,Tenament,Full,Any,Sector 2,Gandhinagar,,Basic,No,Yes,No,No,Yes,Yes,Yes,Yes,No,15000
2129,3BHK,House,Full,Any,Sector 5A,Gandhinagar,,Semi,Yes,No,Yes,Yes,No,Yes,No,Yes,No,20000
2130,2BHK,Tenament,Full,Any,Raysan,Gandhinagar,,Semi,No,No,No,No,No,Yes,Yes,Yes,Yes,26000
2131,1BHK,House,Sharing,Boys,Sector 5A,Gandhinagar,,Semi,Yes,No,Yes,No,Yes,Yes,Yes,Yes,No,11000
2132,1BHK,Room,Full,Girls,Sector 13,Gandhinagar,,Fully,Yes,No,No,No,No,Yes,Yes,Yes,No,7000
2133,2BHK,House,Full,Boys,Sector 3,Gandhinagar,,Semi,No,No,Yes,No,No,Yes,Yes,Yes,No,11000
2134,3BHK,Room,Full,Boys,Raysan,Gandhinagar,,Semi,No,No,Yes,Yes,No,Yes,Yes,Yes,No,28000
2135,1BHK,House,Full,Any,Sector 3,Gandhinagar,,Semi,Yes,Yes,No,No,No,Yes,Yes,Yes,Yes,9000
2136,2BHK,Flat,Full,Any,Vavol,Gandhinagar,,Fully,No,No,No,No,Yes,Yes,No,Yes,Yes,17000
2137,3BHK,Tenament,Full,Family,Sector 6,Gandhinagar,,Basic,Yes,Yes,Yes,Yes,Yes,Yes,No,Yes,Yes,30000
2138,3BHK,House,Full,Girls,Sector 6,Gandhinagar,,Basic,Yes,No,No,No,No,Yes,Yes,Yes,Yes,29000
2139,2BHK,Flat,Sharing,Girls,Sargasan,Gandhinagar,,Basic,Yes,No,No,Yes,Yes,Yes,No,Yes,No,23000
2140,3BHK,Flat,Sharing,Girls,Sector 5A,Gandhinagar,,Semi,No,Yes,Yes,Yes,Yes,Yes,No,Yes,No,22000
2141,3BHK,House,Sharing,Any,Infocity,Gandhinagar,,Semi,Yes,Yes,No,No,Yes,Yes,No,Yes,No,38000
2142,2BHK,Room,Sharing,Any,Infocity,Gandhinagar,,Semi,No,Yes,No,Yes,No,Yes,Yes,Yes,Yes,26000
2143,1BHK,Flat,Full,Any,Sector 2,Gandhinagar,,Basic,Yes,No,Yes,Yes,Yes,Yes,No,Yes,No,16000
2144,3BHK,Flat,Full,Any,Sector 3,Gandhinagar,,Semi,No,No,No,No,No,Yes,Yes,Yes,No,18000
2145,2BHK,Tenament,Sharing,Family,Sector 5A,Gandhinagar,,Fully,Yes,No,Yes,Yes,Yes,Yes,No,Yes,No,17000
2146,3BHK,Flat,Full,Boys,Kudasan,Gandhinagar,,Semi,No,No,No,Yes,No,Yes,No,Yes,Yes,31000
2147,3BHK,Room,Full,Any,Infocity,Gandhinagar,,Basic,No,No,No,No,Yes,Yes,Yes,Yes,No,40000
2148,2BHK,Room,Sharing,Family,Sector 3,Gandhinagar,,Semi,No,No,Yes,Yes,No,Yes,Yes,Yes,Yes,14000
2149,3BHK,Tenament,Sharing,Boys,Vavol,Gandhinagar,,Basic,No,No,No,No,No,Yes,No,Yes,Yes,23000
2150,2BHK,House,Full,Any,Sargasan,Gandhinagar,,Basic,Yes,No,Yes,Yes,No,Yes,Yes,Yes,Yes,26000
2151,3BHK,Flat,Sharing,Boys,Sector 3,Gandhinagar,,Fully,No,No,No,No,No,Yes,Yes,Yes,Yes,16000
2152,3BHK,Room,Full,Any,Sector 13,Gandhinagar,,Fully,Yes,No,Yes,No,No,Yes,Yes,Yes,Yes,14000
2153,1BHK,House,Sharing,Any,Sector 13,Gandhinagar,,Semi,No,No,No,Yes,Yes,Yes,Yes,Yes,No,8000
2154,3BHK,Room,Full,Boys,Sector 13,Gandhinagar,,Fully,No,No,No,Yes,No,Yes,No,Yes,Yes,15000
2155,1BHK,Flat,Full,Family,Sector 6,Gandhinagar,,Basic,No,No,Yes,No,Yes,Yes,No,Yes,No,13000
2156,2BHK,House,Full,Girls,Sector 6,Gandhinagar,,Basic,No,No,No,No,Yes,Yes,Yes,Yes,No,16000
2157,1BHK,House,Full,Any,Sector 6,Gandhinagar,,Semi,No,Yes,Yes,Yes,No,Yes,Yes,Yes,Yes,14000
2158,3BHK,Flat,Sharing,Boys,Infocity,Gandhinagar,,Semi,No,No,No,No,Yes,Yes,Yes,Yes,Yes,45000
2159,1BHK,Flat,Full,Boys,Sector 6,Gandhinagar,,Basic,Yes,Yes,Yes,No,Yes,Yes,No,Yes,Yes,12000
2160,3BHK,Flat,Sharing,Family,Sector 5A,Gandhinagar,,Semi,No,Yes,No,Yes,Yes,Yes,Yes,Yes,No,22000
2161,1BHK,Room,Sharing,Boys,Sector 5A,Gandhinagar,,Semi,No,No,Yes,No,Yes,Yes,No,Yes,No,13000
2162,3BHK,Flat,Sharing,Boys,Sector 5A,Gandhinagar,,Semi,No,No,Yes,Yes,Yes,Yes,Yes,Yes,No,24000
2163,3BHK,Room,Sharing,Family,Sector 6,Gandhinagar,,Fully,Yes,No,No,No,No,Yes,Yes,Yes,No,30000
2164,1BHK,House,Full,Boys,Raysan,Gandhinagar,,Semi,Yes,Yes,Yes,No,No,Yes,Yes,Yes,Yes,15000
2165,1BHK,House,Full,Boys,Sector 5A,Gandhinagar,,Basic,Yes,Yes,No,No,No,Yes,Yes,Yes,No,11000
2166,1BHK,Tenament,Full,Girls,Sector 3,Gandhinagar,,Semi,Yes,No,No,Yes,No,Yes,No,Yes,No,9000
2167,1BHK,Room,Sharing,Family,Sector 3,Gandhinagar,,Basic,No,Yes,Yes,Yes,No,Yes,Yes,Yes,Yes,10000
2168,2BHK,Room,Full,Boys,Infocity,Gandhinagar,,Semi,Yes,No,No,Yes,Yes,Yes,No,Yes,Yes,32000
2169,1BHK,Tenament,Sharing,Girls,Sargasan,Gandhinagar,,Fully,No,No,Yes,No,No,Yes,No,Yes,Yes,15000
2170,2BHK,Flat,Sharing,Girls,Raysan,Gandhinagar,,Fully,No,No,Yes,No,Yes,Yes,Yes,Yes,Yes,20000
2171,1BHK,Room,Full,Family,Raysan,Gandhinagar,,Fully,Yes,No,Yes,Yes,Yes,Yes,Yes,Yes,No,15000
2172,3BHK,Room,Full,Girls,Raysan,Gandhinagar,,Fully,No,Yes,No,No,Yes,Yes,Yes,Yes,Yes,35000
2173,1BHK,Room,Sharing,Girls,Sargasan,Gandhinagar,,Basic,Yes,Yes,No,No,Yes,Yes,Yes,Yes,Yes,15000
2174,1BHK,Room,Full,Boys,Sargasan,Gandhinagar,,Basic,Yes,No,Yes,Yes,No,Yes,No,Yes,Yes,18000
2175,2BHK,Room,Sharing,Any,Infocity,Gandhinagar,,Semi,Yes,Yes,Yes,No,Yes,Yes,No,Yes,Yes,29000
2176,1BHK,House,Full,Family,Kudasan,Gandhinagar,,Basic,No,Yes,No,No,No,Yes,No,Yes,No,18000
2177,1BHK,Tenament,Full,Any,Sargasan,Gandhinagar,,Basic,Yes,No,No,No,No,Yes,No,Yes,No,14000
2178,3BHK,Room,Sharing,Any,Vavol,Gandhinagar,,Semi,No,Yes,Yes,Yes,Yes,Yes,No,Yes,Yes,20000
2179,3BHK,Flat,Sharing,Any,Vavol,Gandhinagar,,Fully,No,Yes,Yes,No,Yes,Yes,No,Yes,Yes,21000
2180,3BHK,Tenament,Sharing,Boys,Infocity,Gandhinagar,,Semi,Yes,No,No,Yes,Yes,Yes,No,Yes,No,34000
2181,2BHK,Room,Sharing,Family,Sector 3,Gandhinagar,,Semi,Yes,No,Yes,Yes,Yes,Yes,Yes,Yes,Yes,15000
2182,1BHK,House,Sharing,Boys,Sector 5A,Gandhinagar,,Semi,No,Yes,No,Yes,Yes,Yes,Yes,Yes,Yes,10000
2183,3BHK,House,Full,Boys,Sargasan,Gandhinagar,,Semi,No,No,No,Yes,Yes,Yes,Yes,Yes,No,37000
2184,1BHK,Room,Sharing,Boys,Sargasan,Gandhinagar,,Fully,Yes,Yes,No,No,No,Yes,Yes,Yes,Yes,19000
2185,2BHK,Room,Full,Any,Kudasan,Gandhinagar,,Fully,No,Yes,No,No,Yes,Yes,No,Yes,No,24000
2186,1BHK,Room,Full,Family,Kudasan,Gandhinagar,,Fully,Yes,No,Yes,Yes,Yes,Yes,Yes,Yes,Yes,18000
2187,2BHK,Tenament,Full,Boys,Sector 3,Gandhinagar,,Fully,Yes,No,No,No,No,Yes,No,Yes,No,13000
2188,1BHK,Room,Full,Boys,Sargasan,Gandhinagar,,Basic,No,No,Yes,Yes,Yes,Yes,Yes,Yes,No,19000
2189,1BHK,Tenament,Sharing,Any,Sector 2,Gandhinagar,,Semi,Yes,Yes,No,No,Yes,Yes,No,Yes,No,13000
2190,2BHK,Tenament,Full,Boys,Sector 2,Gandhinagar,,Semi,No,Yes,Yes,No,No,Yes,Yes,Yes,No,18000
2191,1BHK,Room,Full,Family,Sector 6,Gandhinagar,,Basic,No,Yes,Yes,Yes,No,Yes,Yes,Yes,Yes,15000
2192,3BHK,Room,Sharing,Family,Infocity,Gandhinagar,,Fully,No,No,Yes,Yes,Yes,Yes,Yes,Yes,Yes,35000
2193,1BHK,House,Sharing,Family,Vavol,Gandhinagar,,Fully,Yes,Yes,Yes,Yes,Yes,Yes,No,Yes,No,11000
2194,1BHK,Tenament,Full,Girls,Sector 2,Gandhinagar,,Semi,Yes,No,No,No,Yes,Yes,No,Yes,Yes,13000
2195,2BHK,Tenament,Sharing,Girls,Sector 13,Gandhinagar,,Fully,Yes,No,Yes,No,No,Yes,Yes,Yes,No,10000
2196,2BHK,Room,Sharing,Boys,Sector 3,Gandhinagar,,Basic,Yes,Yes,No,No,Yes,Yes,No,Yes,Yes,14000
2197,1BHK,Room,Full,Boys,Sector 13,Gandhinagar,,Fully,No,Yes,No,No,Yes,Yes,Yes,Yes,Yes,7000
2198,3BHK,Flat,Full,Boys,Sector 5A,Gandhinagar,,Semi,No,No,Yes,No,No,Yes,Yes,Yes,Yes,27000
2199,3BHK,House,Sharing,Family,Sector 5A,Gandhinagar,,Basic,No,Yes,Yes,Yes,Yes,Yes,Yes,Yes,No,22000
2200,2BHK,Room,Full,Boys,Sector 2,Gandhinagar,,Semi,Yes,No,No,No,Yes,Yes,Yes,Yes,Yes,23000
2201,1BHK,Flat,Sharing,Girls,Kudasan,Gandhinagar,,Basic,No,No,No,No,Yes,Yes,No,Yes,Yes,13000
2202,1BHK,Tenament,Sharing,Girls,Kudasan,Gandhinagar,,Semi,No,No,No,Yes,No,Yes,Yes,Yes,Yes,18000
2203,3BHK,Room,Sharing,Girls,Kudasan,Gandhinagar,,Basic,No,Yes,Yes,No,Yes,Yes,Yes,Yes,Yes,35000
2204,2BHK,House,Sharing,Any,Sector 2,Gandhinagar,,Basic,Yes,Yes,Yes,No,No,Yes,Yes,Yes,No,21000
2205,2BHK,House,Sharing,Any,Kudasan,Gandhinagar,,Basic,Yes,Yes,Yes,No,No,Yes,No,Yes,No,28000
2206,3BHK,House,Sharing,Boys,Sector 13,Gandhinagar,,Semi,No,Yes,Yes,Yes,Yes,Yes,No,Yes,Yes,13000
2207,3BHK,House,Full,Any,Kudasan,Gandhinagar,,Semi,Yes,Yes,Yes,Yes,No,Yes,No,Yes,Yes,31000
2208,2BHK,Tenament,Full,Any,Sector 13,Gandhinagar,,Fully,No,Yes,No,No,Yes,Yes,Yes,Yes,Yes,11000
2209,1BHK,Room,Full,Boys,Sector 6,Gandhinagar,,Basic,Yes,Yes,No,No,Yes,Yes,Yes,Yes,Yes,13000
2210,2BHK,Tenament,Sharing,Any,Sector 3,Gandhinagar,,Semi,Yes,Yes,Yes,No,No,Yes,Yes,Yes,No,14000
2211,1BHK,Tenament,Full,Girls,Sector 3,Gandhinagar,,Basic,No,Yes,No,No,No,Yes,Yes,Yes,No,10000
2212,3BHK,Room,Sharing,Family,Sector 6,Gandhinagar,,Semi,No,Yes,No,Yes,No,Yes,No,Yes,Yes,28000
2213,1BHK,Tenament,Full,Family,Sector 2,Gandhinagar,,Semi,Yes,No,No,Yes,No,Yes,No,Yes,Yes,12000
2214,2BHK,House,Sharing,Boys,Kudasan,Gandhinagar,,Semi,Yes,No,Yes,No,No,Yes,Yes,Yes,Yes,28000
2215,2BHK,Flat,Sharing,Any,Sector 3,Gandhinagar,,Basic,No,Yes,No,No,Yes,Yes,No,Yes,No,12000
2216,2BHK,Room,Full,Girls,Sector 6,Gandhinagar,,Semi,No,Yes,Yes,Yes,Yes,Yes,Yes,Yes,No,20000
2217,3BHK,House,Full,Family,Infocity,Gandhinagar,,Basic,Yes,No,No,Yes,No,Yes,No,Yes,Yes,40000
2218,2BHK,Flat,Sharing,Family,Raysan,Gandhinagar,,Basic,Yes,No,Yes,No,Yes,Yes,Yes,Yes,Yes,18000
2219,1BHK,Tenament,Sharing,Any,Kudasan,Gandhinagar,,Basic,No,No,Yes,Yes,Yes,Yes,Yes,Yes,Yes,19000
2220,2BHK,Room,Full,Girls,Vavol,Gandhinagar,,Semi,No,Yes,Yes,Yes,No,Yes,No,Yes,Yes,12000
2221,2BHK,Room,Full,Family,Vavol,Gandhinagar,,Basic,No,No,Yes,No,No,Yes,Yes,Yes,No,14000
2222,2BHK,House,Sharing,Family,Infocity,Gandhinagar,,Semi,No,Yes,No,Yes,No,Yes,No,Yes,Yes,27000
2223,2BHK,House,Sharing,Family,Kudasan,Gandhinagar,,Semi,Yes,Yes,No,No,Yes,Yes,Yes,Yes,Yes,25000
2224,3BHK,House,Full,Girls,Kudasan,Gandhinagar,,Basic,Yes,Yes,No,No,No,Yes,Yes,Yes,No,36000
2225,3BHK,Flat,Full,Any,Sector 13,Gandhinagar,,Basic,Yes,No,No,Yes,No,Yes,Yes,Yes,No,13000
2226,1BHK,Flat,Full,Girls,Sector 13,Gandhinagar,,Fully,Yes,No,Yes,No,No,Yes,Yes,Yes,No,9000
2227,1BHK,House,Full,Any,Sargasan,Gandhinagar,,Semi,No,Yes,No,No,Yes,Yes,No,Yes,No,19000
2228,2BHK,Tenament,Sharing,Boys,Infocity,Gandhinagar,,Semi,No,No,Yes,Yes,No,Yes,Yes,Yes,Yes,28000
2229,2BHK,Flat,Sharing,Girls,Sector 3,Gandhinagar,,Fully,No,No,No,Yes,Yes,Yes,Yes,Yes,Yes,14000
2230,2BHK,Flat,Sharing,Girls,Vavol,Gandhinagar,,Basic,No,No,No,Yes,Yes,Yes,No,Yes,Yes,14000
2231,2BHK,Room,Sharing,Family,Vavol,Gandhinagar,,Fully,No,Yes,Yes,Yes,No,Yes,Yes,Yes,Yes,17000
2232,2BHK,Tenament,Full,Any,Vavol,Gandhinagar,,Basic,No,No,Yes,No,No,Yes,No,Yes,Yes,15000
2233,3BHK,Flat,Sharing,Girls,Sector 3,Gandhinagar,,Semi,No,Yes,No,No,Yes,Yes,No,Yes,Yes,17000
2234,3BHK,Room,Full,Boys,Sargasan,Gandhinagar,,Basic,Yes,Yes,No,No,Yes,Yes,Yes,Yes,Yes,41000
2235,1BHK,Flat,Sharing,Any,Sector 2,Gandhinagar,,Semi,Yes,Yes,No,No,No,Yes,No,Yes,Yes,15000
2236,1BHK,Tenament,Full,Family,Sector 3,Gandhinagar,,Fully,No,Yes,Yes,No,Yes,Yes,Yes,Yes,Yes,10000
2237,3BHK,Flat,Sharing,Girls,Sargasan,Gandhinagar,,Fully,Yes,Yes,Yes,Yes,No,Yes,No,Yes,No,41000
2238,2BHK,Flat,Full,Any,Vavol,Gandhinagar,,Fully,No,No,Yes,No,No,Yes,Yes,Yes,No,15000
2239,1BHK,Flat,Sharing,Girls,Sector 5A,Gandhinagar,,Basic,No,No,Yes,Yes,Yes,Yes,Yes,Yes,Yes,9000
2240,3BHK,Flat,Full,Girls,Sector 13,Gandhinagar,,Basic,No,Yes,Yes,No,No,Yes,No,Yes,No,15000
2241,2BHK,Room,Sharing,Any,Sector 5A,Gandhinagar,,Fully,No,No,Yes,No,Yes,Yes,No,Yes,Yes,19000
2242,2BHK,Room,Full,Boys,Infocity,Gandhinagar,,Semi,Yes,Yes,No,Yes,Yes,Yes,Yes,Yes,No,23000
2243,3BHK,House,Sharing,Boys,Sector 3,Gandhinagar,,Fully,No,No,No,No,No,Yes,Yes,Yes,No,18000
2244,1BHK,House,Full,Girls,Vavol,Gandhinagar,,Basic,No,No,Yes,Yes,No,Yes,Yes,Yes,Yes,8000
2245,3BHK,Flat,Sharing,Any,Sector 3,Gandhinagar,,Basic,No,Yes,No,No,No,Yes,No,Yes,No,17000
2246,2BHK,House,Full,Girls,Kudasan,Gandhinagar,,Semi,Yes,Yes,Yes,Yes,Yes,Yes,No,Yes,Yes,20000
2247,1BHK,House,Sharing,Any,Sector 6,Gandhinagar,,Semi,No,No,No,Yes,Yes,Yes,No,Yes,Yes,14000
2248,1BHK,Flat,Full,Girls,Sector 2,Gandhinagar,,Semi,Yes,Yes,No,No,No,Yes,No,Yes,No,12000
2249,3BHK,Room,Full,Boys,Raysan,Gandhinagar,,Fully,No,Yes,Yes,No,Yes,Yes,Yes,Yes,Yes,36000
2250,1BHK,Tenament,Sharing,Boys,Sector 2,Gandhinagar,,Fully,No,Yes,Yes,Yes,No,Yes,Yes,Yes,Yes,16000
2251,2BHK,Flat,Sharing,Boys,Sector 13,Gandhinagar,,Fully,Yes,Yes,Yes,Yes,Yes,Yes,Yes,Yes,Yes,10000
2252,2BHK,House,Sharing,Boys,Vavol,Gandhinagar,,Basic,No,No,No,No,Yes,Yes,No,Yes,Yes,17000
2253,1BHK,Room,Sharing,Girls,Vavol,Gandhinagar,,Basic,Yes,No,Yes,Yes,No,Yes,No,Yes,No,9000
2254,3BHK,House,Full,Family,Sector 13,Gandhinagar,,Fully,No,Yes,Yes,No,No,Yes,Yes,Yes,Yes,16000
2255,1BHK,Tenament,Full,Any,Raysan,Gandhinagar,,Semi,No,No,No,Yes,Yes,Yes,Yes,Yes,Yes,17000
2256,1BHK,Tenament,Sharing,Boys,Sector 3,Gandhinagar,,Semi,Yes,Yes,No,Yes,Yes,Yes,Yes,Yes,No,7000
2257,3BHK,Flat,Full,Any,Sargasan,Gandhinagar,,Basic,Yes,No,No,Yes,Yes,Yes,No,Yes,Yes,37000
2258,2BHK,Flat,Sharing,Any,Infocity,Gandhinagar,,Fully,Yes,Yes,Yes,No,No,Yes,No,Yes,Yes,24000
2259,1BHK,Room,Full,Family,Sector 13,Gandhinagar,,Semi,No,Yes,No,No,No,Yes,No,Yes,Yes,7000
2260,3BHK,Tenament,Sharing,Family,Infocity,Gandhinagar,,Semi,Yes,Yes,No,No,Yes,Yes,No,Yes,No,45000
2261,1BHK,House,Sharing,Boys,Kudasan,Gandhinagar,,Basic,No,Yes,Yes,Yes,Yes,Yes,No,Yes,Yes,15000
2262,1BHK,Room,Full,Girls,Vavol,Gandhinagar,,Basic,No,Yes,Yes,Yes,Yes,Yes,No,Yes,Yes,11000
2263,3BHK,Tenament,Sharing,Family,Sargasan,Gandhinagar,,Fully,Yes,No,Yes,No,Yes,Yes,Yes,Yes,Yes,39000
2264,1BHK,Tenament,Full,Any,Raysan,Gandhinagar,,Fully,Yes,No,Yes,No,Yes,Yes,No,Yes,No,15000
2265,2BHK,House,Sharing,Girls,Sector 2,Gandhinagar,,Basic,No,No,No,Yes,No,Yes,Yes,Yes,Yes,24000
2266,2BHK,Flat,Sharing,Girls,Vavol,Gandhinagar,,Semi,Yes,No,Yes,No,No,Yes,Yes,Yes,Yes,13000
2267,2BHK,Flat,Full,Boys,Raysan,Gandhinagar,,Basic,No,No,Yes,Yes,No,Yes,No,Yes,Yes,19000
2268,2BHK,Tenament,Full,Any,Infocity,Gandhinagar,,Fully,Yes,Yes,Yes,Yes,No,Yes,Yes,Yes,No,23000
2269,2BHK,House,Sharing,Family,Sector 6,Gandhinagar,,Basic,No,Yes,No,No,Yes,Yes,Yes,Yes,No,20000
2270,2BHK,Room,Full,Girls,Vavol,Gandhinagar,,Fully,Yes,Yes,Yes,Yes,Yes,Yes,Yes,Yes,Yes,17000
2271,3BHK,Room,Sharing,Family,Sector 3,Gandhinagar,,Fully,No,Yes,No,Yes,No,Yes,No,Yes,Yes,16000
2272,1BHK,Room,Full,Family,Sector 2,Gandhinagar,,Semi,Yes,No,Yes,No,No,Yes,Yes,Yes,Yes,14000
2273,3BHK,Room,Full,Family,Kudasan,Gandhinagar,,Fully,No,Yes,No,Yes,No,Yes,No,Yes,No,33000
2274,2BHK,Tenament,Full,Any,Sector 3,Gandhinagar,,Basic,No,Yes,No,No,No,Yes,Yes,Yes,Yes,11000
2275,2BHK,Room,Sharing,Boys,Sector 5A,Gandhinagar,,Basic,Yes,No,No,No,Yes,Yes,Yes,Yes,No,17000
2276,1BHK,House,Sharing,Family,Raysan,Gandhinagar,,Semi,Yes,Yes,No,No,No,Yes,No,Yes,No,14000
2277,3BHK,Flat,Full,Girls,Sargasan,Gandhinagar,,Basic,No,Yes,Yes,No,Yes,Yes,Yes,Yes,Yes,33000
2278,2BHK,Flat,Sharing,Girls,Sector 5A,Gandhinagar,,Fully,No,Yes,Yes,No,No,Yes,Yes,Yes,Yes,16000
2279,2BHK,Room,Sharing,Girls,Vavol,Gandhinagar,,Fully,Yes,No,Yes,Yes,Yes,Yes,Yes,Yes,Yes,16000
2280,2BHK,Tenament,Sharing,Any,Sector 13,Gandhinagar,,Fully,No,No,No,No,No,Yes,No,Yes,Yes,9000
2281,2BHK,Tenament,Sharing,Girls,Sector 13,Gandhinagar,,Fully,Yes,No,No,No,Yes,Yes,Yes,Yes,Yes,12000
2282,1BHK,Tenament,Full,Family,Vavol,Gandhinagar,,Basic,Yes,Yes,Yes,No,Yes,Yes,No,Yes,Yes,10000
2283,3BHK,Room,Full,Boys,Kudasan,Gandhinagar,,Semi,Yes,No,No,Yes,Yes,Yes,Yes,Yes,No,29000
2284,3BHK,Room,Full,Any,Sector 13,Gandhinagar,,Semi,Yes,Yes,No,Yes,Yes,Yes,Yes,Yes,No,15000
2285,2BHK,Room,Sharing,Girls,Kudasan,Gandhinagar,,Semi,Yes,No,No,Yes,Yes,Yes,No,Yes,No,27000
2286,1BHK,Flat,Sharing,Family,Sector 5A,Gandhinagar,,Fully,Yes,No,No,No,Yes,Yes,Yes,Yes,No,12000
2287,2BHK,House,Sharing,Family,Sector 5A,Gandhinagar,,Basic,No,No,No,Yes,Yes,Yes,Yes,Yes,No,17000
2288,2BHK,House,Full,Girls,Vavol,Gandhinagar,,Semi,Yes,No,Yes,No,Yes,Yes,No,Yes,Yes,14000
2289,2BHK,House,Full,Girls,Infocity,Gandhinagar,,Fully,Yes,No,Yes,No,Yes,Yes,No,Yes,Yes,29000
2290,1BHK,Flat,Full,Girls,Sector 2,Gandhinagar,,Semi,No,No,Yes,No,Yes,Yes,Yes,Yes,No,13000
2291,3BHK,Room,Full,Any,Raysan,Gandhinagar,,Fully,Yes,No,Yes,Yes,Yes,Yes,No,Yes,Yes,36000
2292,3BHK,Flat,Sharing,Family,Sargasan,Gandhinagar,,Basic,Yes,No,Yes,Yes,No,Yes,No,Yes,No,37000
2293,1BHK,Room,Full,Boys,Sector 6,Gandhinagar,,Basic,No,Yes,No,No,No,Yes,Yes,Yes,No,13000
2294,1BHK,Tenament,Sharing,Boys,Vavol,Gandhinagar,,Fully,No,Yes,Yes,Yes,Yes,Yes,Yes,Yes,Yes,11000
2295,2BHK,House,Full,Boys,Sector 6,Gandhinagar,,Semi,No,Yes,No,Yes,Yes,Yes,No,Yes,No,17000
2296,2BHK,House,Full,Any,Vavol,Gandhinagar,,Semi,No,No,Yes,Yes,No,Yes,No,Yes,Yes,12000
2297,3BHK,House,Sharing,Girls,Sector 5A,Gandhinagar,,Fully,No,No,No,No,No,Yes,Yes,Yes,Yes,26000
2298,3BHK,House,Sharing,Any,Kudasan,Gandhinagar,,Fully,No,Yes,Yes,No,No,Yes,No,Yes,Yes,31000
2299,1BHK,Tenament,Sharing,Girls,Sector 5A,Gandhinagar,,Basic,No,Yes,No,No,Yes,Yes,Yes,Yes,No,10000
2300,1BHK,House,Full,Family,Sargasan,Gandhinagar,,Semi,No,No,No,No,Yes,Yes,Yes,Yes,No,17000
2301,1BHK,Tenament,Full,Boys,Vavol,Gandhinagar,,Fully,Yes,No,No,Yes,Yes,Yes,Yes,Yes,Yes,10000
2302,2BHK,Flat,Sharing,Girls,Sector 2,Gandhinagar,,Fully,No,No,Yes,Yes,No,Yes,Yes,Yes,Yes,21000
2303,1BHK,Tenament,Full,Any,Sector 6,Gandhinagar,,Semi,No,No,Yes,No,Yes,Yes,Yes,Yes,Yes,10000
2304,3BHK,Tenament,Full,Girls,Sector 6,Gandhinagar,,Semi,Yes,Yes,Yes,Yes,Yes,Yes,No,Yes,No,23000
2305,2BHK,House,Sharing,Boys,Infocity,Gandhinagar,,Fully,No,Yes,No,Yes,No,Yes,Yes,Yes,No,27000
2306,2BHK,Tenament,Sharing,Girls,Sector 6,Gandhinagar,,Fully,No,Yes,Yes,No,Yes,Yes,Yes,Yes,Yes,17000
2307,3BHK,Tenament,Full,Any,Raysan,Gandhinagar,,Semi,Yes,No,Yes,No,No,Yes,Yes,Yes,Yes,32000
2308,3BHK,Tenament,Sharing,Boys,Sargasan,Gandhinagar,,Semi,No,Yes,Yes,No,Yes,Yes,No,Yes,No,38000
2309,3BHK,House,Sharing,Any,Kudasan,Gandhinagar,,Fully,Yes,Yes,Yes,No,Yes,Yes,Yes,Yes,No,31000
2310,3BHK,Flat,Sharing,Boys,Sargasan,Gandhinagar,,Semi,Yes,No,No,Yes,Yes,Yes,Yes,Yes,Yes,36000
2311,1BHK,Room,Sharing,Boys,Sector 5A,Gandhinagar,,Semi,No,Yes,No,No,Yes,Yes,Yes,Yes,No,11000
2312,1BHK,Tenament,Sharing,Any,Vavol,Gandhinagar,,Fully,Yes,Yes,Yes,No,No,Yes,No,Yes,Yes,10000
2313,1BHK,Room,Full,Boys,Vavol,Gandhinagar,,Semi,No,Yes,Yes,No,Yes,Yes,Yes,Yes,No,9000
2314,1BHK,Flat,Sharing,Girls,Raysan,Gandhinagar,,Semi,No,No,No,Yes,Yes,Yes,Yes,Yes,No,15000
2315,3BHK,Room,Full,Boys,Sector 6,Gandhinagar,,Basic,Yes,No,No,Yes,No,Yes,No,Yes,No,23000
2316,2BHK,House,Full,Any,Sector 6,Gandhinagar,,Basic,No,No,Yes,Yes,No,Yes,No,Yes,Yes,19000
2317,2BHK,Flat,Sharing,Girls,Infocity,Gandhinagar,,Semi,No,Yes,No,No,Yes,Yes,Yes,Yes,No,32000
2318,1BHK,House,Sharing,Any,Sector 6,Gandhinagar,,Fully,Yes,Yes,No,Yes,Yes,Yes,No,Yes,No,14000
2319,2BHK,House,Full,Any,Sector 13,Gandhinagar,,Semi,Yes,No,No,Yes,Yes,Yes,Yes,Yes,Yes,11000
2320,2BHK,House,Sharing,Boys,Sargasan,Gandhinagar,,Semi,Yes,No,Yes,Yes,No,Yes,Yes,Yes,Yes,28000
2321,2BHK,Flat,Full,Girls,Sector 13,Gandhinagar,,Fully,Yes,No,No,Yes,Yes,Yes,Yes,Yes,Yes,12000
2322,2BHK,Room,Sharing,Girls,Sargasan,Gandhinagar,,Basic,No,Yes,Yes,Yes,Yes,Yes,No,Yes,Yes,25000
2323,3BHK,Room,Full,Any,Raysan,Gandhinagar,,Basic,No,Yes,Yes,No,Yes,Yes,Yes,Yes,No,28000
2324,1BHK,Flat,Sharing,Family,Infocity,Gandhinagar,,Semi,Yes,No,No,Yes,Yes,Yes,No,Yes,No,19000
2325,1BHK,Room,Full,Boys,Infocity,Gandhinagar,,Basic,Yes,Yes,No,No,Yes,Yes,No,Yes,No,21000
2326,1BHK,Tenament,Full,Girls,Kudasan,Gandhinagar,,Basic,Yes,Yes,Yes,No,Yes,Yes,Yes,Yes,No,18000
2327,1BHK,Flat,Sharing,Girls,Raysan,Gandhinagar,,Basic,No,Yes,Yes,No,No,Yes,No,Yes,No,15000
2328,1BHK,Room,Sharing,Any,Infocity,Gandhinagar,,Fully,No,Yes,Yes,No,No,Yes,No,Yes,No,19000
2329,2BHK,Tenament,Sharing,Family,Sector 6,Gandhinagar,,Basic,No,No,Yes,No,No,Yes,Yes,Yes,No,17000
2330,1BHK,Tenament,Sharing,Boys,Kudasan,Gandhinagar,,Semi,Yes,No,Yes,No,Yes,Yes,No,Yes,Yes,17000
2331,1BHK,House,Full,Any,Sargasan,Gandhinagar,,Basic,No,Yes,No,Yes,Yes,Yes,Yes,Yes,No,14000
2332,3BHK,Flat,Full,Any,Kudasan,Gandhinagar,,Fully,Yes,No,Yes,No,No,Yes,Yes,Yes,Yes,33000
2333,3BHK,Tenament,Sharing,Family,Sector 13,Gandhinagar,,Fully,Yes,Yes,No,No,Yes,Yes,Yes,Yes,No,16000
2334,2BHK,Room,Full,Any,Sector 3,Gandhinagar,,Basic,Yes,Yes,No,Yes,No,Yes,Yes,Yes,No,12000
2335,2BHK,House,Full,Any,Sargasan,Gandhinagar,,Semi,Yes,No,No,No,Yes,Yes,No,Yes,Yes,30000
2336,2BHK,Flat,Sharing,Boys,Infocity,Gandhinagar,,Fully,No,No,No,Yes,No,Yes,No,Yes,Yes,30000
2337,1BHK,Room,Sharing,Boys,Sargasan,Gandhinagar,,Basic,Yes,No,Yes,Yes,Yes,Yes,Yes,Yes,No,21000
2338,2BHK,House,Full,Girls,Sector 13,Gandhinagar,,Semi,No,No,No,Yes,No,Yes,Yes,Yes,Yes,12000
2339,3BHK,Room,Sharing,Girls,Vavol,Gandhinagar,,Basic,No,No,Yes,Yes,Yes,Yes,No,Yes,Yes,19000
2340,1BHK,Flat,Full,Family,Raysan,Gandhinagar,,Basic,Yes,No,Yes,No,No,Yes,Yes,Yes,No,15000
2341,3BHK,Room,Sharing,Girls,Infocity,Gandhinagar,,Basic,Yes,No,No,Yes,Yes,Yes,Yes,Yes,No,43000
2342,3BHK,Room,Full,Girls,Sector 5A,Gandhinagar,,Fully,Yes,No,Yes,No,No,Yes,Yes,Yes,No,26000
2343,3BHK,Tenament,Full,Girls,Sector 13,Gandhinagar,,Basic,Yes,Yes,Yes,No,Yes,Yes,Yes,Yes,No,13000
2344,3BHK,Room,Sharing,Girls,Kudasan,Gandhinagar,,Fully,No,Yes,Yes,Yes,Yes,Yes,Yes,Yes,No,33000
2345,2BHK,Room,Full,Family,Sector 13,Gandhinagar,,Fully,Yes,No,Yes,Yes,Yes,Yes,Yes,Yes,Yes,10000
2346,1BHK,House,Sharing,Boys,Kudasan,Gandhinagar,,Basic,Yes,Yes,Yes,No,No,Yes,No,Yes,Yes,16000
2347,1BHK,Flat,Full,Any,Infocity,Gandhinagar,,Fully,Yes,Yes,No,No,Yes,Yes,Yes,Yes,Yes,19000
2348,3BHK,Flat,Full,Family,Sector 6,Gandhinagar,,Fully,Yes,Yes,No,Yes,No,Yes,No,Yes,Yes,23000
2349,2BHK,Room,Full,Girls,Infocity,Gandhinagar,,Fully,No,No,No,No,No,Yes,No,Yes,No,25000
2350,2BHK,Tenament,Sharing,Any,Sector 13,Gandhinagar,,Basic,No,Yes,No,Yes,Yes,Yes,Yes,Yes,No,13000
2351,2BHK,Room,Sharing,Girls,Vavol,Gandhinagar,,Basic,Yes,Yes,Yes,No,Yes,Yes,Yes,Yes,No,16000
2352,2BHK,House,Full,Any,Sector 2,Gandhinagar,,Semi,No,No,No,No,Yes,Yes,Yes,Yes,No,21000
2353,3BHK,Tenament,Full,Girls,Sargasan,Gandhinagar,,Fully,No,No,Yes,Yes,No,Yes,No,Yes,Yes,35000
2354,1BHK,House,Sharing,Girls,Sector 3,Gandhinagar,,Semi,No,Yes,Yes,No,No,Yes,No,Yes,Yes,7000
2355,3BHK,Flat,Full,Any,Vavol,Gandhinagar,,Semi,No,Yes,No,Yes,No,Yes,Yes,Yes,Yes,23000
2356,3BHK,Tenament,Full,Any,Sector 5A,Gandhinagar,,Semi,No,No,Yes,Yes,No,Yes,Yes,Yes,Yes,23000
2357,3BHK,Flat,Full,Boys,Sector 6,Gandhinagar,,Fully,Yes,Yes,Yes,No,Yes,Yes,Yes,Yes,No,29000
2358,3BHK,Room,Sharing,Girls,Sargasan,Gandhinagar,,Semi,Yes,Yes,Yes,No,Yes,Yes,Yes,Yes,No,41000
2359,1BHK,Flat,Full,Any,Infocity,Gandhinagar,,Basic,Yes,Yes,Yes,Yes,No,Yes,Yes,Yes,Yes,18000
2360,2BHK,Tenament,Sharing,Any,Sector 5A,Gandhinagar,,Basic,Yes,Yes,No,Yes,Yes,Yes,No,Yes,Yes,19000
2361,2BHK,House,Sharing,Boys,Sargasan,Gandhinagar,,Semi,Yes,No,Yes,No,Yes,Yes,No,Yes,Yes,22000
2362,3BHK,Tenament,Full,Boys,Sargasan,Gandhinagar,,Semi,Yes,No,Yes,Yes,No,Yes,Yes,Yes,No,34000
2363,1BHK,House,Sharing,Any,Sector 13,Gandhinagar,,Basic,No,Yes,Yes,No,No,Yes,Yes,Yes,No,7000
2364,2BHK,Flat,Sharing,Family,Sector 13,Gandhinagar,,Fully,Yes,No,No,Yes,No,Yes,No,Yes,No,12000
2365,1BHK,Room,Sharing,Family,Vavol,Gandhinagar,,Basic,No,Yes,No,No,No,Yes,No,Yes,Yes,9000
2366,3BHK,Room,Full,Family,Kudasan,Gandhinagar,,Semi,Yes,No,Yes,Yes,No,Yes,No,Yes,Yes,35000
2367,1BHK,Room,Full,Girls,Infocity,Gandhinagar,,Semi,No,No,Yes,Yes,No,Yes,Yes,Yes,Yes,22000
2368,3BHK,House,Full,Girls,Vavol,Gandhinagar,,Fully,Yes,No,No,Yes,No,Yes,No,Yes,No,18000
2369,1BHK,Flat,Sharing,Any,Infocity,Gandhinagar,,Fully,Yes,Yes,Yes,No,Yes,Yes,Yes,Yes,Yes,18000
2370,3BHK,House,Sharing,Any,Kudasan,Gandhinagar,,Basic,Yes,Yes,No,Yes,Yes,Yes,Yes,Yes,Yes,33000
2371,3BHK,Flat,Sharing,Boys,Sector 13,Gandhinagar,,Fully,Yes,No,No,Yes,No,Yes,Yes,Yes,Yes,17000
2372,2BHK,Room,Sharing,Boys,Vavol,Gandhinagar,,Fully,No,No,No,No,Yes,Yes,No,Yes,Yes,12000
2373,1BHK,Tenament,Sharing,Family,Sector 13,Gandhinagar,,Basic,Yes,Yes,Yes,No,No,Yes,No,Yes,No,7000
2374,3BHK,Tenament,Full,Girls,Infocity,Gandhinagar,,Fully,Yes,Yes,Yes,Yes,No,Yes,Yes,Yes,No,37000
2375,2BHK,Room,Full,Girls,Sector 13,Gandhinagar,,Fully,No,Yes,Yes,Yes,Yes,Yes,No,Yes,Yes,11000
2376,1BHK,Flat,Sharing,Boys,Raysan,Gandhinagar,,Basic,Yes,Yes,Yes,No,No,Yes,No,Yes,Yes,15000
2377,1BHK,Tenament,Sharing,Boys,Sector 13,Gandhinagar,,Semi,No,Yes,No,No,Yes,Yes,No,Yes,Yes,8000
2378,3BHK,Room,Full,Girls,Sector 5A,Gandhinagar,,Semi,No,No,Yes,No,No,Yes,No,Yes,No,25000
2379,1BHK,Tenament,Sharing,Any,Sector 13,Gandhinagar,,Basic,No,Yes,Yes,Yes,No,Yes,No,Yes,Yes,6000
2380,2BHK,Tenament,Full,Boys,Kudasan,Gandhinagar,,Basic,No,No,No,No,Yes,Yes,Yes,Yes,Yes,26000
2381,1BHK,House,Sharing,Any,Sector 2,Gandhinagar,,Semi,Yes,No,Yes,Yes,No,Yes,No,Yes,Yes,12000
2382,1BHK,Room,Sharing,Family,Vavol,Gandhinagar,,Fully,No,No,No,Yes,Yes,Yes,Yes,Yes,No,11000
2383,1BHK,House,Full,Boys,Sector 3,Gandhinagar,,Fully,No,No,No,Yes,Yes,Yes,No,Yes,No,9000
2384,2BHK,Tenament,Sharing,Any,Sector 2,Gandhinagar,,Fully,No,No,No,Yes,No,Yes,Yes,Yes,No,22000
2385,1BHK,Flat,Sharing,Girls,Sector 2,Gandhinagar,,Semi,Yes,Yes,No,No,Yes,Yes,Yes,Yes,Yes,15000
2386,1BHK,Room,Full,Girls,Vavol,Gandhinagar,,Fully,Yes,Yes,Yes,Yes,Yes,Yes,No,Yes,Yes,12000
2387,3BHK,Room,Full,Girls,Sector 6,Gandhinagar,,Basic,Yes,Yes,No,Yes,No,Yes,Yes,Yes,Yes,24000
2388,3BHK,Tenament,Sharing,Family,Raysan,Gandhinagar,,Basic,No,Yes,No,Yes,Yes,Yes,Yes,Yes,No,26000
2389,2BHK,Flat,Full,Girls,Sector 6,Gandhinagar,,Semi,No,No,Yes,Yes,Yes,Yes,No,Yes,No,16000
2390,3BHK,House,Sharing,Any,Sector 6,Gandhinagar,,Semi,No,No,No,No,No,Yes,No,Yes,No,29000
2391,2BHK,Room,Sharing,Family,Sector 13,Gandhinagar,,Fully,No,No,Yes,Yes,No,Yes,Yes,Yes,Yes,10000
2392,3BHK,Tenament,Sharing,Girls,Infocity,Gandhinagar,,Fully,Yes,No,Yes,No,No,Yes,Yes,Yes,No,36000
2393,1BHK,Room,Sharing,Girls,Sargasan,Gandhinagar,,Basic,Yes,Yes,No,No,Yes,Yes,No,Yes,No,18000
2394,2BHK,Tenament,Sharing,Boys,Raysan,Gandhinagar,,Fully,Yes,Yes,No,Yes,Yes,Yes,No,Yes,No,23000
2395,1BHK,Tenament,Full,Family,Sargasan,Gandhinagar,,Basic,No,Yes,No,Yes,Yes,Yes,Yes,Yes,Yes,17000
2396,1BHK,Flat,Full,Any,Sargasan,Gandhinagar,,Basic,Yes,No,Yes,No,No,Yes,Yes,Yes,Yes,18000
2397,3BHK,Flat,Sharing,Family,Sector 2,Gandhinagar,,Basic,Yes,No,No,No,No,Yes,No,Yes,Yes,31000
2398,3BHK,Room,Sharing,Girls,Sargasan,Gandhinagar,,Semi,Yes,Yes,No,Yes,No,Yes,Yes,Yes,Yes,33000
2399,3BHK,Tenament,Sharing,Boys,Sargasan,Gandhinagar,,Semi,No,Yes,No,Yes,Yes,Yes,Yes,Yes,No,33000
2400,1BHK,House,Sharing,Boys,Sector 13,Gandhinagar,,Fully,No,Yes,No,Yes,Yes,Yes,Yes,Yes,Yes,7000
2401,2BHK,House,Sharing,Boys,Sector 2,Gandhinagar,,Semi,No,No,No,No,Yes,Yes,Yes,Yes,Yes,21000
2402,3BHK,Room,Full,Boys,Infocity,Gandhinagar,,Basic,No,No,Yes,Yes,No,Yes,Yes,Yes,Yes,40000
2403,3BHK,Flat,Full,Girls,Sargasan,Gandhinagar,,Fully,Yes,Yes,No,Yes,No,Yes,Yes,Yes,Yes,37000
2404,2BHK,Tenament,Sharing,Girls,Raysan,Gandhinagar,,Basic,Yes,Yes,No,No,Yes,Yes,No,Yes,Yes,24000
2405,2BHK,Flat,Sharing,Family,Sector 6,Gandhinagar,,Basic,Yes,Yes,Yes,Yes,Yes,Yes,Yes,Yes,No,16000
2406,1BHK,Flat,Full,Girls,Vavol,Gandhinagar,,Semi,No,Yes,No,No,Yes,Yes,No,Yes,Yes,10000
2407,1BHK,Tenament,Sharing,Any,Sector 6,Gandhinagar,,Semi,No,Yes,Yes,No,Yes,Yes,Yes,Yes,No,14000
2408,2BHK,House,Sharing,Boys,Sector 6,Gandhinagar,,Basic,No,Yes,No,No,No,Yes,Yes,Yes,No,22000
2409,3BHK,Room,Sharing,Family,Sector 13,Gandhinagar,,Semi,No,Yes,Yes,Yes,No,Yes,Yes,Yes,No,17000
2410,3BHK,Tenament,Full,Family,Sector 2,Gandhinagar,,Fully,No,No,No,Yes,Yes,Yes,No,Yes,Yes,24000
2411,3BHK,Tenament,Full,Boys,Sector 3,Gandhinagar,,Semi,No,No,Yes,Yes,No,Yes,Yes,Yes,Yes,18000
2412,3BHK,House,Full,Any,Sector 3,Gandhinagar,,Fully,Yes,No,Yes,Yes,No,Yes,Yes,Yes,No,21000
2413,3BHK,Room,Sharing,Boys,Sector 3,Gandhinagar,,Semi,No,Yes,No,No,No,Yes,Yes,Yes,Yes,17000
2414,2BHK,House,Full,Family,Kudasan,Gandhinagar,,Basic,Yes,No,Yes,Yes,Yes,Yes,Yes,Yes,Yes,22000
2415,1BHK,Tenament,Sharing,Family,Sargasan,Gandhinagar,,Basic,No,Yes,No,No,No,Yes,Yes,Yes,No,19000
2416,2BHK,House,Sharing,Family,Sector 6,Gandhinagar,,Semi,Yes,Yes,Yes,No,No,Yes,No,Yes,Yes,16000
2417,3BHK,Tenament,Full,Girls,Infocity,Gandhinagar,,Fully,No,Yes,Yes,Yes,No,Yes,No,Yes,Yes,41000
2418,3BHK,House,Full,Family,Sector 5A,Gandhinagar,,Basic,Yes,No,No,No,Yes,Yes,No,Yes,Yes,23000
2419,1BHK,House,Full,Girls,Sector 3,Gandhinagar,,Fully,Yes,No,No,Yes,Yes,Yes,Yes,Yes,No,10000
2420,3BHK,Flat,Full,Family,Infocity,Gandhinagar,,Fully,Yes,No,Yes,No,No,Yes,Yes,Yes,No,41000
2421,1BHK,Tenament,Full,Any,Infocity,Gandhinagar,,Semi,Yes,Yes,No,Yes,Yes,Yes,Yes,Yes,Yes,21000
2422,2BHK,Room,Full,Family,Sector 6,Gandhinagar,,Semi,No,Yes,Yes,Yes,No,Yes,Yes,Yes,Yes,18000
2423,3BHK,House,Full,Family,Raysan,Gandhinagar,,Basic,No,No,No,Yes,No,Yes,Yes,Yes,Yes,30000
2424,3BHK,Tenament,Sharing,Any,Sargasan,Gandhinagar,,Semi,Yes,Yes,Yes,No,No,Yes,Yes,Yes,Yes,42000
2425,3BHK,House,Sharing,Girls,Sector 2,Gandhinagar,,Semi,No,No,Yes,Yes,No,Yes,No,Yes,No,27000
2426,3BHK,Room,Sharing,Family,Vavol,Gandhinagar,,Fully,No,Yes,Yes,No,No,Yes,Yes,Yes,Yes,22000
2427,1BHK,House,Full,Any,Sargasan,Gandhinagar,,Semi,No,Yes,No,No,No,Yes,Yes,Yes,Yes,19000
2428,1BHK,Room,Full,Family,Sector 13,Gandhinagar,,Semi,No,Yes,No,No,No,Yes,Yes,Yes,Yes,8000
2429,1BHK,Tenament,Full,Girls,Kudasan,Gandhinagar,,Fully,Yes,No,Yes,Yes,Yes,Yes,Yes,Yes,Yes,15000
2430,2BHK,House,Sharing,Any,Vavol,Gandhinagar,,Fully,No,No,No,No,Yes,Yes,No,Yes,Yes,12000
2431,1BHK,Tenament,Sharing,Girls,Sector 6,Gandhinagar,,Basic,Yes,Yes,Yes,No,Yes,Yes,No,Yes,No,11000
2432,1BHK,House,Full,Any,Vavol,Gandhinagar,,Basic,No,No,No,No,No,Yes,No,Yes,No,8000
2433,1BHK,Tenament,Sharing,Girls,Sector 13,Gandhinagar,,Fully,Yes,No,No,Yes,Yes,Yes,Yes,Yes,Yes,6000
2434,1BHK,Tenament,Full,Family,Sector 2,Gandhinagar,,Semi,Yes,Yes,No,No,No,Yes,No,Yes,Yes,16000
2435,2BHK,Tenament,Sharing,Boys,Sector 2,Gandhinagar,,Fully,No,Yes,Yes,No,No,Yes,Yes,Yes,No,18000
2436,1BHK,Flat,Full,Any,Sector 2,Gandhinagar,,Basic,No,Yes,Yes,Yes,No,Yes,Yes,Yes,No,16000
2437,1BHK,Flat,Full,Boys,Sector 6,Gandhinagar,,Semi,Yes,Yes,Yes,No,Yes,Yes,Yes,Yes,Yes,13000
2438,1BHK,House,Full,Boys,Vavol,Gandhinagar,,Basic,No,Yes,Yes,No,No,Yes,No,Yes,Yes,11000
2439,2BHK,Tenament,Sharing,Girls,Sector 6,Gandhinagar,,Fully,Yes,Yes,Yes,Yes,No,Yes,No,Yes,No,17000
2440,2BHK,House,Sharing,Family,Sargasan,Gandhinagar,,Fully,No,No,Yes,No,Yes,Yes,Yes,Yes,Yes,28000
2441,1BHK,House,Full,Family,Sector 5A,Gandhinagar,,Fully,No,No,Yes,Yes,Yes,Yes,No,Yes,Yes,10000
2442,2BHK,Flat,Sharing,Family,Kudasan,Gandhinagar,,Basic,Yes,No,No,Yes,No,Yes,Yes,Yes,No,22000
2443,3BHK,Flat,Sharing,Girls,Sector 13,Gandhinagar,,Semi,No,No,Yes,No,No,Yes,Yes,Yes,No,14000
2444,3BHK,Room,Sharing,Any,Sector 6,Gandhinagar,,Semi,Yes,Yes,No,No,Yes,Yes,No,Yes,Yes,26000
2445,3BHK,Room,Sharing,Boys,Vavol,Gandhinagar,,Semi,Yes,Yes,No,No,Yes,Yes,No,Yes,No,24000
2446,3BHK,Flat,Full,Family,Sector 3,Gandhinagar,,Basic,Yes,Yes,No,No,Yes,Yes,Yes,Yes,No,19000
2447,1BHK,Tenament,Sharing,Girls,Raysan,Gandhinagar,,Fully,Yes,No,Yes,Yes,Yes,Yes,No,Yes,Yes,14000
2448,1BHK,Room,Sharing,Boys,Sector 2,Gandhinagar,,Basic,No,No,No,No,Yes,Yes,Yes,Yes,Yes,14000
2449,2BHK,House,Full,Girls,Sector 6,Gandhinagar,,Basic,No,Yes,No,No,No,Yes,Yes,Yes,Yes,19000
2450,3BHK,House,Sharing,Boys,Sector 6,Gandhinagar,,Basic,No,Yes,Yes,No,No,Yes,Yes,Yes,No,29000
2451,3BHK,Room,Sharing,Any,Sector 2,Gandhinagar,,Basic,No,Yes,Yes,No,Yes,Yes,No,Yes,Yes,28000
2452,2BHK,Room,Full,Girls,Sector 2,Gandhinagar,,Semi,No,Yes,No,Yes,Yes,Yes,No,Yes,No,22000
2453,2BHK,Tenament,Sharing,Girls,Sargasan,Gandhinagar,,Basic,No,No,Yes,Yes,Yes,Yes,No,Yes,No,25000
2454,3BHK,Flat,Full,Any,Sector 13,Gandhinagar,,Semi,Yes,Yes,Yes,No,No,Yes,No,Yes,No,17000
2455,3BHK,Flat,Full,Any,Sargasan,Gandhinagar,,Fully,Yes,Yes,No,No,Yes,Yes,Yes,Yes,No,42000
2456,2BHK,Room,Sharing,Any,Infocity,Gandhinagar,,Semi,No,Yes,Yes,No,No,Yes,Yes,Yes,No,31000
2457,2BHK,Flat,Sharing,Any,Sector 13,Gandhinagar,,Fully,Yes,Yes,Yes,Yes,No,Yes,No,Yes,No,13000
2458,3BHK,Room,Sharing,Boys,Sector 2,Gandhinagar,,Basic,No,Yes,No,No,No,Yes,No,Yes,Yes,30000
2459,1BHK,Room,Sharing,Any,Sector 13,Gandhinagar,,Basic,No,No,Yes,No,Yes,Yes,Yes,Yes,Yes,7000
2460,2BHK,Tenament,Full,Girls,Sector 3,Gandhinagar,,Fully,No,Yes,No,Yes,No,Yes,No,Yes,Yes,11000
2461,2BHK,House,Sharing,Girls,Sector 3,Gandhinagar,,Basic,Yes,Yes,No,Yes,Yes,Yes,No,Yes,Yes,12000
2462,2BHK,Flat,Sharing,Family,Sector 13,Gandhinagar,,Semi,No,No,No,Yes,No,Yes,Yes,Yes,No,10000
2463,2BHK,House,Sharing,Boys,Infocity,Gandhinagar,,Fully,No,Yes,Yes,No,No,Yes,No,Yes,Yes,30000
2464,1BHK,House,Full,Girls,Sector 3,Gandhinagar,,Semi,Yes,No,Yes,No,Yes,Yes,No,Yes,Yes,8000
2465,3BHK,House,Full,Girls,Raysan,Gandhinagar,,Basic,Yes,Yes,No,No,No,Yes,Yes,Yes,Yes,29000
2466,2BHK,Tenament,Full,Girls,Sector 13,Gandhinagar,,Semi,Yes,Yes,No,No,Yes,Yes,Yes,Yes,No,11000
2467,1BHK,House,Full,Family,Vavol,Gandhinagar,,Semi,No,No,Yes,No,No,Yes,Yes,Yes,Yes,12000
2468,3BHK,House,Sharing,Boys,Sector 13,Gandhinagar,,Basic,Yes,No,Yes,Yes,No,Yes,No,Yes,No,15000
2469,2BHK,Tenament,Sharing,Boys,Sector 3,Gandhinagar,,Fully,Yes,Yes,Yes,No,No,Yes,No,Yes,Yes,15000
2470,1BHK,Tenament,Full,Boys,Sector 3,Gandhinagar,,Fully,Yes,No,Yes,Yes,No,Yes,No,Yes,Yes,8000
2471,1BHK,Flat,Full,Any,Sector 6,Gandhinagar,,Fully,No,No,No,No,No,Yes,No,Yes,No,13000
2472,1BHK,House,Sharing,Girls,Infocity,Gandhinagar,,Fully,Yes,Yes,Yes,Yes,No,Yes,No,Yes,No,22000
2473,2BHK,Flat,Full,Family,Sector 3,Gandhinagar,,Fully,Yes,No,No,No,No,Yes,Yes,Yes,No,12000
2474,3BHK,Flat,Sharing,Boys,Sargasan,Gandhinagar,,Fully,No,Yes,No,Yes,No,Yes,No,Yes,Yes,37000
2475,1BHK,Tenament,Sharing,Girls,Sector 2,Gandhinagar,,Fully,Yes,No,Yes,Yes,No,Yes,No,Yes,No,14000
2476,2BHK,House,Full,Family,Infocity,Gandhinagar,,Basic,No,Yes,Yes,Yes,No,Yes,No,Yes,Yes,26000
2477,1BHK,Tenament,Full,Any,Raysan,Gandhinagar,,Basic,No,No,Yes,No,No,Yes,Yes,Yes,No,14000
2478,2BHK,Room,Full,Any,Kudasan,Gandhinagar,,Fully,Yes,Yes,Yes,Yes,Yes,Yes,No,Yes,No,20000
2479,1BHK,Tenament,Sharing,Girls,Vavol,Gandhinagar,,Semi,No,No,Yes,Yes,No,Yes,No,Yes,No,9000
2480,1BHK,Flat,Sharing,Boys,Sector 6,Gandhinagar,,Basic,Yes,No,Yes,No,No,Yes,No,Yes,No,13000
2481,2BHK,Flat,Full,Any,Sector 13,Gandhinagar,,Basic,Yes,No,Yes,No,Yes,Yes,No,Yes,No,9000
2482,2BHK,Room,Sharing,Any,Sector 5A,Gandhinagar,,Fully,No,No,Yes,No,Yes,Yes,Yes,Yes,Yes,18000
2483,1BHK,Room,Sharing,Any,Sector 6,Gandhinagar,,Fully,No,No,No,No,No,Yes,Yes,Yes,Yes,13000
2484,1BHK,Room,Full,Boys,Kudasan,Gandhinagar,,Basic,No,Yes,Yes,No,Yes,Yes,Yes,Yes,Yes,14000
2485,2BHK,Room,Full,Girls,Sector 2,Gandhinagar,,Basic,Yes,Yes,No,No,Yes,Yes,Yes,Yes,No,21000
2486,1BHK,Tenament,Full,Any,Sector 5A,Gandhinagar,,Semi,No,No,No,Yes,Yes,Yes,Yes,Yes,Yes,10000
2487,1BHK,Tenament,Full,Family,Sector 13,Gandhinagar,,Basic,No,Yes,Yes,Yes,No,Yes,Yes,Yes,Yes,6000
2488,2BHK,Flat,Sharing,Girls,Raysan,Gandhinagar,,Basic,Yes,No,Yes,Yes,No,Yes,No,Yes,Yes,22000
2489,2BHK,Room,Full,Family,Vavol,Gandhinagar,,Fully,Yes,No,Yes,Yes,No,Yes,Yes,Yes,No,12000
2490,3BHK,Room,Sharing,Family,Sector 5A,Gandhinagar,,Semi,Yes,Yes,Yes,No,No,Yes,Yes,Yes,No,26000
2491,3BHK,House,Sharing,Boys,Kudasan,Gandhinagar,,Basic,No,No,Yes,No,Yes,Yes,No,Yes,Yes,32000
2492,3BHK,Room,Sharing,Girls,Sector 13,Gandhinagar,,Basic,Yes,Yes,Yes,No,Yes,Yes,No,Yes,No,17000
2493,2BHK,Tenament,Sharing,Family,Raysan,Gandhinagar,,Basic,Yes,No,No,Yes,No,Yes,Yes,Yes,No,23000
2494,2BHK,House,Sharing,Family,Sargasan,Gandhinagar,,Semi,Yes,No,No,Yes,Yes,Yes,No,Yes,No,30000
2495,2BHK,Room,Sharing,Boys,Sector 5A,Gandhinagar,,Fully,Yes,No,No,No,Yes,Yes,No,Yes,Yes,14000
2496,1BHK,Flat,Sharing,Girls,Sector 3,Gandhinagar,,Semi,Yes,No,No,Yes,No,Yes,No,Yes,Yes,8000
2497,3BHK,Room,Sharing,Family,Kudasan,Gandhinagar,,Basic,No,Yes,No,No,No,Yes,Yes,Yes,Yes,29000
2498,3BHK,Tenament,Full,Girls,Sector 5A,Gandhinagar,,Basic,No,Yes,Yes,Yes,Yes,Yes,Yes,Yes,No,20000
2499,2BHK,Room,Sharing,Boys,Raysan,Gandhinagar,,Basic,No,No,Yes,No,No,Yes,Yes,Yes,No,25000
2500,3BHK,Tenament,Full,Boys,Sector 6,Gandhinagar,,Basic,No,No,Yes,No,No,Yes,No,Yes,No,27000
2501,1BHK,Flat,Full,Girls,Sargasan,Gandhinagar,,Fully,No,Yes,Yes,Yes,Yes,Yes,Yes,Yes,Yes,16000
2502,2BHK,House,Sharing,Girls,Sector 2,Gandhinagar,,Semi,Yes,No,Yes,No,Yes,Yes,Yes,Yes,No,20000
2503,1BHK,Flat,Sharing,Any,Sector 5A,Gandhinagar,,Semi,No,Yes,Yes,No,No,Yes,Yes,Yes,No,11000
2504,1BHK,House,Sharing,Girls,Sector 5A,Gandhinagar,,Basic,No,Yes,Yes,No,No,Yes,No,Yes,No,13000
2505,3BHK,Flat,Sharing,Family,Vavol,Gandhinagar,,Fully,No,No,Yes,Yes,Yes,Yes,Yes,Yes,No,18000
2506,3BHK,Tenament,Full,Any,Vavol,Gandhinagar,,Basic,Yes,No,Yes,Yes,No,Yes,Yes,Yes,Yes,22000
2507,1BHK,Tenament,Full,Any,Sector 2,Gandhinagar,,Fully,Yes,Yes,No,No,Yes,Yes,No,Yes,No,15000
2508,3BHK,Flat,Sharing,Girls,Sector 13,Gandhinagar,,Fully,Yes,Yes,No,No,Yes,Yes,No,Yes,No,14000
2509,1BHK,Tenament,Sharing,Girls,Raysan,Gandhinagar,,Basic,No,No,No,Yes,Yes,Yes,Yes,Yes,Yes,14000
2510,2BHK,Flat,Full,Any,Raysan,Gandhinagar,,Semi,Yes,No,Yes,Yes,Yes,Yes,Yes,Yes,Yes,19000
2511,1BHK,Tenament,Sharing,Any,Sector 2,Gandhinagar,,Fully,Yes,No,No,No,No,Yes,No,Yes,No,16000
2512,1BHK,House,Full,Boys,Sargasan,Gandhinagar,,Fully,No,No,Yes,No,No,Yes,No,Yes,Yes,19000
2513,1BHK,House,Full,Family,Vavol,Gandhinagar,,Fully,Yes,No,Yes,No,No,Yes,No,Yes,No,10000
2514,3BHK,Flat,Sharing,Family,Sector 2,Gandhinagar,,Basic,No,Yes,No,Yes,Yes,Yes,No,Yes,Yes,25000
2515,2BHK,House,Full,Boys,Sector 13,Gandhinagar,,Semi,No,No,No,Yes,Yes,Yes,No,Yes,No,13000
2516,1BHK,House,Sharing,Boys,Sector 13,Gandhinagar,,Fully,Yes,Yes,Yes,Yes,Yes,Yes,Yes,Yes,Yes,8000
2517,3BHK,Tenament,Full,Any,Sector 2,Gandhinagar,,Fully,Yes,No,No,Yes,Yes,Yes,No,Yes,Yes,29000
2518,1BHK,House,Full,Girls,Kudasan,Gandhinagar,,Basic,No,Yes,Yes,No,Yes,Yes,No,Yes,No,18000
2519,3BHK,Tenament,Sharing,Family,Sector 2,Gandhinagar,,Semi,No,Yes,No,No,Yes,Yes,Yes,Yes,No,33000
2520,2BHK,House,Full,Girls,Sector 3,Gandhinagar,,Basic,Yes,Yes,No,Yes,No,Yes,Yes,Yes,Yes,14000
2521,1BHK,Flat,Full,Girls,Sector 5A,Gandhinagar,,Semi,No,No,Yes,No,No,Yes,No,Yes,No,13000
2522,3BHK,Tenament,Full,Girls,Infocity,Gandhinagar,,Basic,No,Yes,No,Yes,No,Yes,No,Yes,No,43000
2523,3BHK,Tenament,Full,Any,Vavol,Gandhinagar,,Basic,No,No,Yes,Yes,Yes,Yes,No,Yes,No,20000
2524,1BHK,House,Sharing,Family,Sector 3,Gandhinagar,,Fully,No,Yes,Yes,No,Yes,Yes,No,Yes,Yes,10000
2525,1BHK,Room,Full,Family,Sector 2,Gandhinagar,,Fully,No,No,No,Yes,Yes,Yes,Yes,Yes,No,16000
2526,1BHK,Tenament,Sharing,Girls,Raysan,Gandhinagar,,Fully,Yes,Yes,No,No,No,Yes,No,Yes,Yes,14000
2527,2BHK,Room,Sharing,Any,Infocity,Gandhinagar,,Semi,No,No,No,Yes,No,Yes,No,Yes,Yes,23000
2528,2BHK,House,Sharing,Boys,Infocity,Gandhinagar,,Semi,Yes,No,No,Yes,Yes,Yes,Yes,Yes,Yes,25000
2529,1BHK,House,Sharing,Girls,Sector 3,Gandhinagar,,Fully,No,No,Yes,Yes,No,Yes,Yes,Yes,No,8000
2530,2BHK,Tenament,Sharing,Any,Sector 5A,Gandhinagar,,Fully,No,No,Yes,No,No,Yes,Yes,Yes,No,18000
2531,1BHK,Tenament,Full,Girls,Infocity,Gandhinagar,,Basic,Yes,No,No,Yes,Yes,Yes,Yes,Yes,Yes,20000
2532,3BHK,Flat,Sharing,Any,Sargasan,Gandhinagar,,Fully,Yes,Yes,Yes,Yes,Yes,Yes,No,Yes,Yes,33000
2533,2BHK,Flat,Sharing,Girls,Sector 2,Gandhinagar,,Basic,No,Yes,Yes,No,No,Yes,No,Yes,Yes,20000
2534,2BHK,Room,Sharing,Any,Sector 13,Gandhinagar,,Semi,No,Yes,Yes,No,Yes,Yes,Yes,Yes,No,9000
2535,1BHK,Tenament,Sharing,Girls,Sector 13,Gandhinagar,,Fully,Yes,No,No,No,Yes,Yes,No,Yes,No,7000
2536,1BHK,House,Sharing,Girls,Infocity,Gandhinagar,,Basic,No,Yes,Yes,No,Yes,Yes,Yes,Yes,Yes,15000
2537,3BHK,Room,Sharing,Any,Sector 13,Gandhinagar,,Fully,Yes,Yes,No,Yes,Yes,Yes,No,Yes,No,15000
2538,3BHK,Tenament,Full,Family,Kudasan,Gandhinagar,,Basic,No,Yes,No,No,Yes,Yes,No,Yes,No,34000
2539,1BHK,Room,Sharing,Any,Sector 5A,Gandhinagar,,Fully,Yes,No,Yes,Yes,No,Yes,Yes,Yes,No,11000
2540,2BHK,House,Sharing,Family,Vavol,Gandhinagar,,Fully,Yes,No,No,No,No,Yes,Yes,Yes,No,15000
2541,2BHK,Room,Sharing,Girls,Sector 13,Gandhinagar,,Semi,No,No,Yes,Yes,Yes,Yes,Yes,Yes,No,10000
2542,2BHK,Tenament,Full,Girls,Sector 5A,Gandhinagar,,Fully,No,No,No,No,Yes,Yes,No,Yes,No,17000
2543,1BHK,Tenament,Full,Any,Sector 13,Gandhinagar,,Semi,Yes,Yes,No,No,Yes,Yes,No,Yes,Yes,9000
2544,3BHK,Flat,Full,Family,Sector 6,Gandhinagar,,Fully,No,Yes,Yes,Yes,Yes,Yes,Yes,Yes,No,28000
2545,2BHK,House,Sharing,Girls,Sector 5A,Gandhinagar,,Semi,No,Yes,No,Yes,No,Yes,Yes,Yes,Yes,18000
2546,3BHK,Tenament,Full,Girls,Sector 5A,Gandhinagar,,Fully,Yes,Yes,Yes,Yes,Yes,Yes,No,Yes,Yes,23000
2547,3BHK,House,Full,Any,Infocity,Gandhinagar,,Semi,No,No,Yes,Yes,Yes,Yes,Yes,Yes,Yes,40000
2548,3BHK,Tenament,Full,Boys,Raysan,Gandhinagar,,Semi,No,Yes,No,Yes,No,Yes,Yes,Yes,No,29000
2549,3BHK,House,Sharing,Family,Sector 2,Gandhinagar,,Semi,Yes,No,Yes,No,Yes,Yes,No,Yes,Yes,30000
2550,1BHK,House,Sharing,Any,Sector 3,Gandhinagar,,Basic,Yes,No,No,No,No,Yes,No,Yes,Yes,10000
2551,1BHK,Room,Sharing,Any,Sector 2,Gandhinagar,,Basic,No,No,Yes,No,No,Yes,Yes,Yes,No,14000
2552,3BHK,Room,Full,Any,Vavol,Gandhinagar,,Fully,Yes,Yes,No,Yes,Yes,Yes,No,Yes,No,21000
2553,2BHK,Room,Full,Boys,Vavol,Gandhinagar,,Basic,No,Yes,Yes,No,No,Yes,Yes,Yes,No,13000
2554,2BHK,House,Sharing,Girls,Sector 3,Gandhinagar,,Semi,Yes,No,Yes,Yes,No,Yes,No,Yes,Yes,13000
2555,3BHK,House,Sharing,Any,Sector 5A,Gandhinagar,,Basic,No,Yes,Yes,No,Yes,Yes,No,Yes,No,22000
2556,2BHK,Flat,Sharing,Girls,Kudasan,Gandhinagar,,Fully,Yes,No,Yes,No,No,Yes,No,Yes,No,25000
2557,1BHK,House,Sharing,Family,Sector 5A,Gandhinagar,,Basic,Yes,Yes,No,No,No,Yes,Yes,Yes,No,11000
2558,3BHK,House,Full,Any,Vavol,Gandhinagar,,Fully,No,Yes,No,No,No,Yes,No,Yes,Yes,18000
2559,1BHK,Flat,Full,Any,Infocity,Gandhinagar,,Semi,No,No,Yes,No,No,Yes,No,Yes,Yes,17000
2560,2BHK,Tenament,Full,Family,Sector 2,Gandhinagar,,Basic,Yes,No,No,No,Yes,Yes,Yes,Yes,No,19000
2561,3BHK,Room,Sharing,Any,Sector 2,Gandhinagar,,Fully,Yes,No,No,Yes,Yes,Yes,Yes,Yes,No,27000
2562,1BHK,Flat,Sharing,Family,Sector 5A,Gandhinagar,,Basic,Yes,No,Yes,Yes,No,Yes,No,Yes,No,11000
2563,3BHK,Flat,Sharing,Boys,Raysan,Gandhinagar,,Fully,No,Yes,Yes,Yes,No,Yes,No,Yes,Yes,28000
2564,1BHK,Room,Full,Boys,Raysan,Gandhinagar,,Basic,Yes,Yes,No,No,Yes,Yes,Yes,Yes,Yes,17000
2565,2BHK,Tenament,Sharing,Girls,Sargasan,Gandhinagar,,Semi,Yes,No,No,Yes,No,Yes,Yes,Yes,Yes,23000
2566,2BHK,Tenament,Full,Any,Sargasan,Gandhinagar,,Semi,No,Yes,Yes,Yes,Yes,Yes,No,Yes,No,24000
2567,2BHK,House,Full,Boys,Sargasan,Gandhinagar,,Semi,Yes,No,Yes,Yes,No,Yes,No,Yes,No,30000
2568,3BHK,Tenament,Sharing,Boys,Raysan,Gandhinagar,,Fully,No,Yes,Yes,No,No,Yes,Yes,Yes,No,33000
2569,3BHK,Flat,Full,Any,Kudasan,Gandhinagar,,Basic,No,Yes,No,Yes,Yes,Yes,No,Yes,Yes,32000
2570,2BHK,Room,Sharing,Boys,Sector 3,Gandhinagar,,Semi,No,No,No,Yes,Yes,Yes,Yes,Yes,No,12000
2571,2BHK,Room,Sharing,Girls,Sector 13,Gandhinagar,,Semi,No,Yes,Yes,No,No,Yes,Yes,Yes,No,10000
2572,1BHK,Room,Sharing,Any,Sector 2,Gandhinagar,,Semi,Yes,Yes,Yes,No,Yes,Yes,Yes,Yes,Yes,16000
2573,2BHK,Tenament,Full,Family,Kudasan,Gandhinagar,,Fully,No,No,No,No,No,Yes,No,Yes,Yes,21000
2574,1BHK,House,Sharing,Family,Sargasan,Gandhinagar,,Fully,No,Yes,Yes,No,Yes,Yes,Yes,Yes,Yes,15000
2575,2BHK,Flat,Sharing,Girls,Sector 5A,Gandhinagar,,Semi,Yes,Yes,No,Yes,No,Yes,No,Yes,No,18000
2576,3BHK,Room,Sharing,Girls,Sector 2,Gandhinagar,,Basic,Yes,No,No,No,No,Yes,No,Yes,No,29000
2577,3BHK,Flat,Full,Boys,Sector 6,Gandhinagar,,Semi,No,No,Yes,No,Yes,Yes,Yes,Yes,No,26000
2578,3BHK,Room,Sharing,Boys,Vavol,Gandhinagar,,Fully,No,Yes,Yes,No,Yes,Yes,No,Yes,No,23000
2579,3BHK,Flat,Full,Girls,Sector 13,Gandhinagar,,Fully,No,Yes,No,Yes,No,Yes,Yes,Yes,Yes,18000
2580,2BHK,House,Full,Family,Sector 13,Gandhinagar,,Fully,Yes,Yes,No,No,Yes,Yes,No,Yes,Yes,9000
2581,1BHK,Flat,Sharing,Boys,Infocity,Gandhinagar,,Fully,No,Yes,Yes,No,Yes,Yes,No,Yes,No,17000
2582,2BHK,Tenament,Full,Boys,Raysan,Gandhinagar,,Fully,No,Yes,No,Yes,No,Yes,Yes,Yes,No,23000
2583,1BHK,Flat,Sharing,Girls,Sector 3,Gandhinagar,,Fully,Yes,No,No,No,No,Yes,Yes,Yes,No,7000
2584,1BHK,Flat,Full,Any,Sector 6,Gandhinagar,,Fully,Yes,Yes,No,Yes,Yes,Yes,Yes,Yes,Yes,11000
2585,2BHK,Flat,Full,Boys,Vavol,Gandhinagar,,Fully,Yes,Yes,Yes,Yes,No,Yes,No,Yes,Yes,13000
2586,1BHK,House,Full,Girls,Sector 2,Gandhinagar,,Semi,No,Yes,No,Yes,No,Yes,No,Yes,Yes,15000
2587,1BHK,Room,Full,Boys,Vavol,Gandhinagar,,Semi,No,Yes,No,Yes,No,Yes,No,Yes,No,8000
2588,2BHK,Flat,Full,Any,Kudasan,Gandhinagar,,Semi,No,Yes,Yes,No,Yes,Yes,No,Yes,No,28000
2589,2BHK,Tenament,Sharing,Family,Infocity,Gandhinagar,,Fully,No,No,No,Yes,Yes,Yes,No,Yes,No,32000
2590,1BHK,Flat,Full,Family,Kudasan,Gandhinagar,,Semi,Yes,No,No,No,No,Yes,Yes,Yes,Yes,14000
2591,2BHK,Room,Full,Family,Sargasan,Gandhinagar,,Fully,No,No,No,Yes,No,Yes,Yes,Yes,Yes,21000
2592,3BHK,House,Sharing,Any,Sector 5A,Gandhinagar,,Semi,No,No,Yes,Yes,No,Yes,Yes,Yes,No,26000
2593,1BHK,Tenament,Sharing,Girls,Infocity,Gandhinagar,,Fully,No,Yes,No,Yes,Yes,Yes,Yes,Yes,No,18000
2594,1BHK,House,Full,Boys,Sector 3,Gandhinagar,,Fully,No,No,No,Yes,No,Yes,Yes,Yes,Yes,10000
2595,2BHK,Tenament,Full,Any,Sector 6,Gandhinagar,,Fully,No,Yes,Yes,No,Yes,Yes,No,Yes,No,18000
2596,2BHK,Room,Full,Family,Kudasan,Gandhinagar,,Fully,Yes,Yes,Yes,Yes,Yes,Yes,No,Yes,No,28000
2597,1BHK,House,Sharing,Boys,Infocity,Gandhinagar,,Semi,Yes,No,No,Yes,Yes,Yes,Yes,Yes,Yes,22000
2598,3BHK,Room,Sharing,Any,Sector 6,Gandhinagar,,Basic,No,Yes,Yes,No,Yes,Yes,Yes,Yes,No,24000
2599,1BHK,Tenament,Full,Family,Sector 3,Gandhinagar,,Semi,Yes,Yes,No,Yes,Yes,Yes,Yes,Yes,Yes,9000
2600,2BHK,Tenament,Full,Boys,Sector 2,Gandhinagar,,Semi,Yes,Yes,No,No,Yes,Yes,Yes,Yes,No,17000
2601,2BHK,Room,Sharing,Any,Kudasan,Gandhinagar,,Semi,No,No,No,No,No,Yes,No,Yes,Yes,28000
2602,3BHK,Flat,Sharing,Girls,Sector 5A,Gandhinagar,,Semi,Yes,Yes,No,No,No,Yes,No,Yes,No,26000
2603,3BHK,Tenament,Full,Any,Sector 5A,Gandhinagar,,Semi,Yes,Yes,No,Yes,No,Yes,Yes,Yes,Yes,26000
2604,1BHK,Room,Full,Boys,Kudasan,Gandhinagar,,Semi,Yes,Yes,Yes,Yes,Yes,Yes,Yes,Yes,No,15000
2605,2BHK,House,Full,Any,Sector 6,Gandhinagar,,Fully,No,Yes,Yes,Yes,Yes,Yes,Yes,Yes,No,20000
2606,2BHK,Room,Full,Family,Infocity,Gandhinagar,,Basic,Yes,Yes,No,Yes,No,Yes,Yes,Yes,No,26000
2607,1BHK,House,Sharing,Family,Sargasan,Gandhinagar,,Semi,Yes,No,No,Yes,Yes,Yes,Yes,Yes,No,21000
2608,3BHK,Tenament,Full,Family,Sector 6,Gandhinagar,,Basic,Yes,Yes,No,No,Yes,Yes,No,Yes,No,28000
2609,1BHK,Room,Sharing,Family,Vavol,Gandhinagar,,Fully,Yes,No,No,Yes,Yes,Yes,No,Yes,No,10000
2610,2BHK,Tenament,Full,Girls,Sector 6,Gandhinagar,,Fully,Yes,Yes,Yes,Yes,No,Yes,No,Yes,Yes,17000
2611,3BHK,Room,Sharing,Boys,Infocity,Gandhinagar,,Fully,Yes,No,No,No,No,Yes,Yes,Yes,Yes,35000
2612,3BHK,Tenament,Full,Any,Infocity,Gandhinagar,,Semi,No,Yes,Yes,Yes,Yes,Yes,Yes,Yes,Yes,44000
2613,3BHK,Flat,Full,Any,Sector 13,Gandhinagar,,Basic,No,Yes,Yes,No,No,Yes,No,Yes,Yes,16000
2614,3BHK,Flat,Full,Boys,Raysan,Gandhinagar,,Fully,No,No,Yes,No,No,Yes,Yes,Yes,No,27000
2615,2BHK,Flat,Full,Girls,Vavol,Gandhinagar,,Semi,No,Yes,No,Yes,Yes,Yes,Yes,Yes,Yes,17000
2616,3BHK,Flat,Full,Girls,Sargasan,Gandhinagar,,Semi,Yes,Yes,Yes,No,No,Yes,No,Yes,No,40000
2617,3BHK,Tenament,Full,Family,Raysan,Gandhinagar,,Semi,No,Yes,Yes,No,Yes,Yes,Yes,Yes,No,30000
2618,2BHK,Flat,Sharing,Family,Sector 3,Gandhinagar,,Fully,No,No,Yes,No,No,Yes,Yes,Yes,No,13000
2619,3BHK,Room,Sharing,Family,Infocity,Gandhinagar,,Semi,No,No,Yes,No,Yes,Yes,No,Yes,Yes,37000
2620,1BHK,Flat,Sharing,Family,Kudasan,Gandhinagar,,Fully,No,Yes,No,Yes,Yes,Yes,Yes,Yes,No,18000
2621,2BHK,Flat,Full,Girls,Raysan,Gandhinagar,,Semi,Yes,Yes,Yes,Yes,No,Yes,No,Yes,No,20000
2622,2BHK,House,Full,Boys,Vavol,Gandhinagar,,Basic,No,Yes,No,Yes,Yes,Yes,Yes,Yes,Yes,17000
2623,3BHK,Flat,Sharing,Boys,Sector 13,Gandhinagar,,Semi,No,No,Yes,No,No,Yes,Yes,Yes,No,17000
2624,1BHK,Tenament,Sharing,Boys,Sector 2,Gandhinagar,,Semi,Yes,Yes,Yes,Yes,No,Yes,Yes,Yes,Yes,14000
2625,3BHK,Flat,Full,Girls,Sector 2,Gandhinagar,,Basic,Yes,Yes,No,Yes,No,Yes,No,Yes,Yes,31000
2626,2BHK,Tenament,Sharing,Any,Sector 5A,Gandhinagar,,Basic,No,Yes,Yes,No,No,Yes,No,Yes,No,16000
2627,1BHK,Room,Sharing,Family,Sector 2,Gandhinagar,,Fully,Yes,Yes,Yes,Yes,No,Yes,Yes,Yes,No,14000
2628,1BHK,Tenament,Sharing,Girls,Infocity,Gandhinagar,,Semi,Yes,Yes,Yes,No,No,Yes,No,Yes,No,19000
2629,1BHK,Flat,Full,Any,Sargasan,Gandhinagar,,Semi,No,No,Yes,No,Yes,Yes,No,Yes,No,15000
2630,2BHK,Flat,Full,Any,Sector 13,Gandhinagar,,Basic,Yes,Yes,Yes,No,No,Yes,No,Yes,No,13000
2631,2BHK,House,Sharing,Family,Sector 13,Gandhinagar,,Basic,Yes,Yes,Yes,Yes,No,Yes,Yes,Yes,No,10000
2632,3BHK,Tenament,Full,Girls,Vavol,Gandhinagar,,Basic,No,Yes,Yes,No,Yes,Yes,Yes,Yes,Yes,21000
2633,2BHK,House,Full,Any,Sector 2,Gandhinagar,,Fully,Yes,No,No,No,Yes,Yes,Yes,Yes,No,24000
2634,3BHK,Room,Full,Any,Raysan,Gandhinagar,,Basic,Yes,Yes,No,Yes,No,Yes,No,Yes,Yes,28000
2635,1BHK,Tenament,Full,Family,Sargasan,Gandhinagar,,Semi,Yes,No,No,Yes,Yes,Yes,Yes,Yes,Yes,14000
2636,1BHK,House,Sharing,Any,Sector 13,Gandhinagar,,Fully,No,No,Yes,Yes,No,Yes,Yes,Yes,Yes,8000
2637,1BHK,Tenament,Full,Boys,Vavol,Gandhinagar,,Semi,Yes,Yes,No,Yes,Yes,Yes,Yes,Yes,Yes,9000
2638,2BHK,Flat,Sharing,Girls,Sargasan,Gandhinagar,,Semi,Yes,Yes,Yes,No,Yes,Yes,No,Yes,No,25000
2639,3BHK,House,Full,Family,Sector 13,Gandhinagar,,Semi,Yes,Yes,No,No,Yes,Yes,Yes,Yes,No,18000
2640,2BHK,Flat,Sharing,Girls,Infocity,Gandhinagar,,Semi,No,Yes,Yes,Yes,Yes,Yes,No,Yes,Yes,29000
2641,2BHK,Room,Sharing,Boys,Sector 2,Gandhinagar,,Basic,Yes,No,No,Yes,Yes,Yes,Yes,Yes,No,20000
2642,2BHK,Flat,Full,Family,Sector 2,Gandhinagar,,Semi,Yes,Yes,No,No,No,Yes,No,Yes,No,19000
2643,1BHK,House,Full,Any,Sector 6,Gandhinagar,,Semi,Yes,No,No,No,No,Yes,No,Yes,No,10000
2644,1BHK,Tenament,Full,Family,Sector 6,Gandhinagar,,Semi,Yes,Yes,Yes,No,No,Yes,No,Yes,No,11000
2645,1BHK,Room,Full,Family,Sector 6,Gandhinagar,,Semi,Yes,No,No,No,No,Yes,Yes,Yes,Yes,11000
2646,3BHK,Room,Full,Any,Sargasan,Gandhinagar,,Semi,No,Yes,Yes,Yes,Yes,Yes,No,Yes,No,32000
2647,3BHK,Room,Sharing,Girls,Sector 3,Gandhinagar,,Fully,No,No,No,No,Yes,Yes,No,Yes,No,19000
2648,3BHK,Room,Full,Any,Kudasan,Gandhinagar,,Basic,Yes,No,Yes,Yes,No,Yes,No,Yes,Yes,34000
2649,1BHK,Tenament,Full,Girls,Sector 13,Gandhinagar,,Semi,No,Yes,No,No,Yes,Yes,No,Yes,No,8000
2650,3BHK,Flat,Sharing,Boys,Sargasan,Gandhinagar,,Fully,No,Yes,Yes,Yes,Yes,Yes,No,Yes,Yes,35000
2651,3BHK,House,Full,Girls,Sargasan,Gandhinagar,,Fully,Yes,No,Yes,No,Yes,Yes,Yes,Yes,No,33000
2652,1BHK,Tenament,Sharing,Any,Sector 6,Gandhinagar,,Basic,No,No,No,Yes,No,Yes,Yes,Yes,No,12000
2653,1BHK,Room,Sharing,Any,Vavol,Gandhinagar,,Semi,No,No,No,Yes,No,Yes,No,Yes,Yes,11000
2654,3BHK,Tenament,Sharing,Girls,Sector 3,Gandhinagar,,Fully,No,No,Yes,No,Yes,Yes,No,Yes,No,17000
2655,1BHK,Room,Sharing,Girls,Raysan,Gandhinagar,,Fully,No,Yes,No,No,No,Yes,No,Yes,No,15000
2656,3BHK,Room,Full,Girls,Vavol,Gandhinagar,,Semi,Yes,Yes,No,Yes,Yes,Yes,No,Yes,No,19000
2657,1BHK,House,Sharing,Girls,Sector 13,Gandhinagar,,Semi,No,Yes,Yes,Yes,Yes,Yes,No,Yes,No,9000
2658,2BHK,Tenament,Full,Any,Kudasan,Gandhinagar,,Semi,No,Yes,Yes,Yes,No,Yes,Yes,Yes,No,22000
2659,3BHK,Room,Full,Boys,Sector 3,Gandhinagar,,Semi,Yes,No,Yes,No,No,Yes,Yes,Yes,No,21000
2660,1BHK,Room,Full,Family,Raysan,Gandhinagar,,Basic,No,No,No,No,Yes,Yes,No,Yes,Yes,17000
2661,1BHK,Tenament,Full,Boys,Raysan,Gandhinagar,,Semi,Yes,No,No,Yes,Yes,Yes,Yes,Yes,No,16000
2662,3BHK,Flat,Sharing,Family,Vavol,Gandhinagar,,Fully,Yes,No,Yes,Yes,Yes,Yes,No,Yes,No,23000
2663,1BHK,House,Sharing,Any,Kudasan,Gandhinagar,,Semi,Yes,Yes,No,No,No,Yes,Yes,Yes,Yes,19000
2664,3BHK,Flat,Sharing,Boys,Vavol,Gandhinagar,,Fully,No,Yes,Yes,Yes,Yes,Yes,Yes,Yes,Yes,19000
2665,2BHK,Tenament,Full,Family,Raysan,Gandhinagar,,Semi,Yes,No,No,No,No,Yes,No,Yes,Yes,19000
2666,3BHK,Tenament,Sharing,Boys,Sector 2,Gandhinagar,,Basic,No,No,No,Yes,No,Yes,No,Yes,No,33000
2667,3BHK,Room,Full,Boys,Kudasan,Gandhinagar,,Semi,Yes,Yes,No,Yes,Yes,Yes,No,Yes,Yes,36000
2668,1BHK,Tenament,Sharing,Family,Sector 2,Gandhinagar,,Semi,No,No,No,Yes,Yes,Yes,No,Yes,Yes,14000
2669,1BHK,Room,Sharing,Girls,Infocity,Gandhinagar,,Fully,Yes,No,No,No,No,Yes,Yes,Yes,No,22000
2670,1BHK,Flat,Sharing,Boys,Sector 5A,Gandhinagar,,Semi,Yes,Yes,Yes,Yes,No,Yes,Yes,Yes,Yes,12000
2671,1BHK,Tenament,Full,Girls,Infocity,Gandhinagar,,Fully,Yes,Yes,Yes,Yes,Yes,Yes,No,Yes,Yes,21000
2672,3BHK,Flat,Full,Family,Sector 5A,Gandhinagar,,Semi,Yes,No,No,Yes,No,Yes,No,Yes,No,25000
2673,1BHK,Flat,Full,Girls,Sector 5A,Gandhinagar,,Fully,Yes,Yes,Yes,Yes,Yes,Yes,No,Yes,Yes,12000
2674,3BHK,Room,Full,Boys,Sector 5A,Gandhinagar,,Semi,No,No,No,Yes,Yes,Yes,Yes,Yes,Yes,25000
2675,1BHK,Room,Full,Any,Vavol,Gandhinagar,,Fully,No,No,No,No,Yes,Yes,Yes,Yes,Yes,9000
2676,1BHK,Room,Full,Any,Sector 3,Gandhinagar,,Basic,Yes,No,No,Yes,No,Yes,No,Yes,Yes,10000
2677,2BHK,Flat,Full,Boys,Kudasan,Gandhinagar,,Semi,No,No,Yes,No,No,Yes,Yes,Yes,No,25000
2678,1BHK,Tenament,Sharing,Boys,Sargasan,Gandhinagar,,Basic,No,Yes,Yes,No,No,Yes,No,Yes,Yes,19000
2679,3BHK,Tenament,Sharing,Any,Kudasan,Gandhinagar,,Basic,No,No,Yes,No,No,Yes,Yes,Yes,No,36000
2680,1BHK,Tenament,Sharing,Family,Sector 13,Gandhinagar,,Semi,Yes,Yes,Yes,Yes,No,Yes,Yes,Yes,Yes,7000
2681,3BHK,House,Sharing,Boys,Sargasan,Gandhinagar,,Basic,No,No,Yes,No,No,Yes,No,Yes,Yes,33000
2682,3BHK,House,Sharing,Boys,Kudasan,Gandhinagar,,Semi,No,No,No,Yes,Yes,Yes,No,Yes,Yes,30000
2683,2BHK,Room,Full,Family,Sector 5A,Gandhinagar,,Fully,No,Yes,Yes,No,No,Yes,No,Yes,No,15000
2684,1BHK,Tenament,Sharing,Family,Kudasan,Gandhinagar,,Fully,No,Yes,No,No,No,Yes,Yes,Yes,Yes,18000
2685,1BHK,Flat,Sharing,Boys,Kudasan,Gandhinagar,,Fully,No,No,Yes,Yes,No,Yes,No,Yes,Yes,18000
2686,1BHK,Tenament,Full,Any,Kudasan,Gandhinagar,,Basic,Yes,Yes,Yes,No,No,Yes,No,Yes,No,17000
2687,2BHK,Tenament,Full,Boys,Sector 6,Gandhinagar,,Fully,Yes,No,No,Yes,Yes,Yes,Yes,Yes,No,18000
2688,2BHK,Flat,Full,Family,Sector 6,Gandhinagar,,Basic,No,Yes,Yes,Yes,No,Yes,No,Yes,No,22000
2689,1BHK,House,Full,Boys,Kudasan,Gandhinagar,,Basic,No,Yes,No,Yes,Yes,Yes,Yes,Yes,Yes,15000
2690,2BHK,Flat,Sharing,Any,Sector 3,Gandhinagar,,Semi,No,Yes,Yes,No,Yes,Yes,No,Yes,Yes,13000
2691,1BHK,House,Full,Boys,Raysan,Gandhinagar,,Semi,No,No,Yes,Yes,No,Yes,No,Yes,No,12000
2692,2BHK,House,Full,Girls,Sector 2,Gandhinagar,,Basic,No,Yes,Yes,Yes,Yes,Yes,No,Yes,Yes,20000
2693,3BHK,House,Sharing,Family,Vavol,Gandhinagar,,Fully,Yes,Yes,Yes,Yes,No,Yes,Yes,Yes,No,18000
2694,3BHK,Tenament,Full,Any,Sector 3,Gandhinagar,,Semi,Yes,Yes,No,No,Yes,Yes,Yes,Yes,Yes,21000
2695,3BHK,House,Sharing,Family,Kudasan,Gandhinagar,,Basic,No,Yes,Yes,Yes,No,Yes,No,Yes,Yes,29000
2696,1BHK,House,Full,Family,Sector 2,Gandhinagar,,Basic,No,Yes,Yes,Yes,No,Yes,No,Yes,No,13000
2697,1BHK,House,Sharing,Family,Sector 13,Gandhinagar,,Semi,Yes,No,No,Yes,No,Yes,Yes,Yes,Yes,6000
2698,1BHK,Flat,Full,Boys,Infocity,Gandhinagar,,Semi,No,No,Yes,Yes,Yes,Yes,No,Yes,Yes,21000
2699,2BHK,Room,Sharing,Girls,Sargasan,Gandhinagar,,Basic,Yes,No,No,No,Yes,Yes,No,Yes,Yes,26000
2700,1BHK,House,Sharing,Family,Vavol,Gandhinagar,,Semi,No,No,Yes,Yes,Yes,Yes,No,Yes,No,10000
2701,3BHK,House,Sharing,Family,Sector 2,Gandhinagar,,Fully,Yes,Yes,Yes,No,Yes,Yes,No,Yes,Yes,30000
2702,2BHK,House,Full,Boys,Infocity,Gandhinagar,,Fully,No,No,Yes,No,Yes,Yes,Yes,Yes,Yes,23000
2703,3BHK,Room,Full,Girls,Kudasan,Gandhinagar,,Basic,No,No,Yes,Yes,No,Yes,Yes,Yes,Yes,31000
2704,1BHK,Tenament,Sharing,Boys,Sector 3,Gandhinagar,,Fully,Yes,No,Yes,Yes,No,Yes,Yes,Yes,Yes,9000
2705,1BHK,Tenament,Sharing,Girls,Sargasan,Gandhinagar,,Fully,No,No,Yes,Yes,No,Yes,Yes,Yes,Yes,18000
2706,3BHK,Room,Sharing,Any,Sector 5A,Gandhinagar,,Basic,Yes,Yes,Yes,Yes,No,Yes,Yes,Yes,Yes,25000
2707,1BHK,Room,Full,Any,Sector 3,Gandhinagar,,Fully,No,Yes,Yes,Yes,Yes,Yes,Yes,Yes,No,7000
2708,3BHK,Room,Sharing,Family,Sector 6,Gandhinagar,,Basic,Yes,Yes,Yes,No,No,Yes,Yes,Yes,No,29000
2709,2BHK,Room,Sharing,Family,Infocity,Gandhinagar,,Semi,No,Yes,Yes,Yes,Yes,Yes,Yes,Yes,No,23000
2710,1BHK,Room,Sharing,Boys,Sector 5A,Gandhinagar,,Fully,Yes,Yes,Yes,Yes,Yes,Yes,No,Yes,Yes,11000
2711,3BHK,Room,Full,Boys,Infocity,Gandhinagar,,Fully,No,No,No,Yes,Yes,Yes,No,Yes,No,43000
2712,2BHK,Flat,Full,Family,Sector 5A,Gandhinagar,,Basic,Yes,No,Yes,Yes,Yes,Yes,Yes,Yes,No,18000
2713,1BHK,House,Sharing,Any,Sector 3,Gandhinagar,,Basic,Yes,No,Yes,No,Yes,Yes,Yes,Yes,No,10000
2714,1BHK,Tenament,Sharing,Family,Sector 5A,Gandhinagar,,Semi,No,No,Yes,No,No,Yes,Yes,Yes,Yes,10000
2715,1BHK,House,Sharing,Family,Sector 13,Gandhinagar,,Basic,Yes,Yes,No,No,No,Yes,Yes,Yes,Yes,8000
2716,2BHK,Room,Full,Boys,Sector 6,Gandhinagar,,Fully,Yes,No,Yes,Yes,No,Yes,Yes,Yes,No,16000
2717,2BHK,Room,Full,Family,Sargasan,Gandhinagar,,Basic,Yes,Yes,No,No,No,Yes,Yes,Yes,Yes,27000
2718,2BHK,Room,Full,Any,Vavol,Gandhinagar,,Semi,No,No,No,No,Yes,Yes,No,Yes,Yes,12000
2719,1BHK,Flat,Sharing,Girls,Raysan,Gandhinagar,,Semi,Yes,Yes,No,Yes,No,Yes,Yes,Yes,No,13000
2720,2BHK,Tenament,Full,Family,Sector 2,Gandhinagar,,Basic,Yes,Yes,Yes,No,Yes,Yes,No,Yes,Yes,24000
2721,3BHK,Tenament,Sharing,Any,Sector 6,Gandhinagar,,Basic,No,Yes,No,Yes,Yes,Yes,Yes,Yes,Yes,30000
2722,1BHK,Flat,Full,Any,Sector 13,Gandhinagar,,Semi,Yes,No,Yes,No,No,Yes,No,Yes,No,8000
2723,1BHK,Flat,Full,Girls,Kudasan,Gandhinagar,,Basic,No,Yes,No,No,Yes,Yes,Yes,Yes,Yes,18000
2724,1BHK,Room,Full,Boys,Sector 13,Gandhinagar,,Basic,Yes,Yes,Yes,No,Yes,Yes,Yes,Yes,No,8000
2725,3BHK,Room,Full,Any,Sector 2,Gandhinagar,,Basic,No,No,No,No,No,Yes,Yes,Yes,No,33000
2726,2BHK,House,Sharing,Family,Sector 6,Gandhinagar,,Fully,Yes,No,No,Yes,No,Yes,No,Yes,No,15000
2727,2BHK,Flat,Sharing,Any,Sector 6,Gandhinagar,,Basic,No,Yes,No,No,Yes,Yes,Yes,Yes,Yes,19000
2728,1BHK,Flat,Sharing,Any,Kudasan,Gandhinagar,,Basic,No,Yes,Yes,Yes,No,Yes,Yes,Yes,No,18000
2729,3BHK,Flat,Sharing,Boys,Sector 3,Gandhinagar,,Basic,Yes,No,No,No,Yes,Yes,No,Yes,No,19000
2730,2BHK,Flat,Sharing,Girls,Sector 2,Gandhinagar,,Semi,Yes,Yes,Yes,Yes,Yes,Yes,Yes,Yes,Yes,21000
2731,3BHK,House,Sharing,Family,Sector 6,Gandhinagar,,Basic,Yes,No,No,No,No,Yes,No,Yes,No,26000
2732,1BHK,Tenament,Full,Family,Sector 5A,Gandhinagar,,Basic,No,No,No,No,No,Yes,No,Yes,Yes,11000
2733,1BHK,Tenament,Sharing,Boys,Sector 5A,Gandhinagar,,Basic,Yes,No,Yes,No,Yes,Yes,No,Yes,No,11000
2734,1BHK,House,Sharing,Boys,Sector 5A,Gandhinagar,,Semi,No,Yes,No,Yes,No,Yes,No,Yes,No,12000
2735,1BHK,Tenament,Full,Family,Sargasan,Gandhinagar,,Basic,No,Yes,No,No,No,Yes,Yes,Yes,Yes,15000
2736,2BHK,House,Sharing,Family,Infocity,Gandhinagar,,Semi,No,No,No,No,No,Yes,No,Yes,Yes,27000
2737,1BHK,Flat,Sharing,Family,Sector 5A,Gandhinagar,,Fully,Yes,Yes,Yes,No,Yes,Yes,Yes,Yes,Yes,13000
2738,1BHK,Tenament,Sharing,Girls,Kudasan,Gandhinagar,,Semi,Yes,Yes,No,No,No,Yes,Yes,Yes,No,18000
2739,1BHK,Tenament,Full,Any,Sector 13,Gandhinagar,,Fully,Yes,No,No,No,No,Yes,Yes,Yes,Yes,8000
2740,3BHK,Tenament,Full,Any,Infocity,Gandhinagar,,Fully,Yes,No,No,Yes,Yes,Yes,No,Yes,Yes,34000
2741,1BHK,House,Full,Girls,Sector 2,Gandhinagar,,Basic,Yes,No,Yes,No,Yes,Yes,Yes,Yes,No,15000
2742,1BHK,Room,Full,Any,Sargasan,Gandhinagar,,Semi,Yes,Yes,Yes,Yes,No,Yes,No,Yes,No,17000
2743,3BHK,Flat,Full,Family,Sargasan,Gandhinagar,,Semi,Yes,Yes,No,No,Yes,Yes,No,Yes,No,36000
2744,3BHK,Room,Sharing,Family,Sector 2,Gandhinagar,,Semi,Yes,No,No,No,Yes,Yes,No,Yes,No,26000
2745,3BHK,Room,Sharing,Girls,Sargasan,Gandhinagar,,Fully,Yes,Yes,Yes,No,No,Yes,No,Yes,No,41000
2746,2BHK,Tenament,Full,Girls,Sector 2,Gandhinagar,,Semi,Yes,No,No,No,Yes,Yes,Yes,Yes,No,23000
2747,1BHK,House,Sharing,Family,Sector 5A,Gandhinagar,,Fully,Yes,No,No,Yes,Yes,Yes,No,Yes,No,10000
2748,1BHK,House,Sharing,Family,Kudasan,Gandhinagar,,Fully,No,No,Yes,No,Yes,Yes,No,Yes,No,13000
2749,3BHK,Flat,Sharing,Girls,Vavol,Gandhinagar,,Basic,No,No,No,No,No,Yes,No,Yes,No,19000
2750,3BHK,Room,Full,Boys,Kudasan,Gandhinagar,,Semi,No,Yes,Yes,No,No,Yes,Yes,Yes,No,33000
2751,3BHK,Room,Sharing,Girls,Sector 5A,Gandhinagar,,Basic,Yes,Yes,No,No,Yes,Yes,No,Yes,No,22000
2752,2BHK,House,Sharing,Family,Sector 5A,Gandhinagar,,Fully,Yes,Yes,Yes,No,Yes,Yes,Yes,Yes,No,18000
2753,2BHK,Flat,Sharing,Girls,Vavol,Gandhinagar,,Semi,Yes,Yes,Yes,No,Yes,Yes,Yes,Yes,Yes,13000
2754,2BHK,Tenament,Full,Any,Vavol,Gandhinagar,,Basic,No,Yes,No,Yes,Yes,Yes,No,Yes,Yes,15000
2755,2BHK,House,Sharing,Girls,Sargasan,Gandhinagar,,Semi,No,Yes,No,Yes,No,Yes,No,Yes,No,29000
2756,1BHK,Room,Full,Girls,Sector 3,Gandhinagar,,Basic,No,Yes,No,Yes,No,Yes,Yes,Yes,Yes,10000
2757,2BHK,Tenament,Sharing,Boys,Sector 2,Gandhinagar,,Basic,Yes,Yes,No,Yes,No,Yes,Yes,Yes,Yes,22000
2758,1BHK,House,Full,Girls,Infocity,Gandhinagar,,Basic,Yes,Yes,Yes,Yes,No,Yes,Yes,Yes,Yes,18000
2759,1BHK,Tenament,Full,Family,Vavol,Gandhinagar,,Basic,Yes,No,No,No,Yes,Yes,No,Yes,Yes,11000
2760,1BHK,Flat,Full,Any,Sector 13,Gandhinagar,,Fully,No,Yes,No,Yes,Yes,Yes,Yes,Yes,No,9000
2761,3BHK,Flat,Sharing,Any,Infocity,Gandhinagar,,Fully,No,Yes,Yes,No,Yes,Yes,Yes,Yes,Yes,36000
2762,3BHK,Tenament,Full,Girls,Sargasan,Gandhinagar,,Fully,Yes,Yes,Yes,No,Yes,Yes,No,Yes,No,41000
2763,2BHK,Tenament,Sharing,Boys,Sector 5A,Gandhinagar,,Basic,No,No,Yes,No,No,Yes,Yes,Yes,Yes,16000
2764,2BHK,House,Full,Girls,Sector 5A,Gandhinagar,,Semi,Yes,No,Yes,No,Yes,Yes,No,Yes,No,19000
2765,1BHK,Room,Full,Family,Raysan,Gandhinagar,,Fully,No,No,Yes,Yes,No,Yes,Yes,Yes,No,17000
2766,2BHK,Flat,Sharing,Family,Sargasan,Gandhinagar,,Basic,No,No,Yes,No,No,Yes,Yes,Yes,Yes,25000
2767,3BHK,House,Full,Girls,Infocity,Gandhinagar,,Semi,Yes,No,No,No,Yes,Yes,Yes,Yes,No,44000
2768,3BHK,House,Full,Any,Vavol,Gandhinagar,,Semi,Yes,No,Yes,No,No,Yes,No,Yes,Yes,18000
2769,1BHK,Room,Full,Any,Infocity,Gandhinagar,,Semi,Yes,Yes,Yes,Yes,Yes,Yes,No,Yes,Yes,18000
2770,3BHK,Tenament,Full,Boys,Sargasan,Gandhinagar,,Fully,No,Yes,No,No,Yes,Yes,Yes,Yes,Yes,37000
2771,3BHK,House,Full,Girls,Raysan,Gandhinagar,,Semi,No,Yes,No,Yes,No,Yes,Yes,Yes,No,30000
2772,1BHK,Flat,Full,Girls,Sargasan,Gandhinagar,,Basic,No,No,Yes,Yes,Yes,Yes,Yes,Yes,Yes,19000
2773,3BHK,Room,Full,Any,Sector 13,Gandhinagar,,Fully,Yes,No,Yes,Yes,No,Yes,No,Yes,Yes,13000
2774,2BHK,Tenament,Full,Family,Sector 3,Gandhinagar,,Basic,Yes,No,Yes,Yes,Yes,Yes,No,Yes,No,13000
2775,2BHK,Flat,Sharing,Boys,Infocity,Gandhinagar,,Fully,No,Yes,No,No,No,Yes,No,Yes,No,23000
2776,2BHK,Room,Full,Girls,Raysan,Gandhinagar,,Fully,No,Yes,Yes,No,Yes,Yes,Yes,Yes,Yes,23000
2777,1BHK,Room,Sharing,Family,Sector 3,Gandhinagar,,Basic,Yes,Yes,Yes,Yes,Yes,Yes,No,Yes,No,7000
2778,3BHK,Tenament,Sharing,Family,Sargasan,Gandhinagar,,Basic,Yes,No,Yes,Yes,No,Yes,Yes,Yes,Yes,38000
2779,3BHK,Tenament,Full,Girls,Infocity,Gandhinagar,,Basic,No,No,Yes,No,No,Yes,Yes,Yes,No,40000
2780,3BHK,House,Full,Boys,Sector 13,Gandhinagar,,Fully,No,Yes,Yes,Yes,No,Yes,Yes,Yes,Yes,13000
2781,1BHK,Room,Full,Any,Sector 5A,Gandhinagar,,Basic,Yes,Yes,No,Yes,Yes,Yes,Yes,Yes,Yes,9000
2782,3BHK,Tenament,Full,Boys,Sector 13,Gandhinagar,,Basic,Yes,Yes,No,No,No,Yes,No,Yes,No,15000
2783,3BHK,Flat,Full,Girls,Sector 2,Gandhinagar,,Fully,Yes,Yes,Yes,Yes,No,Yes,No,Yes,No,25000
2784,2BHK,Flat,Sharing,Boys,Sector 2,Gandhinagar,,Fully,No,No,Yes,No,Yes,Yes,Yes,Yes,No,22000
2785,1BHK,House,Full,Girls,Kudasan,Gandhinagar,,Semi,Yes,No,No,Yes,No,Yes,Yes,Yes,No,17000
2786,2BHK,Flat,Full,Any,Vavol,Gandhinagar,,Semi,Yes,No,Yes,Yes,Yes,Yes,No,Yes,No,16000
2787,3BHK,House,Sharing,Any,Sector 6,Gandhinagar,,Fully,Yes,No,No,Yes,Yes,Yes,Yes,Yes,Yes,22000
2788,1BHK,Room,Sharing,Boys,Kudasan,Gandhinagar,,Fully,No,No,Yes,No,No,Yes,Yes,Yes,No,18000
2789,2BHK,Flat,Sharing,Girls,Raysan,Gandhinagar,,Fully,No,No,Yes,No,Yes,Yes,Yes,Yes,No,23000
2790,1BHK,House,Sharing,Family,Sector 13,Gandhinagar,,Fully,No,No,Yes,Yes,Yes,Yes,No,Yes,No,7000
2791,3BHK,Tenament,Sharing,Family,Sector 13,Gandhinagar,,Semi,Yes,Yes,No,Yes,No,Yes,Yes,Yes,No,15000
2792,2BHK,Flat,Sharing,Boys,Vavol,Gandhinagar,,Fully,Yes,No,No,No,Yes,Yes,No,Yes,No,15000
2793,3BHK,Tenament,Full,Family,Sector 5A,Gandhinagar,,Semi,Yes,Yes,Yes,Yes,No,Yes,Yes,Yes,No,23000
2794,3BHK,Room,Sharing,Family,Sector 13,Gandhinagar,,Semi,Yes,Yes,Yes,Yes,No,Yes,Yes,Yes,No,15000
2795,3BHK,Flat,Sharing,Any,Sector 13,Gandhinagar,,Semi,Yes,Yes,Yes,No,Yes,Yes,Yes,Yes,No,17000
2796,1BHK,Flat,Full,Girls,Sector 13,Gandhinagar,,Basic,Yes,Yes,No,Yes,Yes,Yes,Yes,Yes,No,8000
2797,2BHK,Room,Full,Family,Sector 3,Gandhinagar,,Fully,No,No,Yes,No,Yes,Yes,No,Yes,No,14000
2798,2BHK,Room,Full,Boys,Sector 5A,Gandhinagar,,Basic,No,No,No,No,No,Yes,Yes,Yes,No,15000
2799,3BHK,Flat,Full,Any,Sector 6,Gandhinagar,,Basic,Yes,No,Yes,No,Yes,Yes,No,Yes,Yes,30000
2800,1BHK,Flat,Sharing,Any,Sector 2,Gandhinagar,,Semi,Yes,No,No,Yes,Yes,Yes,No,Yes,Yes,12000
2801,2BHK,Room,Full,Any,Sector 13,Gandhinagar,,Semi,No,No,Yes,Yes,No,Yes,No,Yes,Yes,13000
2802,2BHK,House,Sharing,Boys,Sector 5A,Gandhinagar,,Fully,Yes,No,No,Yes,No,Yes,Yes,Yes,No,15000
2803,3BHK,Flat,Full,Girls,Sector 5A,Gandhinagar,,Basic,Yes,Yes,Yes,No,Yes,Yes,Yes,Yes,No,20000
2804,3BHK,Tenament,Full,Boys,Kudasan,Gandhinagar,,Semi,Yes,Yes,No,No,No,Yes,Yes,Yes,No,35000
2805,3BHK,Tenament,Full,Girls,Vavol,Gandhinagar,,Basic,Yes,No,Yes,No,Yes,Yes,No,Yes,No,24000
2806,1BHK,Tenament,Full,Family,Sargasan,Gandhinagar,,Fully,Yes,No,Yes,Yes,No,Yes,No,Yes,No,16000
2807,2BHK,Flat,Sharing,Family,Sargasan,Gandhinagar,,Semi,No,No,Yes,No,No,Yes,No,Yes,No,27000
2808,3BHK,Room,Sharing,Family,Infocity,Gandhinagar,,Fully,Yes,No,Yes,Yes,No,Yes,Yes,Yes,Yes,34000
2809,2BHK,Room,Sharing,Family,Infocity,Gandhinagar,,Basic,No,No,Yes,No,No,Yes,No,Yes,Yes,30000
2810,1BHK,Room,Full,Family,Sargasan,Gandhinagar,,Basic,Yes,Yes,No,No,Yes,Yes,Yes,Yes,Yes,19000
2811,2BHK,Tenament,Full,Family,Sector 5A,Gandhinagar,,Basic,No,Yes,No,Yes,No,Yes,No,Yes,Yes,14000
2812,3BHK,Flat,Sharing,Boys,Vavol,Gandhinagar,,Fully,Yes,No,Yes,Yes,No,Yes,No,Yes,No,23000
2813,3BHK,Flat,Full,Boys,Sargasan,Gandhinagar,,Basic,Yes,No,No,No,Yes,Yes,Yes,Yes,No,35000
2814,3BHK,House,Sharing,Boys,Sector 5A,Gandhinagar,,Fully,No,No,Yes,Yes,Yes,Yes,No,Yes,Yes,22000
2815,3BHK,House,Full,Boys,Kudasan,Gandhinagar,,Basic,Yes,No,Yes,Yes,No,Yes,Yes,Yes,No,37000
2816,3BHK,Tenament,Full,Any,Sector 3,Gandhinagar,,Semi,Yes,Yes,No,No,Yes,Yes,No,Yes,No,20000
2817,3BHK,Tenament,Full,Girls,Sargasan,Gandhinagar,,Fully,No,Yes,No,No,Yes,Yes,No,Yes,No,41000
2818,3BHK,Flat,Full,Girls,Raysan,Gandhinagar,,Basic,No,Yes,No,No,Yes,Yes,Yes,Yes,No,34000
2819,2BHK,House,Sharing,Boys,Sector 5A,Gandhinagar,,Semi,Yes,Yes,No,No,Yes,Yes,Yes,Yes,Yes,19000
2820,3BHK,Room,Sharing,Girls,Kudasan,Gandhinagar,,Basic,Yes,Yes,No,No,No,Yes,No,Yes,No,31000
2821,3BHK,Room,Sharing,Girls,Sargasan,Gandhinagar,,Basic,No,No,No,Yes,Yes,Yes,Yes,Yes,No,41000
2822,3BHK,Flat,Full,Any,Sector 2,Gandhinagar,,Basic,No,No,No,Yes,No,Yes,No,Yes,No,26000
2823,3BHK,Tenament,Full,Girls,Sector 2,Gandhinagar,,Fully,No,Yes,No,No,No,Yes,Yes,Yes,Yes,32000
2824,2BHK,Tenament,Sharing,Girls,Sector 3,Gandhinagar,,Basic,No,Yes,Yes,Yes,No,Yes,No,Yes,Yes,11000
2825,3BHK,Tenament,Full,Family,Raysan,Gandhinagar,,Basic,No,Yes,Yes,No,Yes,Yes,Yes,Yes,No,30000
2826,1BHK,Flat,Full,Girls,Sector 6,Gandhinagar,,Fully,No,Yes,Yes,No,Yes,Yes,No,Yes,No,10000
2827,1BHK,Tenament,Sharing,Boys,Vavol,Gandhinagar,,Basic,Yes,No,Yes,Yes,No,Yes,No,Yes,Yes,10000
2828,1BHK,Tenament,Sharing,Any,Sector 5A,Gandhinagar,,Fully,Yes,No,Yes,Yes,Yes,Yes,No,Yes,Yes,12000
2829,2BHK,Flat,Full,Family,Sector 6,Gandhinagar,,Semi,Yes,Yes,Yes,Yes,Yes,Yes,Yes,Yes,No,15000
2830,3BHK,Room,Full,Any,Vavol,Gandhinagar,,Basic,No,No,No,Yes,Yes,Yes,Yes,Yes,Yes,22000
2831,2BHK,House,Full,Girls,Sector 5A,Gandhinagar,,Semi,No,Yes,No,No,No,Yes,Yes,Yes,No,16000
2832,3BHK,Flat,Full,Family,Vavol,Gandhinagar,,Semi,No,Yes,No,No,Yes,Yes,Yes,Yes,Yes,18000
2833,3BHK,Tenament,Sharing,Family,Infocity,Gandhinagar,,Semi,Yes,Yes,No,No,Yes,Yes,Yes,Yes,Yes,38000
2834,3BHK,House,Sharing,Boys,Sector 6,Gandhinagar,,Fully,No,Yes,No,No,No,Yes,No,Yes,Yes,29000
2835,1BHK,Flat,Sharing,Any,Sector 2,Gandhinagar,,Semi,Yes,Yes,Yes,No,No,Yes,No,Yes,No,15000
2836,1BHK,Flat,Full,Boys,Sector 5A,Gandhinagar,,Basic,Yes,No,No,No,No,Yes,Yes,Yes,Yes,13000
2837,2BHK,Flat,Sharing,Boys,Sector 6,Gandhinagar,,Semi,No,No,No,Yes,Yes,Yes,No,Yes,Yes,21000
2838,3BHK,House,Full,Girls,Sector 5A,Gandhinagar,,Basic,No,No,Yes,No,Yes,Yes,No,Yes,No,22000
2839,1BHK,Tenament,Sharing,Family,Sector 6,Gandhinagar,,Fully,Yes,No,Yes,No,Yes,Yes,Yes,Yes,No,12000
2840,3BHK,Flat,Full,Boys,Sector 3,Gandhinagar,,Fully,No,No,No,Yes,No,Yes,Yes,Yes,No,18000
2841,3BHK,Tenament,Full,Girls,Sector 2,Gandhinagar,,Basic,No,No,Yes,No,Yes,Yes,Yes,Yes,Yes,28000
2842,3BHK,House,Full,Boys,Kudasan,Gandhinagar,,Basic,Yes,Yes,No,No,No,Yes,No,Yes,Yes,36000
2843,2BHK,Flat,Sharing,Family,Sector 5A,Gandhinagar,,Basic,Yes,No,No,No,Yes,Yes,Yes,Yes,No,19000
2844,3BHK,Tenament,Full,Family,Sector 3,Gandhinagar,,Fully,No,Yes,Yes,No,Yes,Yes,Yes,Yes,Yes,16000
2845,1BHK,Flat,Full,Girls,Sector 2,Gandhinagar,,Basic,No,No,No,No,No,Yes,Yes,Yes,No,16000
2846,3BHK,House,Sharing,Girls,Raysan,Gandhinagar,,Basic,No,No,No,No,Yes,Yes,Yes,Yes,Yes,27000
2847,1BHK,Room,Sharing,Girls,Sector 13,Gandhinagar,,Semi,Yes,Yes,No,No,Yes,Yes,Yes,Yes,Yes,7000
2848,2BHK,Tenament,Sharing,Family,Sector 6,Gandhinagar,,Semi,Yes,No,Yes,No,No,Yes,Yes,Yes,Yes,20000
2849,1BHK,Tenament,Full,Family,Vavol,Gandhinagar,,Semi,No,Yes,Yes,No,Yes,Yes,No,Yes,No,9000
2850,2BHK,Flat,Sharing,Girls,Sector 13,Gandhinagar,,Fully,Yes,No,Yes,Yes,No,Yes,Yes,Yes,Yes,11000
2851,3BHK,House,Sharing,Family,Raysan,Gandhinagar,,Semi,Yes,Yes,Yes,Yes,No,Yes,Yes,Yes,No,28000
2852,2BHK,Room,Sharing,Family,Infocity,Gandhinagar,,Semi,No,No,Yes,No,Yes,Yes,Yes,Yes,Yes,32000
2853,1BHK,House,Sharing,Boys,Sargasan,Gandhinagar,,Fully,Yes,No,No,No,Yes,Yes,No,Yes,No,19000
2854,3BHK,Tenament,Sharing,Any,Raysan,Gandhinagar,,Basic,No,No,No,No,Yes,Yes,Yes,Yes,Yes,32000
2855,3BHK,Room,Sharing,Family,Sector 2,Gandhinagar,,Fully,Yes,No,Yes,No,No,Yes,No,Yes,No,31000
2856,3BHK,House,Sharing,Any,Sector 6,Gandhinagar,,Fully,Yes,Yes,Yes,Yes,No,Yes,No,Yes,No,25000
2857,2BHK,Tenament,Sharing,Any,Sector 13,Gandhinagar,,Semi,No,Yes,Yes,No,No,Yes,No,Yes,Yes,11000
2858,1BHK,Room,Sharing,Girls,Sector 3,Gandhinagar,,Semi,No,Yes,Yes,No,Yes,Yes,No,Yes,Yes,8000
2859,3BHK,House,Full,Boys,Sargasan,Gandhinagar,,Semi,Yes,Yes,No,No,No,Yes,No,Yes,Yes,34000
2860,1BHK,House,Full,Boys,Infocity,Gandhinagar,,Basic,No,Yes,Yes,No,Yes,Yes,No,Yes,Yes,19000
2861,3BHK,Flat,Full,Any,Sector 2,Gandhinagar,,Basic,Yes,No,No,Yes,No,Yes,Yes,Yes,No,31000
2862,2BHK,House,Full,Girls,Sector 13,Gandhinagar,,Basic,Yes,Yes,No,No,Yes,Yes,No,Yes,No,11000
2863,1BHK,Tenament,Sharing,Boys,Vavol,Gandhinagar,,Semi,No,No,Yes,No,Yes,Yes,Yes,Yes,Yes,9000
2864,1BHK,Tenament,Sharing,Family,Sector 2,Gandhinagar,,Semi,Yes,No,No,Yes,No,Yes,Yes,Yes,No,15000
2865,2BHK,Tenament,Full,Any,Raysan,Gandhinagar,,Semi,No,No,No,Yes,Yes,Yes,Yes,Yes,Yes,23000
2866,2BHK,Tenament,Full,Any,Infocity,Gandhinagar,,Semi,Yes,No,No,No,No,Yes,Yes,Yes,No,32000
2867,1BHK,House,Sharing,Any,Sector 2,Gandhinagar,,Basic,No,No,Yes,Yes,Yes,Yes,Yes,Yes,Yes,14000
2868,3BHK,Flat,Sharing,Any,Sargasan,Gandhinagar,,Basic,No,Yes,No,Yes,Yes,Yes,No,Yes,Yes,40000
2869,3BHK,Room,Full,Family,Vavol,Gandhinagar,,Fully,Yes,No,Yes,No,No,Yes,Yes,Yes,Yes,23000
2870,1BHK,Room,Full,Boys,Sector 13,Gandhinagar,,Semi,Yes,No,Yes,No,Yes,Yes,No,Yes,Yes,9000
2871,3BHK,House,Sharing,Girls,Sector 5A,Gandhinagar,,Fully,No,No,No,Yes,Yes,Yes,No,Yes,Yes,25000
2872,1BHK,Room,Sharing,Girls,Sector 3,Gandhinagar,,Fully,Yes,Yes,No,Yes,Yes,Yes,No,Yes,No,10000
2873,2BHK,Flat,Full,Girls,Sargasan,Gandhinagar,,Fully,No,No,No,Yes,Yes,Yes,Yes,Yes,Yes,26000
2874,3BHK,House,Full,Any,Kudasan,Gandhinagar,,Semi,Yes,No,No,No,No,Yes,Yes,Yes,Yes,34000
2875,2BHK,House,Full,Family,Sector 6,Gandhinagar,,Semi,Yes,Yes,No,Yes,Yes,Yes,Yes,Yes,No,19000
2876,2BHK,Flat,Sharing,Girls,Sector 6,Gandhinagar,,Basic,Yes,Yes,No,No,No,Yes,Yes,Yes,Yes,18000
2877,2BHK,Tenament,Full,Family,Kudasan,Gandhinagar,,Basic,No,No,No,No,Yes,Yes,Yes,Yes,No,22000
2878,3BHK,Room,Sharing,Boys,Raysan,Gandhinagar,,Basic,Yes,Yes,Yes,Yes,Yes,Yes,No,Yes,No,32000
2879,3BHK,House,Sharing,Family,Sector 6,Gandhinagar,,Semi,Yes,Yes,Yes,No,No,Yes,Yes,Yes,Yes,28000
2880,3BHK,House,Sharing,Any,Infocity,Gandhinagar,,Fully,Yes,No,Yes,Yes,No,Yes,No,Yes,Yes,37000
2881,2BHK,Tenament,Full,Boys,Sector 13,Gandhinagar,,Fully,No,Yes,No,No,Yes,Yes,Yes,Yes,No,11000
2882,3BHK,Room,Full,Family,Kudasan,Gandhinagar,,Fully,Yes,No,Yes,Yes,No,Yes,No,Yes,No,31000
2883,2BHK,Room,Sharing,Family,Sector 2,Gandhinagar,,Semi,No,Yes,No,Yes,Yes,Yes,No,Yes,Yes,20000
2884,1BHK,House,Sharing,Boys,Raysan,Gandhinagar,,Fully,No,No,Yes,No,No,Yes,Yes,Yes,Yes,12000
2885,3BHK,Flat,Full,Family,Sargasan,Gandhinagar,,Fully,No,No,No,Yes,Yes,Yes,No,Yes,No,36000
2886,3BHK,House,Full,Family,Sector 13,Gandhinagar,,Semi,Yes,No,No,Yes,No,Yes,Yes,Yes,Yes,16000
2887,1BHK,Tenament,Full,Boys,Kudasan,Gandhinagar,,Fully,No,No,No,No,No,Yes,No,Yes,No,18000
2888,3BHK,Room,Full,Girls,Sargasan,Gandhinagar,,Fully,No,Yes,Yes,Yes,Yes,Yes,No,Yes,No,38000
2889,1BHK,Tenament,Full,Any,Vavol,Gandhinagar,,Fully,Yes,No,No,Yes,No,Yes,No,Yes,No,11000
2890,3BHK,House,Sharing,Family,Sector 3,Gandhinagar,,Basic,No,Yes,No,Yes,No,Yes,Yes,Yes,No,20000
2891,2BHK,Tenament,Sharing,Boys,Sector 13,Gandhinagar,,Basic,Yes,No,No,Yes,Yes,Yes,Yes,Yes,No,11000
2892,3BHK,Room,Full,Girls,Vavol,Gandhinagar,,Fully,No,Yes,No,No,Yes,Yes,No,Yes,Yes,21000
2893,1BHK,Tenament,Full,Girls,Sector 5A,Gandhinagar,,Semi,Yes,Yes,Yes,No,Yes,Yes,No,Yes,No,13000
2894,3BHK,Tenament,Sharing,Family,Sector 6,Gandhinagar,,Fully,No,No,No,Yes,No,Yes,Yes,Yes,No,30000
2895,1BHK,Room,Sharing,Boys,Sector 2,Gandhinagar,,Fully,No,Yes,No,No,No,Yes,Yes,Yes,No,16000
2896,1BHK,Flat,Full,Family,Sector 3,Gandhinagar,,Basic,No,No,Yes,Yes,No,Yes,Yes,Yes,No,9000
2897,2BHK,Tenament,Full,Family,Vavol,Gandhinagar,,Basic,No,No,Yes,No,Yes,Yes,Yes,Yes,No,18000
2898,1BHK,Room,Sharing,Family,Sector 6,Gandhinagar,,Semi,No,No,No,Yes,No,Yes,No,Yes,Yes,14000
2899,1BHK,House,Full,Boys,Sector 13,Gandhinagar,,Semi,No,Yes,No,No,No,Yes,Yes,Yes,No,8000
2900,1BHK,Flat,Full,Boys,Kudasan,Gandhinagar,,Fully,No,Yes,Yes,No,No,Yes,No,Yes,Yes,16000
2901,1BHK,House,Full,Girls,Vavol,Gandhinagar,,Fully,Yes,No,No,No,Yes,Yes,No,Yes,No,9000
2902,3BHK,House,Full,Family,Infocity,Gandhinagar,,Fully,No,Yes,Yes,Yes,No,Yes,No,Yes,Yes,34000
2903,1BHK,Tenament,Sharing,Any,Sector 6,Gandhinagar,,Basic,No,Yes,Yes,Yes,No,Yes,Yes,Yes,No,14000
2904,1BHK,Tenament,Sharing,Any,Sector 6,Gandhinagar,,Basic,Yes,Yes,No,No,No,Yes,No,Yes,Yes,13000
2905,3BHK,House,Sharing,Any,Sector 5A,Gandhinagar,,Basic,Yes,No,Yes,Yes,No,Yes,No,Yes,Yes,26000
2906,1BHK,Flat,Sharing,Boys,Sector 5A,Gandhinagar,,Basic,No,No,Yes,Yes,Yes,Yes,No,Yes,No,11000
2907,2BHK,Room,Sharing,Any,Vavol,Gandhinagar,,Semi,Yes,No,No,Yes,Yes,Yes,No,Yes,Yes,13000
2908,1BHK,Room,Sharing,Girls,Sector 3,Gandhinagar,,Semi,No,Yes,Yes,Yes,Yes,Yes,Yes,Yes,Yes,10000
2909,2BHK,Room,Full,Girls,Sector 6,Gandhinagar,,Fully,No,No,Yes,Yes,No,Yes,No,Yes,Yes,19000
2910,3BHK,Flat,Sharing,Any,Infocity,Gandhinagar,,Basic,Yes,No,Yes,Yes,No,Yes,Yes,Yes,Yes,43000
2911,3BHK,House,Full,Family,Sargasan,Gandhinagar,,Semi,No,No,Yes,Yes,Yes,Yes,No,Yes,No,42000
2912,3BHK,Flat,Full,Any,Sector 5A,Gandhinagar,,Semi,Yes,No,Yes,No,No,Yes,No,Yes,Yes,21000
2913,3BHK,House,Full,Any,Sector 6,Gandhinagar,,Semi,No,Yes,No,No,Yes,Yes,No,Yes,Yes,23000
2914,2BHK,Tenament,Sharing,Girls,Sector 2,Gandhinagar,,Fully,No,Yes,No,Yes,No,Yes,Yes,Yes,No,21000
2915,2BHK,Room,Sharing,Girls,Sector 2,Gandhinagar,,Semi,Yes,Yes,No,No,Yes,Yes,No,Yes,Yes,17000
2916,2BHK,Tenament,Full,Family,Vavol,Gandhinagar,,Basic,Yes,No,No,Yes,Yes,Yes,No,Yes,Yes,17000
2917,2BHK,Room,Full,Girls,Sector 13,Gandhinagar,,Basic,No,No,Yes,No,Yes,Yes,Yes,Yes,No,12000
2918,2BHK,Room,Full,Any,Kudasan,Gandhinagar,,Fully,Yes,Yes,Yes,No,No,Yes,No,Yes,Yes,25000
2919,2BHK,Room,Sharing,Girls,Raysan,Gandhinagar,,Basic,No,No,Yes,Yes,No,Yes,Yes,Yes,Yes,20000
2920,2BHK,Tenament,Full,Boys,Sector 5A,Gandhinagar,,Fully,Yes,Yes,Yes,No,Yes,Yes,Yes,Yes,No,17000
2921,3BHK,Room,Full,Girls,Vavol,Gandhinagar,,Fully,No,Yes,Yes,No,No,Yes,No,Yes,Yes,23000
2922,2BHK,Room,Sharing,Any,Sector 6,Gandhinagar,,Basic,No,No,No,No,No,Yes,No,Yes,Yes,20000
2923,3BHK,Tenament,Sharing,Family,Sector 3,Gandhinagar,,Semi,Yes,No,No,Yes,No,Yes,No,Yes,No,17000
2924,2BHK,Flat,Sharing,Any,Sector 2,Gandhinagar,,Semi,Yes,No,Yes,No,Yes,Yes,No,Yes,No,17000
2925,2BHK,Room,Sharing,Any,Sector 2,Gandhinagar,,Semi,No,Yes,Yes,Yes,Yes,Yes,No,Yes,No,17000
2926,3BHK,House,Full,Family,Sector 3,Gandhinagar,,Fully,No,No,Yes,Yes,Yes,Yes,No,Yes,Yes,20000
2927,2BHK,House,Sharing,Family,Kudasan,Gandhinagar,,Semi,No,Yes,No,Yes,Yes,Yes,No,Yes,No,25000
2928,1BHK,Tenament,Full,Boys,Sector 5A,Gandhinagar,,Fully,No,Yes,Yes,Yes,Yes,Yes,No,Yes,No,9000
2929,2BHK,House,Sharing,Boys,Vavol,Gandhinagar,,Semi,No,No,Yes,Yes,No,Yes,Yes,Yes,No,16000
2930,1BHK,House,Full,Boys,Sargasan,Gandhinagar,,Fully,No,No,Yes,No,No,Yes,No,Yes,No,14000
2931,1BHK,Flat,Full,Any,Infocity,Gandhinagar,,Fully,No,No,Yes,Yes,No,Yes,Yes,Yes,No,21000
2932,3BHK,Room,Sharing,Family,Sector 13,Gandhinagar,,Semi,No,Yes,No,No,Yes,Yes,Yes,Yes,Yes,14000
2933,3BHK,Room,Sharing,Boys,Sector 3,Gandhinagar,,Basic,Yes,No,Yes,Yes,No,Yes,Yes,Yes,No,20000
2934,3BHK,Tenament,Sharing,Family,Sargasan,Gandhinagar,,Semi,No,Yes,Yes,Yes,Yes,Yes,No,Yes,Yes,36000
2935,2BHK,Room,Sharing,Boys,Sector 6,Gandhinagar,,Semi,No,Yes,Yes,No,Yes,Yes,No,Yes,Yes,15000
2936,3BHK,Room,Full,Family,Sector 3,Gandhinagar,,Semi,No,Yes,No,Yes,Yes,Yes,Yes,Yes,Yes,20000
2937,3BHK,Flat,Sharing,Family,Sector 2,Gandhinagar,,Fully,Yes,No,Yes,No,Yes,Yes,Yes,Yes,Yes,31000
2938,2BHK,Room,Sharing,Girls,Kudasan,Gandhinagar,,Semi,Yes,No,Yes,Yes,No,Yes,No,Yes,Yes,28000
2939,1BHK,House,Full,Girls,Sector 13,Gandhinagar,,Semi,Yes,Yes,No,Yes,Yes,Yes,No,Yes,Yes,9000
2940,3BHK,Room,Full,Girls,Kudasan,Gandhinagar,,Semi,No,No,Yes,Yes,No,Yes,Yes,Yes,No,34000
2941,3BHK,Room,Full,Family,Infocity,Gandhinagar,,Basic,No,Yes,No,Yes,No,Yes,Yes,Yes,Yes,44000
2942,3BHK,Room,Sharing,Any,Vavol,Gandhinagar,,Basic,Yes,No,Yes,Yes,Yes,Yes,No,Yes,No,19000
2943,2BHK,House,Full,Girls,Sector 3,Gandhinagar,,Basic,Yes,Yes,Yes,Yes,No,Yes,No,Yes,No,12000
2944,1BHK,Flat,Full,Boys,Sector 6,Gandhinagar,,Fully,Yes,Yes,Yes,Yes,Yes,Yes,Yes,Yes,No,11000
2945,1BHK,Tenament,Full,Family,Sargasan,Gandhinagar,,Fully,No,Yes,Yes,Yes,Yes,Yes,No,Yes,No,17000
2946,1BHK,Tenament,Sharing,Girls,Sargasan,Gandhinagar,,Fully,Yes,No,Yes,Yes,No,Yes,No,Yes,Yes,21000
2947,1BHK,Tenament,Sharing,Any,Sector 6,Gandhinagar,,Semi,Yes,No,No,No,No,Yes,Yes,Yes,Yes,13000
2948,2BHK,House,Full,Girls,Sector 13,Gandhinagar,,Semi,Yes,Yes,Yes,No,No,Yes,Yes,Yes,Yes,12000
2949,1BHK,House,Sharing,Family,Sector 5A,Gandhinagar,,Semi,Yes,Yes,Yes,Yes,Yes,Yes,Yes,Yes,No,12000
2950,2BHK,Tenament,Sharing,Girls,Kudasan,Gandhinagar,,Semi,Yes,Yes,Yes,Yes,No,Yes,No,Yes,Yes,28000
2951,2BHK,House,Sharing,Family,Sector 6,Gandhinagar,,Semi,No,Yes,No,No,Yes,Yes,No,Yes,No,19000
2952,3BHK,Tenament,Full,Family,Sector 3,Gandhinagar,,Fully,No,Yes,No,Yes,No,Yes,Yes,Yes,No,17000
2953,3BHK,Tenament,Full,Boys,Sector 3,Gandhinagar,,Basic,No,No,Yes,Yes,Yes,Yes,No,Yes,No,21000
2954,3BHK,House,Full,Family,Sargasan,Gandhinagar,,Basic,Yes,No,Yes,No,No,Yes,Yes,Yes,No,36000
2955,3BHK,House,Sharing,Girls,Sector 5A,Gandhinagar,,Fully,Yes,Yes,Yes,No,Yes,Yes,No,Yes,Yes,23000
2956,3BHK,Flat,Sharing,Boys,Sector 5A,Gandhinagar,,Fully,Yes,No,No,No,Yes,Yes,No,Yes,Yes,21000
2957,3BHK,Flat,Sharing,Family,Sector 6,Gandhinagar,,Fully,Yes,Yes,Yes,No,Yes,Yes,Yes,Yes,Yes,28000
2958,1BHK,House,Sharing,Family,Sector 2,Gandhinagar,,Basic,Yes,No,No,No,No,Yes,Yes,Yes,Yes,15000
2959,3BHK,House,Full,Any,Raysan,Gandhinagar,,Fully,No,Yes,Yes,No,Yes,Yes,Yes,Yes,Yes,35000
2960,1BHK,Tenament,Sharing,Girls,Kudasan,Gandhinagar,,Basic,No,No,No,No,No,Yes,No,Yes,No,14000
2961,1BHK,House,Sharing,Family,Infocity,Gandhinagar,,Basic,Yes,Yes,Yes,Yes,No,Yes,No,Yes,Yes,21000
2962,1BHK,Flat,Full,Boys,Raysan,Gandhinagar,,Semi,No,No,Yes,No,Yes,Yes,Yes,Yes,Yes,12000
2963,2BHK,House,Full,Family,Infocity,Gandhinagar,,Basic,No,Yes,Yes,No,Yes,Yes,No,Yes,Yes,24000
2964,1BHK,House,Full,Boys,Sector 3,Gandhinagar,,Basic,No,No,No,Yes,No,Yes,No,Yes,No,7000
2965,1BHK,Room,Sharing,Any,Sector 3,Gandhinagar,,Basic,No,Yes,No,No,Yes,Yes,Yes,Yes,No,7000
2966,1BHK,Room,Full,Family,Sector 13,Gandhinagar,,Basic,Yes,Yes,No,No,Yes,Yes,Yes,Yes,Yes,8000
2967,1BHK,Room,Full,Girls,Kudasan,Gandhinagar,,Fully,Yes,Yes,No,No,Yes,Yes,No,Yes,Yes,13000
2968,3BHK,Tenament,Sharing,Family,Sector 13,Gandhinagar,,Semi,Yes,No,No,Yes,Yes,Yes,Yes,Yes,No,17000
2969,3BHK,Flat,Sharing,Boys,Raysan,Gandhinagar,,Semi,Yes,No,No,No,No,Yes,No,Yes,Yes,34000
2970,1BHK,House,Sharing,Boys,Raysan,Gandhinagar,,Semi,No,Yes,Yes,No,No,Yes,Yes,Yes,No,18000
2971,1BHK,Flat,Sharing,Boys,Sector 13,Gandhinagar,,Semi,Yes,No,No,No,No,Yes,No,Yes,Yes,9000
2972,3BHK,Room,Full,Boys,Raysan,Gandhinagar,,Semi,No,No,No,Yes,Yes,Yes,Yes,Yes,Yes,30000
2973,3BHK,House,Full,Family,Sector 6,Gandhinagar,,Fully,Yes,Yes,Yes,No,Yes,Yes,Yes,Yes,Yes,25000
2974,2BHK,Room,Full,Girls,Kudasan,Gandhinagar,,Fully,Yes,Yes,Yes,Yes,No,Yes,Yes,Yes,Yes,24000
2975,2BHK,Tenament,Sharing,Boys,Sector 5A,Gandhinagar,,Fully,No,Yes,Yes,Yes,Yes,Yes,No,Yes,Yes,17000
2976,1BHK,House,Sharing,Girls,Sector 5A,Gandhinagar,,Basic,Yes,No,Yes,Yes,Yes,Yes,Yes,Yes,No,12000
2977,1BHK,Tenament,Sharing,Boys,Raysan,Gandhinagar,,Fully,No,No,Yes,No,No,Yes,No,Yes,Yes,17000
2978,2BHK,Flat,Sharing,Any,Sargasan,Gandhinagar,,Semi,No,Yes,No,No,Yes,Yes,No,Yes,No,27000
2979,3BHK,House,Sharing,Any,Sector 13,Gandhinagar,,Fully,No,Yes,Yes,No,No,Yes,No,Yes,No,17000
2980,1BHK,House,Sharing,Family,Raysan,Gandhinagar,,Semi,Yes,Yes,No,No,Yes,Yes,Yes,Yes,Yes,14000
2981,2BHK,House,Sharing,Boys,Vavol,Gandhinagar,,Semi,Yes,No,Yes,Yes,Yes,Yes,Yes,Yes,Yes,16000
2982,1BHK,Flat,Full,Any,Infocity,Gandhinagar,,Basic,No,Yes,No,No,Yes,Yes,No,Yes,No,18000
2983,2BHK,Flat,Sharing,Any,Sargasan,Gandhinagar,,Semi,Yes,Yes,No,Yes,Yes,Yes,Yes,Yes,No,29000
2984,3BHK,Room,Sharing,Family,Vavol,Gandhinagar,,Basic,No,Yes,Yes,Yes,No,Yes,No,Yes,No,20000
2985,1BHK,Flat,Sharing,Any,Sector 2,Gandhinagar,,Semi,No,Yes,No,Yes,Yes,Yes,Yes,Yes,Yes,13000
2986,3BHK,Room,Sharing,Boys,Sector 6,Gandhinagar,,Fully,No,Yes,Yes,No,Yes,Yes,No,Yes,No,29000
2987,3BHK,Tenament,Sharing,Boys,Sector 2,Gandhinagar,,Semi,Yes,Yes,No,Yes,Yes,Yes,No,Yes,Yes,32000
2988,3BHK,Flat,Full,Any,Sector 5A,Gandhinagar,,Fully,No,Yes,Yes,No,No,Yes,No,Yes,No,22000
2989,1BHK,House,Full,Girls,Sector 5A,Gandhinagar,,Semi,No,Yes,Yes,No,No,Yes,No,Yes,No,13000
2990,3BHK,House,Sharing,Boys,Sargasan,Gandhinagar,,Fully,No,Yes,Yes,No,Yes,Yes,No,Yes,Yes,38000
2991,3BHK,Flat,Sharing,Girls,Sector 2,Gandhinagar,,Semi,No,No,No,Yes,Yes,Yes,Yes,Yes,No,28000
2992,3BHK,Flat,Sharing,Boys,Sargasan,Gandhinagar,,Semi,No,Yes,No,Yes,No,Yes,Yes,Yes,No,33000
2993,3BHK,Flat,Sharing,Boys,Infocity,Gandhinagar,,Basic,No,No,No,Yes,No,Yes,Yes,Yes,Yes,37000
2994,2BHK,Room,Full,Girls,Sector 6,Gandhinagar,,Semi,Yes,Yes,Yes,Yes,Yes,Yes,No,Yes,Yes,20000
2995,3BHK,Room,Sharing,Girls,Sector 5A,Gandhinagar,,Basic,No,No,Yes,Yes,Yes,Yes,No,Yes,Yes,20000
2996,2BHK,Tenament,Sharing,Family,Infocity,Gandhinagar,,Basic,No,No,Yes,No,No,Yes,No,Yes,Yes,32000
2997,3BHK,Flat,Sharing,Girls,Infocity,Gandhinagar,,Semi,No,No,No,Yes,Yes,Yes,No,Yes,Yes,41000
2998,2BHK,Tenament,Full,Boys,Sargasan,Gandhinagar,,Basic,Yes,No,No,Yes,No,Yes,Yes,Yes,No,26000
2999,1BHK,Flat,Sharing,Any,Sargasan,Gandhinagar,,Semi,No,No,No,Yes,Yes,Yes,Yes,Yes,No,18000
3000,2BHK,Room,Sharing,Boys,Raysan,Gandhinagar,,Basic,Yes,No,Yes,Yes,Yes,Yes,No,Yes,No,20000
3001,1BHK,Tenament,Full,Any,Infocity,Gandhinagar,,Basic,No,No,Yes,No,No,Yes,Yes,Yes,Yes,19000
3002,1BHK,House,Full,Family,Sector 2,Gandhinagar,,Semi,No,No,Yes,Yes,No,Yes,Yes,Yes,Yes,15000
3003,1BHK,House,Sharing,Girls,Sector 5A,Gandhinagar,,Fully,No,No,Yes,Yes,No,Yes,Yes,Yes,Yes,11000
3004,3BHK,House,Full,Family,Sargasan,Gandhinagar,,Semi,No,Yes,Yes,No,Yes,Yes,Yes,Yes,Yes,37000
3005,1BHK,Room,Sharing,Girls,Raysan,Gandhinagar,,Basic,Yes,No,No,Yes,No,Yes,Yes,Yes,Yes,12000
3006,1BHK,Tenament,Full,Family,Vavol,Gandhinagar,,Basic,No,Yes,No,Yes,No,Yes,No,Yes,No,11000
3007,1BHK,Room,Full,Boys,Vavol,Gandhinagar,,Basic,Yes,Yes,Yes,No,Yes,Yes,No,Yes,No,8000
3008,3BHK,Tenament,Full,Boys,Sector 5A,Gandhinagar,,Basic,Yes,No,No,No,No,Yes,No,Yes,No,23000
3009,3BHK,House,Full,Any,Sector 3,Gandhinagar,,Basic,Yes,No,Yes,Yes,Yes,Yes,Yes,Yes,Yes,18000
3010,3BHK,House,Sharing,Any,Sector 2,Gandhinagar,,Basic,Yes,Yes,Yes,Yes,No,Yes,No,Yes,No,30000
3011,2BHK,Tenament,Sharing,Girls,Sargasan,Gandhinagar,,Basic,Yes,Yes,No,No,Yes,Yes,Yes,Yes,No,21000
3012,1BHK,Tenament,Full,Family,Sector 13,Gandhinagar,,Basic,No,No,Yes,Yes,No,Yes,Yes,Yes,Yes,9000
3013,1BHK,Room,Full,Family,Kudasan,Gandhinagar,,Semi,Yes,Yes,Yes,No,Yes,Yes,Yes,Yes,No,15000
3014,3BHK,Tenament,Full,Boys,Sector 6,Gandhinagar,,Basic,No,No,No,No,No,Yes,No,Yes,Yes,30000
3015,3BHK,Room,Sharing,Family,Sector 2,Gandhinagar,,Semi,No,No,No,Yes,No,Yes,Yes,Yes,No,33000
3016,3BHK,House,Full,Boys,Sector 5A,Gandhinagar,,Fully,Yes,No,No,No,Yes,Yes,No,Yes,Yes,24000
3017,2BHK,Room,Sharing,Any,Sector 5A,Gandhinagar,,Semi,No,Yes,No,No,Yes,Yes,Yes,Yes,Yes,20000
3018,3BHK,Tenament,Full,Boys,Kudasan,Gandhinagar,,Semi,No,No,No,No,No,Yes,Yes,Yes,No,29000
3019,3BHK,Room,Full,Family,Sector 13,Gandhinagar,,Basic,Yes,Yes,Yes,No,No,Yes,Yes,Yes,Yes,13000
3020,2BHK,House,Sharing,Boys,Infocity,Gandhinagar,,Fully,No,Yes,No,Yes,No,Yes,No,Yes,No,32000
3021,3BHK,Room,Full,Any,Infocity,Gandhinagar,,Fully,Yes,Yes,No,No,Yes,Yes,No,Yes,No,39000
3022,2BHK,Room,Sharing,Any,Sargasan,Gandhinagar,,Basic,Yes,Yes,No,No,No,Yes,No,Yes,Yes,25000
3023,3BHK,Flat,Sharing,Any,Infocity,Gandhinagar,,Basic,Yes,No,No,No,Yes,Yes,Yes,Yes,No,39000
3024,3BHK,Tenament,Full,Girls,Sargasan,Gandhinagar,,Basic,No,No,No,Yes,No,Yes,No,Yes,Yes,33000
3025,2BHK,Room,Full,Any,Kudasan,Gandhinagar,,Fully,Yes,No,No,No,No,Yes,No,Yes,Yes,27000
3026,1BHK,Room,Full,Boys,Infocity,Gandhinagar,,Fully,Yes,No,No,Yes,No,Yes,Yes,Yes,Yes,17000
3027,1BHK,House,Full,Any,Sargasan,Gandhinagar,,Basic,No,Yes,No,No,No,Yes,Yes,Yes,Yes,18000
3028,1BHK,House,Sharing,Family,Sector 13,Gandhinagar,,Semi,Yes,Yes,Yes,No,Yes,Yes,No,Yes,Yes,8000
3029,1BHK,Room,Full,Boys,Vavol,Gandhinagar,,Basic,Yes,Yes,No,Yes,No,Yes,No,Yes,Yes,11000
3030,1BHK,Flat,Sharing,Girls,Sector 6,Gandhinagar,,Fully,No,Yes,No,Yes,No,Yes,No,Yes,No,11000
3031,3BHK,House,Full,Boys,Infocity,Gandhinagar,,Basic,Yes,Yes,Yes,Yes,Yes,Yes,No,Yes,Yes,43000
3032,2BHK,House,Full,Boys,Sector 5A,Gandhinagar,,Basic,No,No,Yes,Yes,Yes,Yes,Yes,Yes,Yes,16000
3033,3BHK,Flat,Full,Any,Infocity,Gandhinagar,,Fully,No,Yes,No,Yes,Yes,Yes,No,Yes,No,36000
3034,2BHK,Room,Sharing,Family,Raysan,Gandhinagar,,Fully,No,No,No,No,No,Yes,Yes,Yes,Yes,20000
3035,2BHK,Tenament,Sharing,Boys,Kudasan,Gandhinagar,,Fully,Yes,Yes,No,No,Yes,Yes,No,Yes,Yes,22000
3036,2BHK,Flat,Full,Family,Sargasan,Gandhinagar,,Semi,Yes,Yes,No,No,No,Yes,Yes,Yes,No,29000
3037,3BHK,Room,Sharing,Girls,Sector 6,Gandhinagar,,Semi,No,No,Yes,Yes,No,Yes,No,Yes,Yes,23000
3038,2BHK,Flat,Sharing,Boys,Infocity,Gandhinagar,,Fully,No,No,No,No,Yes,Yes,Yes,Yes,No,32000
3039,2BHK,Tenament,Sharing,Any,Sargasan,Gandhinagar,,Semi,Yes,Yes,No,No,No,Yes,No,Yes,Yes,22000
3040,3BHK,Room,Sharing,Girls,Raysan,Gandhinagar,,Fully,No,Yes,No,Yes,Yes,Yes,No,Yes,Yes,35000
3041,2BHK,Room,Full,Any,Raysan,Gandhinagar,,Fully,Yes,No,No,No,Yes,Yes,No,Yes,Yes,20000
3042,2BHK,Room,Full,Girls,Sector 2,Gandhinagar,,Basic,Yes,No,Yes,No,No,Yes,Yes,Yes,No,21000
3043,1BHK,House,Sharing,Any,Infocity,Gandhinagar,,Semi,No,Yes,No,No,No,Yes,No,Yes,Yes,18000
3044,2BHK,Flat,Sharing,Family,Infocity,Gandhinagar,,Fully,No,No,No,No,No,Yes,Yes,Yes,Yes,32000
3045,2BHK,Flat,Sharing,Boys,Sector 3,Gandhinagar,,Fully,No,Yes,No,No,Yes,Yes,Yes,Yes,Yes,14000
3046,3BHK,Tenament,Full,Girls,Raysan,Gandhinagar,,Fully,No,No,No,No,Yes,Yes,Yes,Yes,Yes,27000
3047,3BHK,Tenament,Full,Family,Raysan,Gandhinagar,,Basic,Yes,Yes,Yes,Yes,Yes,Yes,Yes,Yes,No,32000
3048,1BHK,Tenament,Full,Family,Vavol,Gandhinagar,,Fully,Yes,No,Yes,No,No,Yes,Yes,Yes,No,9000
3049,2BHK,House,Sharing,Family,Raysan,Gandhinagar,,Semi,Yes,No,Yes,No,Yes,Yes,Yes,Yes,No,23000
3050,1BHK,Flat,Sharing,Girls,Sector 2,Gandhinagar,,Semi,No,Yes,No,Yes,No,Yes,No,Yes,Yes,15000
3051,2BHK,Tenament,Full,Boys,Sector 2,Gandhinagar,,Semi,Yes,Yes,Yes,Yes,Yes,Yes,Yes,Yes,No,18000
3052,1BHK,Room,Sharing,Any,Sector 3,Gandhinagar,,Semi,Yes,Yes,Yes,Yes,Yes,Yes,Yes,Yes,Yes,9000
3053,3BHK,Room,Sharing,Any,Infocity,Gandhinagar,,Fully,No,Yes,Yes,Yes,Yes,Yes,No,Yes,Yes,40000
3054,1BHK,Room,Sharing,Family,Kudasan,Gandhinagar,,Basic,Yes,Yes,No,No,No,Yes,No,Yes,Yes,17000
3055,2BHK,Room,Full,Family,Raysan,Gandhinagar,,Semi,No,No,No,No,Yes,Yes,No,Yes,No,26000
3056,3BHK,Room,Sharing,Family,Vavol,Gandhinagar,,Fully,Yes,No,No,No,No,Yes,Yes,Yes,Yes,19000
3057,1BHK,Room,Sharing,Boys,Sargasan,Gandhinagar,,Semi,Yes,Yes,Yes,No,No,Yes,No,Yes,Yes,19000
3058,1BHK,Room,Sharing,Boys,Infocity,Gandhinagar,,Basic,No,No,Yes,Yes,Yes,Yes,Yes,Yes,No,18000
3059,1BHK,Tenament,Sharing,Any,Raysan,Gandhinagar,,Basic,Yes,No,Yes,No,No,Yes,No,Yes,No,18000
3060,3BHK,Room,Full,Any,Sargasan,Gandhinagar,,Semi,No,Yes,Yes,No,Yes,Yes,No,Yes,Yes,35000
3061,1BHK,Room,Sharing,Boys,Sector 3,Gandhinagar,,Basic,Yes,No,Yes,Yes,Yes,Yes,Yes,Yes,Yes,9000
3062,3BHK,Flat,Sharing,Any,Infocity,Gandhinagar,,Fully,Yes,No,Yes,No,No,Yes,Yes,Yes,No,43000
3063,3BHK,Room,Sharing,Girls,Sector 5A,Gandhinagar,,Semi,Yes,No,No,Yes,No,Yes,No,Yes,No,23000
3064,2BHK,Flat,Full,Girls,Sector 2,Gandhinagar,,Semi,Yes,No,Yes,No,No,Yes,No,Yes,Yes,21000
3065,1BHK,Flat,Full,Boys,Sector 6,Gandhinagar,,Fully,No,Yes,No,Yes,Yes,Yes,No,Yes,No,12000
3066,1BHK,Room,Sharing,Boys,Infocity,Gandhinagar,,Semi,No,Yes,No,No,Yes,Yes,Yes,Yes,Yes,15000
3067,1BHK,House,Full,Family,Vavol,Gandhinagar,,Fully,Yes,No,No,No,No,Yes,No,Yes,Yes,9000
3068,3BHK,Tenament,Sharing,Girls,Infocity,Gandhinagar,,Basic,Yes,No,Yes,Yes,No,Yes,Yes,Yes,No,41000
3069,2BHK,House,Sharing,Family,Kudasan,Gandhinagar,,Basic,No,No,Yes,No,No,Yes,Yes,Yes,No,26000
3070,1BHK,Tenament,Full,Girls,Sector 5A,Gandhinagar,,Basic,No,Yes,Yes,Yes,No,Yes,Yes,Yes,No,13000
3071,3BHK,House,Full,Family,Sector 6,Gandhinagar,,Basic,Yes,No,No,No,Yes,Yes,No,Yes,Yes,27000
3072,3BHK,Tenament,Full,Girls,Sector 2,Gandhinagar,,Semi,Yes,Yes,No,No,Yes,Yes,No,Yes,Yes,25000
3073,2BHK,Tenament,Sharing,Any,Sector 13,Gandhinagar,,Basic,Yes,Yes,No,Yes,Yes,Yes,Yes,Yes,No,13000
3074,2BHK,Flat,Full,Boys,Kudasan,Gandhinagar,,Fully,No,Yes,Yes,No,No,Yes,Yes,Yes,Yes,23000
3075,2BHK,House,Full,Family,Sector 5A,Gandhinagar,,Basic,No,No,No,Yes,No,Yes,Yes,Yes,Yes,16000
3076,2BHK,House,Full,Boys,Sargasan,Gandhinagar,,Fully,Yes,Yes,No,No,No,Yes,Yes,Yes,Yes,28000
3077,3BHK,House,Full,Any,Sector 5A,Gandhinagar,,Fully,No,No,No,No,Yes,Yes,No,Yes,No,23000
3078,1BHK,Flat,Sharing,Any,Sector 5A,Gandhinagar,,Fully,Yes,No,No,No,Yes,Yes,Yes,Yes,No,12000
3079,2BHK,House,Full,Boys,Sector 3,Gandhinagar,,Semi,Yes,Yes,Yes,No,Yes,Yes,Yes,Yes,Yes,13000
3080,3BHK,Flat,Full,Boys,Sector 13,Gandhinagar,,Fully,Yes,Yes,Yes,Yes,Yes,Yes,No,Yes,No,16000
3081,3BHK,Room,Full,Boys,Sector 2,Gandhinagar,,Basic,Yes,Yes,No,No,Yes,Yes,No,Yes,No,29000
3082,1BHK,Room,Sharing,Any,Vavol,Gandhinagar,,Basic,No,No,Yes,Yes,Yes,Yes,Yes,Yes,Yes,11000
3083,2BHK,Flat,Full,Girls,Sector 3,Gandhinagar,,Basic,Yes,No,No,No,No,Yes,Yes,Yes,Yes,15000
3084,3BHK,Room,Sharing,Any,Sargasan,Gandhinagar,,Semi,No,Yes,Yes,Yes,Yes,Yes,No,Yes,No,31000
3085,3BHK,Room,Full,Any,Infocity,Gandhinagar,,Semi,No,No,No,Yes,Yes,Yes,Yes,Yes,Yes,35000
3086,1BHK,House,Sharing,Any,Sector 5A,Gandhinagar,,Semi,Yes,Yes,No,No,Yes,Yes,Yes,Yes,Yes,13000
3087,1BHK,Flat,Sharing,Girls,Infocity,Gandhinagar,,Semi,Yes,Yes,No,Yes,Yes,Yes,No,Yes,No,21000
3088,1BHK,Flat,Full,Family,Sector 6,Gandhinagar,,Fully,No,No,Yes,Yes,Yes,Yes,Yes,Yes,Yes,13000
3089,3BHK,House,Full,Any,Kudasan,Gandhinagar,,Semi,No,No,No,Yes,Yes,Yes,No,Yes,No,34000
3090,1BHK,Room,Sharing,Boys,Raysan,Gandhinagar,,Semi,Yes,Yes,No,Yes,Yes,Yes,No,Yes,Yes,14000
3091,2BHK,Room,Sharing,Boys,Sector 13,Gandhinagar,,Basic,No,Yes,No,No,Yes,Yes,Yes,Yes,Yes,13000
3092,3BHK,House,Sharing,Boys,Kudasan,Gandhinagar,,Semi,No,Yes,Yes,Yes,No,Yes,Yes,Yes,Yes,33000
3093,1BHK,Tenament,Sharing,Any,Raysan,Gandhinagar,,Basic,No,Yes,No,Yes,Yes,Yes,No,Yes,No,18000
3094,1BHK,Flat,Full,Boys,Sector 2,Gandhinagar,,Basic,Yes,Yes,Yes,Yes,No,Yes,No,Yes,No,16000
3095,2BHK,Room,Sharing,Girls,Vavol,Gandhinagar,,Fully,Yes,Yes,Yes,Yes,Yes,Yes,Yes,Yes,No,16000
3096,1BHK,Tenament,Full,Family,Sector 3,Gandhinagar,,Semi,No,No,Yes,No,Yes,Yes,No,Yes,No,9000
3097,1BHK,House,Sharing,Family,Sector 5A,Gandhinagar,,Basic,Yes,No,Yes,Yes,Yes,Yes,Yes,Yes,Yes,9000
3098,3BHK,House,Sharing,Girls,Sector 3,Gandhinagar,,Fully,Yes,No,No,Yes,No,Yes,Yes,Yes,No,17000
3099,3BHK,Tenament,Full,Boys,Sector 2,Gandhinagar,,Semi,No,No,Yes,Yes,No,Yes,No,Yes,Yes,30000
3100,2BHK,House,Sharing,Girls,Infocity,Gandhinagar,,Semi,Yes,Yes,Yes,Yes,Yes,Yes,No,Yes,No,28000
3101,3BHK,House,Sharing,Boys,Sector 13,Gandhinagar,,Basic,Yes,Yes,Yes,Yes,Yes,Yes,Yes,Yes,Yes,15000
3102,3BHK,Tenament,Sharing,Girls,Raysan,Gandhinagar,,Fully,Yes,Yes,No,Yes,Yes,Yes,Yes,Yes,Yes,29000
3103,2BHK,Flat,Sharing,Boys,Sargasan,Gandhinagar,,Semi,Yes,No,No,Yes,No,Yes,No,Yes,No,25000
3104,3BHK,Tenament,Full,Girls,Raysan,Gandhinagar,,Semi,No,Yes,No,Yes,No,Yes,Yes,Yes,No,35000
3105,3BHK,Tenament,Full,Family,Kudasan,Gandhinagar,,Basic,No,Yes,No,No,No,Yes,No,Yes,No,36000
3106,3BHK,Tenament,Sharing,Girls,Kudasan,Gandhinagar,,Semi,Yes,No,No,No,No,Yes,No,Yes,No,32000
3107,2BHK,Flat,Sharing,Boys,Sargasan,Gandhinagar,,Fully,Yes,Yes,No,No,No,Yes,Yes,Yes,No,25000
3108,1BHK,House,Full,Family,Sector 5A,Gandhinagar,,Semi,Yes,Yes,No,Yes,Yes,Yes,Yes,Yes,No,13000
3109,2BHK,Tenament,Full,Boys,Sector 3,Gandhinagar,,Basic,No,Yes,No,Yes,Yes,Yes,No,Yes,No,13000
3110,2BHK,Room,Sharing,Girls,Sector 6,Gandhinagar,,Fully,No,No,Yes,No,Yes,Yes,No,Yes,No,19000
3111,1BHK,Tenament,Full,Family,Sargasan,Gandhinagar,,Semi,Yes,Yes,No,No,No,Yes,Yes,Yes,No,15000
3112,1BHK,Flat,Full,Girls,Sector 6,Gandhinagar,,Basic,Yes,Yes,Yes,Yes,Yes,Yes,No,Yes,No,14000
3113,1BHK,Room,Sharing,Family,Raysan,Gandhinagar,,Semi,Yes,No,No,Yes,Yes,Yes,Yes,Yes,No,13000
3114,3BHK,House,Full,Any,Sector 5A,Gandhinagar,,Basic,Yes,No,Yes,No,Yes,Yes,No,Yes,No,27000
3115,3BHK,Flat,Sharing,Family,Vavol,Gandhinagar,,Fully,No,No,No,Yes,Yes,Yes,No,Yes,No,21000
3116,1BHK,Room,Full,Family,Infocity,Gandhinagar,,Basic,No,Yes,Yes,Yes,Yes,Yes,No,Yes,Yes,19000
3117,3BHK,House,Sharing,Family,Sector 5A,Gandhinagar,,Semi,No,Yes,No,No,No,Yes,Yes,Yes,Yes,23000
3118,3BHK,Tenament,Sharing,Any,Sector 2,Gandhinagar,,Fully,Yes,Yes,No,No,No,Yes,No,Yes,No,25000
3119,3BHK,Tenament,Full,Boys,Kudasan,Gandhinagar,,Basic,No,Yes,Yes,No,Yes,Yes,No,Yes,Yes,38000
3120,2BHK,Tenament,Full,Family,Sector 3,Gandhinagar,,Fully,No,No,No,Yes,No,Yes,Yes,Yes,No,15000
3121,1BHK,Flat,Full,Boys,Sector 13,Gandhinagar,,Basic,Yes,No,Yes,No,No,Yes,Yes,Yes,Yes,8000
3122,2BHK,Room,Sharing,Any,Sargasan,Gandhinagar,,Semi,Yes,No,Yes,Yes,No,Yes,Yes,Yes,No,25000
3123,2BHK,House,Sharing,Boys,Sector 3,Gandhinagar,,Basic,No,No,No,No,Yes,Yes,Yes,Yes,Yes,12000
3124,3BHK,House,Full,Family,Sector 3,Gandhinagar,,Fully,No,No,Yes,Yes,No,Yes,Yes,Yes,No,16000
3125,2BHK,House,Full,Girls,Sector 5A,Gandhinagar,,Fully,No,No,No,No,Yes,Yes,Yes,Yes,Yes,19000
3126,1BHK,Flat,Sharing,Family,Sector 5A,Gandhinagar,,Fully,Yes,No,No,Yes,Yes,Yes,Yes,Yes,Yes,11000
3127,2BHK,Flat,Sharing,Girls,Vavol,Gandhinagar,,Fully,No,Yes,Yes,Yes,Yes,Yes,Yes,Yes,Yes,13000
3128,3BHK,House,Sharing,Girls,Infocity,Gandhinagar,,Semi,No,Yes,Yes,No,Yes,Yes,No,Yes,Yes,41000
3129,1BHK,Room,Full,Any,Sargasan,Gandhinagar,,Basic,No,Yes,Yes,No,No,Yes,No,Yes,Yes,15000
3130,2BHK,House,Sharing,Family,Sector 5A,Gandhinagar,,Semi,Yes,No,No,No,No,Yes,Yes,Yes,No,14000
3131,2BHK,Flat,Full,Girls,Kudasan,Gandhinagar,,Semi,Yes,Yes,Yes,No,No,Yes,No,Yes,Yes,27000
3132,3BHK,Flat,Sharing,Girls,Sector 3,Gandhinagar,,Fully,Yes,Yes,Yes,Yes,Yes,Yes,No,Yes,No,20000
3133,3BHK,House,Full,Family,Sector 3,Gandhinagar,,Fully,Yes,Yes,Yes,Yes,No,Yes,No,Yes,Yes,19000
3134,2BHK,Flat,Sharing,Girls,Vavol,Gandhinagar,,Fully,No,Yes,No,No,Yes,Yes,No,Yes,No,16000
3135,2BHK,House,Full,Girls,Vavol,Gandhinagar,,Fully,Yes,Yes,Yes,Yes,No,Yes,No,Yes,Yes,15000
3136,2BHK,Flat,Sharing,Family,Sargasan,Gandhinagar,,Basic,Yes,Yes,No,Yes,Yes,Yes,Yes,Yes,Yes,21000
3137,1BHK,House,Sharing,Family,Sargasan,Gandhinagar,,Semi,Yes,No,Yes,Yes,Yes,Yes,Yes,Yes,Yes,16000
3138,2BHK,Room,Full,Girls,Sector 5A,Gandhinagar,,Basic,Yes,Yes,No,No,No,Yes,Yes,Yes,No,19000
3139,3BHK,House,Sharing,Any,Sector 6,Gandhinagar,,Fully,Yes,Yes,Yes,No,Yes,Yes,Yes,Yes,No,27000
3140,1BHK,House,Full,Boys,Vavol,Gandhinagar,,Basic,No,No,Yes,No,Yes,Yes,Yes,Yes,Yes,10000
3141,1BHK,House,Sharing,Girls,Infocity,Gandhinagar,,Fully,Yes,No,No,No,No,Yes,No,Yes,No,21000
3142,1BHK,Tenament,Full,Girls,Vavol,Gandhinagar,,Semi,No,No,No,Yes,No,Yes,Yes,Yes,No,8000
3143,1BHK,House,Sharing,Family,Sector 6,Gandhinagar,,Basic,No,Yes,Yes,Yes,Yes,Yes,Yes,Yes,No,14000
3144,1BHK,Flat,Sharing,Boys,Sector 3,Gandhinagar,,Semi,Yes,Yes,Yes,Yes,No,Yes,Yes,Yes,Yes,10000
3145,3BHK,House,Sharing,Boys,Raysan,Gandhinagar,,Semi,No,Yes,No,Yes,Yes,Yes,No,Yes,Yes,31000
3146,3BHK,Tenament,Sharing,Family,Sector 6,Gandhinagar,,Fully,Yes,No,No,No,Yes,Yes,No,Yes,No,27000
3147,2BHK,Room,Sharing,Family,Infocity,Gandhinagar,,Basic,No,Yes,Yes,Yes,No,Yes,Yes,Yes,No,23000
3148,2BHK,Flat,Full,Any,Kudasan,Gandhinagar,,Semi,No,Yes,Yes,Yes,Yes,Yes,No,Yes,Yes,23000
3149,3BHK,House,Full,Boys,Sector 3,Gandhinagar,,Fully,Yes,Yes,Yes,Yes,No,Yes,Yes,Yes,Yes,19000
3150,3BHK,Tenament,Full,Girls,Sector 6,Gandhinagar,,Basic,No,Yes,No,Yes,No,Yes,Yes,Yes,No,28000
3151,2BHK,Flat,Full,Any,Sargasan,Gandhinagar,,Basic,Yes,No,No,Yes,Yes,Yes,No,Yes,No,26000
3152,3BHK,Tenament,Sharing,Boys,Sargasan,Gandhinagar,,Semi,No,No,Yes,No,No,Yes,No,Yes,No,36000
3153,2BHK,Tenament,Full,Boys,Sector 2,Gandhinagar,,Semi,Yes,No,No,Yes,Yes,Yes,Yes,Yes,No,17000
3154,3BHK,Flat,Full,Family,Vavol,Gandhinagar,,Fully,Yes,No,No,No,No,Yes,No,Yes,No,21000
3155,3BHK,Room,Sharing,Boys,Infocity,Gandhinagar,,Semi,No,No,Yes,No,No,Yes,No,Yes,No,44000
3156,3BHK,Tenament,Full,Boys,Kudasan,Gandhinagar,,Basic,No,Yes,No,Yes,No,Yes,No,Yes,Yes,35000
3157,2BHK,Flat,Sharing,Family,Raysan,Gandhinagar,,Semi,No,No,No,No,No,Yes,Yes,Yes,No,18000
3158,1BHK,Flat,Sharing,Family,Kudasan,Gandhinagar,,Fully,Yes,No,Yes,Yes,Yes,Yes,No,Yes,No,17000
3159,3BHK,Tenament,Full,Girls,Sector 2,Gandhinagar,,Basic,Yes,Yes,Yes,No,No,Yes,Yes,Yes,No,25000
3160,1BHK,House,Full,Girls,Vavol,Gandhinagar,,Fully,No,No,Yes,Yes,No,Yes,Yes,Yes,No,9000
3161,1BHK,Room,Full,Boys,Sector 13,Gandhinagar,,Basic,Yes,No,Yes,Yes,Yes,Yes,No,Yes,Yes,7000
3162,3BHK,House,Full,Family,Sector 2,Gandhinagar,,Fully,Yes,Yes,Yes,No,No,Yes,No,Yes,No,29000
3163,1BHK,Room,Sharing,Any,Sector 3,Gandhinagar,,Basic,Yes,No,Yes,Yes,No,Yes,Yes,Yes,Yes,9000
3164,3BHK,House,Sharing,Girls,Vavol,Gandhinagar,,Fully,Yes,Yes,No,No,Yes,Yes,Yes,Yes,No,20000
3165,1BHK,Room,Full,Any,Infocity,Gandhinagar,,Semi,No,Yes,No,Yes,Yes,Yes,No,Yes,Yes,22000
3166,3BHK,Tenament,Full,Family,Raysan,Gandhinagar,,Basic,Yes,No,Yes,Yes,No,Yes,Yes,Yes,Yes,29000
3167,3BHK,Room,Sharing,Any,Vavol,Gandhinagar,,Basic,Yes,No,No,No,Yes,Yes,No,Yes,No,21000
3168,1BHK,Flat,Full,Boys,Sector 3,Gandhinagar,,Fully,No,No,No,Yes,No,Yes,No,Yes,Yes,8000
3169,3BHK,House,Sharing,Boys,Sector 6,Gandhinagar,,Fully,No,Yes,Yes,No,Yes,Yes,No,Yes,Yes,28000
3170,3BHK,Tenament,Sharing,Boys,Sector 6,Gandhinagar,,Fully,No,Yes,No,Yes,No,Yes,No,Yes,No,30000
3171,3BHK,Tenament,Full,Family,Kudasan,Gandhinagar,,Basic,No,No,Yes,No,Yes,Yes,No,Yes,No,34000
3172,3BHK,House,Sharing,Boys,Raysan,Gandhinagar,,Semi,No,Yes,No,No,Yes,Yes,No,Yes,No,27000
3173,2BHK,Flat,Sharing,Any,Sector 5A,Gandhinagar,,Semi,No,No,Yes,No,No,Yes,Yes,Yes,Yes,16000
3174,3BHK,Room,Full,Family,Sector 2,Gandhinagar,,Semi,Yes,Yes,Yes,Yes,No,Yes,No,Yes,No,27000
3175,2BHK,Flat,Sharing,Boys,Raysan,Gandhinagar,,Semi,Yes,No,No,No,No,Yes,No,Yes,No,19000
3176,2BHK,Flat,Sharing,Any,Sector 3,Gandhinagar,,Semi,No,No,No,Yes,Yes,Yes,No,Yes,No,15000
3177,2BHK,Tenament,Sharing,Boys,Kudasan,Gandhinagar,,Fully,Yes,Yes,Yes,Yes,Yes,Yes,No,Yes,No,24000
3178,3BHK,Room,Sharing,Family,Kudasan,Gandhinagar,,Semi,Yes,Yes,No,No,Yes,Yes,No,Yes,No,34000
3179,1BHK,Tenament,Full,Boys,Raysan,Gandhinagar,,Basic,Yes,Yes,No,Yes,Yes,Yes,No,Yes,Yes,13000
3180,1BHK,Room,Full,Any,Sector 2,Gandhinagar,,Basic,No,Yes,No,Yes,No,Yes,Yes,Yes,Yes,14000
3181,1BHK,Flat,Sharing,Family,Raysan,Gandhinagar,,Semi,Yes,No,No,Yes,Yes,Yes,Yes,Yes,Yes,14000
3182,3BHK,House,Full,Girls,Kudasan,Gandhinagar,,Semi,No,Yes,No,No,No,Yes,No,Yes,No,34000
3183,3BHK,House,Sharing,Boys,Sector 5A,Gandhinagar,,Semi,No,No,Yes,Yes,No,Yes,No,Yes,Yes,26000
3184,1BHK,House,Full,Family,Sargasan,Gandhinagar,,Fully,No,Yes,Yes,Yes,Yes,Yes,Yes,Yes,Yes,15000
3185,3BHK,Tenament,Full,Girls,Sector 13,Gandhinagar,,Fully,Yes,Yes,No,Yes,Yes,Yes,Yes,Yes,No,16000
3186,3BHK,Tenament,Full,Girls,Sargasan,Gandhinagar,,Basic,No,Yes,No,No,Yes,Yes,Yes,Yes,Yes,41000
3187,3BHK,Flat,Sharing,Any,Kudasan,Gandhinagar,,Basic,Yes,No,Yes,Yes,Yes,Yes,Yes,Yes,No,37000
3188,2BHK,Room,Sharing,Boys,Sector 2,Gandhinagar,,Fully,Yes,Yes,No,Yes,Yes,Yes,Yes,Yes,No,23000
3189,1BHK,Tenament,Sharing,Any,Sector 3,Gandhinagar,,Fully,No,No,No,Yes,No,Yes,Yes,Yes,No,8000
3190,3BHK,Room,Sharing,Girls,Infocity,Gandhinagar,,Fully,No,Yes,Yes,Yes,No,Yes,No,Yes,No,36000
3191,2BHK,Flat,Sharing,Girls,Kudasan,Gandhinagar,,Semi,Yes,Yes,No,Yes,Yes,Yes,No,Yes,Yes,27000
3192,2BHK,House,Full,Any,Sector 3,Gandhinagar,,Fully,No,No,Yes,No,Yes,Yes,Yes,Yes,No,12000
3193,3BHK,House,Sharing,Any,Sargasan,Gandhinagar,,Basic,Yes,No,No,Yes,Yes,Yes,Yes,Yes,No,32000
3194,2BHK,Tenament,Sharing,Any,Infocity,Gandhinagar,,Basic,No,Yes,Yes,No,Yes,Yes,Yes,Yes,Yes,30000
3195,1BHK,Room,Full,Girls,Sector 2,Gandhinagar,,Semi,Yes,Yes,Yes,Yes,No,Yes,No,Yes,Yes,15000
3196,3BHK,Room,Full,Boys,Sector 3,Gandhinagar,,Semi,Yes,No,Yes,Yes,Yes,Yes,Yes,Yes,Yes,21000
3197,1BHK,Tenament,Sharing,Family,Sector 5A,Gandhinagar,,Semi,Yes,No,No,No,No,Yes,Yes,Yes,No,10000
3198,3BHK,Room,Full,Any,Sector 5A,Gandhinagar,,Fully,No,No,No,Yes,No,Yes,Yes,Yes,Yes,23000
3199,2BHK,Room,Full,Any,Sargasan,Gandhinagar,,Fully,No,Yes,No,No,Yes,Yes,Yes,Yes,No,29000
3200,1BHK,Flat,Sharing,Family,Raysan,Gandhinagar,,Basic,No,No,Yes,Yes,Yes,Yes,Yes,Yes,Yes,12000
3201,2BHK,House,Sharing,Girls,Sector 6,Gandhinagar,,Basic,No,Yes,Yes,No,Yes,Yes,Yes,Yes,Yes,21000
3202,2BHK,Flat,Sharing,Family,Vavol,Gandhinagar,,Semi,Yes,No,Yes,No,Yes,Yes,Yes,Yes,No,17000
3203,2BHK,Room,Full,Any,Sargasan,Gandhinagar,,Semi,Yes,Yes,No,No,Yes,Yes,Yes,Yes,Yes,26000
3204,1BHK,House,Full,Boys,Sector 5A,Gandhinagar,,Fully,No,No,No,No,Yes,Yes,Yes,Yes,No,10000
3205,3BHK,Room,Full,Family,Sector 3,Gandhinagar,,Basic,Yes,Yes,Yes,No,Yes,Yes,Yes,Yes,No,19000
3206,1BHK,Tenament,Sharing,Any,Sector 2,Gandhinagar,,Basic,Yes,No,Yes,Yes,No,Yes,No,Yes,No,14000
3207,1BHK,Room,Sharing,Girls,Sector 13,Gandhinagar,,Fully,Yes,Yes,No,Yes,No,Yes,Yes,Yes,No,9000
3208,1BHK,Room,Sharing,Family,Sargasan,Gandhinagar,,Fully,No,No,Yes,No,No,Yes,Yes,Yes,Yes,19000
3209,1BHK,House,Full,Family,Sector 5A,Gandhinagar,,Basic,No,No,No,Yes,No,Yes,Yes,Yes,Yes,13000
3210,2BHK,Tenament,Sharing,Family,Infocity,Gandhinagar,,Semi,No,Yes,No,Yes,No,Yes,Yes,Yes,Yes,31000
3211,3BHK,Flat,Full,Any,Sargasan,Gandhinagar,,Semi,No,No,No,No,Yes,Yes,Yes,Yes,No,31000
3212,1BHK,Room,Full,Family,Raysan,Gandhinagar,,Fully,No,No,Yes,Yes,Yes,Yes,No,Yes,No,14000
3213,1BHK,Room,Sharing,Boys,Raysan,Gandhinagar,,Semi,Yes,Yes,No,No,Yes,Yes,Yes,Yes,No,14000
3214,3BHK,Tenament,Sharing,Family,Sector 5A,Gandhinagar,,Semi,No,No,Yes,No,No,Yes,No,Yes,No,23000
3215,2BHK,Flat,Full,Girls,Sargasan,Gandhinagar,,Semi,No,No,No,Yes,Yes,Yes,No,Yes,Yes,26000
3216,3BHK,Flat,Full,Family,Sector 3,Gandhinagar,,Basic,No,Yes,Yes,No,Yes,Yes,No,Yes,No,19000
3217,1BHK,Flat,Full,Girls,Sargasan,Gandhinagar,,Basic,Yes,Yes,No,No,No,Yes,No,Yes,Yes,18000
3218,1BHK,Flat,Full,Girls,Kudasan,Gandhinagar,,Basic,No,No,Yes,No,No,Yes,Yes,Yes,No,14000
3219,1BHK,House,Sharing,Family,Kudasan,Gandhinagar,,Fully,No,No,No,No,No,Yes,Yes,Yes,No,17000
3220,1BHK,Room,Sharing,Boys,Sector 13,Gandhinagar,,Fully,Yes,Yes,No,No,Yes,Yes,No,Yes,No,9000
3221,1BHK,Flat,Full,Family,Sector 5A,Gandhinagar,,Semi,No,Yes,No,No,Yes,Yes,Yes,Yes,Yes,11000
3222,2BHK,Tenament,Sharing,Any,Sector 6,Gandhinagar,,Semi,Yes,Yes,Yes,Yes,Yes,Yes,Yes,Yes,No,19000
3223,1BHK,House,Sharing,Boys,Sector 6,Gandhinagar,,Fully,Yes,No,Yes,No,No,Yes,Yes,Yes,No,14000
3224,3BHK,Flat,Full,Any,Sector 2,Gandhinagar,,Fully,Yes,Yes,Yes,Yes,Yes,Yes,No,Yes,Yes,33000
3225,1BHK,House,Full,Any,Sargasan,Gandhinagar,,Semi,Yes,No,Yes,No,Yes,Yes,Yes,Yes,Yes,15000
3226,3BHK,Room,Sharing,Family,Raysan,Gandhinagar,,Basic,No,No,Yes,Yes,No,Yes,No,Yes,No,30000
3227,1BHK,Room,Full,Any,Sector 3,Gandhinagar,,Fully,Yes,No,No,Yes,No,Yes,No,Yes,No,9000
3228,3BHK,Room,Sharing,Family,Infocity,Gandhinagar,,Basic,Yes,No,No,Yes,Yes,Yes,Yes,Yes,Yes,33000
3229,2BHK,Flat,Sharing,Any,Sector 2,Gandhinagar,,Basic,No,No,No,No,Yes,Yes,Yes,Yes,No,24000
3230,1BHK,Flat,Full,Girls,Raysan,Gandhinagar,,Semi,Yes,No,Yes,Yes,No,Yes,No,Yes,No,15000
3231,3BHK,Flat,Full,Boys,Vavol,Gandhinagar,,Fully,Yes,Yes,No,No,No,Yes,No,Yes,Yes,21000
3232,1BHK,Tenament,Full,Boys,Sector 2,Gandhinagar,,Fully,Yes,No,Yes,Yes,No,Yes,No,Yes,Yes,13000
3233,1BHK,House,Full,Any,Sector 6,Gandhinagar,,Fully,Yes,Yes,Yes,Yes,Yes,Yes,Yes,Yes,Yes,12000
3234,2BHK,Tenament,Sharing,Family,Sector 13,Gandhinagar,,Basic,Yes,Yes,No,Yes,No,Yes,Yes,Yes,No,11000
3235,3BHK,Room,Sharing,Family,Sector 3,Gandhinagar,,Fully,Yes,No,Yes,No,No,Yes,Yes,Yes,No,20000
3236,1BHK,Flat,Sharing,Any,Sector 13,Gandhinagar,,Fully,No,No,No,Yes,No,Yes,Yes,Yes,Yes,9000
3237,3BHK,Room,Sharing,Family,Sector 2,Gandhinagar,,Basic,Yes,No,Yes,Yes,Yes,Yes,Yes,Yes,No,26000
3238,3BHK,Tenament,Sharing,Family,Sector 13,Gandhinagar,,Fully,No,Yes,No,No,No,Yes,No,Yes,Yes,15000
3239,1BHK,Flat,Sharing,Boys,Vavol,Gandhinagar,,Fully,No,Yes,Yes,Yes,Yes,Yes,Yes,Yes,Yes,9000
3240,3BHK,House,Sharing,Boys,Sector 2,Gandhinagar,,Semi,No,No,Yes,No,Yes,Yes,No,Yes,Yes,33000
3241,2BHK,Flat,Sharing,Any,Kudasan,Gandhinagar,,Fully,Yes,No,No,No,Yes,Yes,Yes,Yes,No,27000
3242,2BHK,House,Sharing,Any,Sector 3,Gandhinagar,,Basic,No,No,No,No,Yes,Yes,No,Yes,Yes,13000
3243,2BHK,Tenament,Sharing,Girls,Infocity,Gandhinagar,,Basic,Yes,Yes,Yes,Yes,No,Yes,Yes,Yes,Yes,28000
3244,1BHK,Room,Full,Girls,Sargasan,Gandhinagar,,Basic,No,No,Yes,No,Yes,Yes,No,Yes,No,18000
3245,2BHK,Room,Full,Any,Sargasan,Gandhinagar,,Basic,No,Yes,No,No,No,Yes,Yes,Yes,No,23000
3246,2BHK,Flat,Full,Any,Sargasan,Gandhinagar,,Basic,Yes,Yes,Yes,No,Yes,Yes,No,Yes,No,28000
3247,3BHK,Flat,Full,Boys,Raysan,Gandhinagar,,Basic,Yes,No,No,Yes,No,Yes,Yes,Yes,Yes,35000
3248,1BHK,Tenament,Sharing,Family,Vavol,Gandhinagar,,Semi,Yes,No,No,Yes,Yes,Yes,No,Yes,Yes,8000
3249,1BHK,Tenament,Full,Girls,Kudasan,Gandhinagar,,Fully,Yes,Yes,Yes,Yes,No,Yes,Yes,Yes,Yes,15000
3250,3BHK,House,Full,Family,Sector 2,Gandhinagar,,Fully,Yes,Yes,Yes,Yes,No,Yes,No,Yes,Yes,33000
3251,3BHK,Tenament,Sharing,Girls,Sector 2,Gandhinagar,,Basic,No,Yes,Yes,No,Yes,Yes,No,Yes,No,31000
3252,1BHK,Flat,Sharing,Girls,Sector 3,Gandhinagar,,Basic,Yes,No,No,No,No,Yes,No,Yes,No,10000
3253,2BHK,House,Full,Any,Vavol,Gandhinagar,,Basic,Yes,No,Yes,Yes,Yes,Yes,Yes,Yes,Yes,13000
3254,1BHK,House,Sharing,Family,Sector 6,Gandhinagar,,Fully,No,No,Yes,No,Yes,Yes,No,Yes,No,11000
3255,2BHK,Room,Full,Family,Sargasan,Gandhinagar,,Fully,No,Yes,Yes,Yes,No,Yes,No,Yes,No,24000
3256,2BHK,Flat,Full,Family,Sector 13,Gandhinagar,,Basic,Yes,Yes,No,No,No,Yes,No,Yes,Yes,10000
3257,3BHK,Tenament,Sharing,Family,Vavol,Gandhinagar,,Semi,Yes,Yes,No,Yes,Yes,Yes,No,Yes,Yes,18000
3258,1BHK,House,Sharing,Boys,Sector 5A,Gandhinagar,,Fully,No,Yes,Yes,No,No,Yes,No,Yes,Yes,10000
3259,2BHK,Flat,Sharing,Family,Sector 5A,Gandhinagar,,Fully,No,Yes,Yes,No,No,Yes,No,Yes,No,16000
3260,2BHK,House,Sharing,Family,Infocity,Gandhinagar,,Fully,No,Yes,Yes,No,Yes,Yes,Yes,Yes,Yes,24000
3261,3BHK,Tenament,Full,Family,Vavol,Gandhinagar,,Fully,Yes,Yes,No,No,No,Yes,No,Yes,Yes,22000
3262,1BHK,Flat,Full,Family,Sector 2,Gandhinagar,,Semi,Yes,Yes,No,No,No,Yes,Yes,Yes,No,15000
3263,1BHK,Flat,Sharing,Boys,Sector 2,Gandhinagar,,Fully,Yes,No,No,No,No,Yes,Yes,Yes,Yes,15000
3264,2BHK,Room,Sharing,Family,Raysan,Gandhinagar,,Semi,No,No,Yes,No,No,Yes,No,Yes,No,24000
3265,2BHK,Tenament,Sharing,Any,Sector 13,Gandhinagar,,Fully,Yes,No,Yes,Yes,Yes,Yes,Yes,Yes,Yes,10000
3266,1BHK,House,Sharing,Family,Infocity,Gandhinagar,,Basic,No,Yes,No,No,No,Yes,No,Yes,No,18000
3267,3BHK,Flat,Sharing,Any,Vavol,Gandhinagar,,Basic,No,No,No,Yes,No,Yes,No,Yes,No,19000
3268,3BHK,Flat,Sharing,Family,Kudasan,Gandhinagar,,Basic,Yes,No,No,Yes,No,Yes,Yes,Yes,Yes,33000
3269,2BHK,Flat,Sharing,Girls,Raysan,Gandhinagar,,Basic,Yes,No,No,No,Yes,Yes,No,Yes,Yes,20000
3270,1BHK,Flat,Full,Girls,Infocity,Gandhinagar,,Fully,No,No,Yes,Yes,Yes,Yes,Yes,Yes,No,17000
3271,2BHK,Tenament,Full,Girls,Kudasan,Gandhinagar,,Fully,No,Yes,Yes,No,Yes,Yes,Yes,Yes,Yes,25000
3272,3BHK,House,Full,Girls,Kudasan,Gandhinagar,,Semi,Yes,Yes,No,No,No,Yes,Yes,Yes,No,34000
3273,2BHK,Room,Sharing,Boys,Raysan,Gandhinagar,,Semi,No,No,No,No,Yes,Yes,No,Yes,No,22000
3274,1BHK,House,Sharing,Girls,Infocity,Gandhinagar,,Semi,No,No,No,No,Yes,Yes,No,Yes,No,22000
3275,1BHK,Room,Sharing,Boys,Kudasan,Gandhinagar,,Semi,No,Yes,Yes,No,Yes,Yes,Yes,Yes,No,16000
3276,3BHK,House,Full,Any,Sector 6,Gandhinagar,,Fully,No,No,Yes,Yes,Yes,Yes,No,Yes,No,29000
3277,2BHK,House,Full,Girls,Sector 3,Gandhinagar,,Semi,Yes,Yes,Yes,Yes,Yes,Yes,Yes,Yes,Yes,12000
3278,1BHK,House,Full,Family,Kudasan,Gandhinagar,,Basic,Yes,Yes,Yes,No,Yes,Yes,No,Yes,No,18000
3279,1BHK,Tenament,Sharing,Any,Kudasan,Gandhinagar,,Fully,Yes,Yes,Yes,Yes,Yes,Yes,No,Yes,Yes,13000
3280,1BHK,House,Full,Family,Sector 6,Gandhinagar,,Fully,No,Yes,No,No,Yes,Yes,No,Yes,Yes,11000
3281,3BHK,Room,Sharing,Boys,Sargasan,Gandhinagar,,Semi,No,No,No,No,No,Yes,No,Yes,No,36000
3282,3BHK,Flat,Sharing,Girls,Vavol,Gandhinagar,,Semi,Yes,No,Yes,Yes,Yes,Yes,No,Yes,No,21000
3283,1BHK,Tenament,Full,Any,Kudasan,Gandhinagar,,Fully,Yes,No,Yes,Yes,No,Yes,No,Yes,Yes,17000
3284,3BHK,House,Sharing,Family,Sector 6,Gandhinagar,,Basic,Yes,No,Yes,No,Yes,Yes,Yes,Yes,No,30000
3285,3BHK,Flat,Full,Girls,Sargasan,Gandhinagar,,Semi,No,Yes,No,No,Yes,Yes,Yes,Yes,No,37000
3286,2BHK,Flat,Full,Any,Sector 6,Gandhinagar,,Semi,No,No,No,Yes,No,Yes,No,Yes,Yes,19000
3287,3BHK,Flat,Full,Any,Sector 6,Gandhinagar,,Basic,Yes,Yes,No,Yes,No,Yes,No,Yes,No,22000
3288,3BHK,Room,Sharing,Family,Sargasan,Gandhinagar,,Semi,No,Yes,Yes,Yes,Yes,Yes,Yes,Yes,No,37000
3289,1BHK,Flat,Full,Girls,Infocity,Gandhinagar,,Basic,Yes,No,Yes,Yes,No,Yes,Yes,Yes,No,19000
3290,3BHK,House,Full,Any,Sector 2,Gandhinagar,,Basic,Yes,Yes,Yes,Yes,Yes,Yes,Yes,Yes,No,27000
3291,1BHK,House,Sharing,Family,Infocity,Gandhinagar,,Fully,No,No,Yes,No,Yes,Yes,No,Yes,Yes,15000
3292,1BHK,Tenament,Full,Boys,Sector 2,Gandhinagar,,Fully,Yes,No,Yes,Yes,Yes,Yes,Yes,Yes,Yes,15000
3293,3BHK,Flat,Full,Girls,Sargasan,Gandhinagar,,Fully,No,No,Yes,Yes,No,Yes,Yes,Yes,No,35000
3294,1BHK,House,Full,Family,Sargasan,Gandhinagar,,Basic,No,Yes,Yes,No,No,Yes,Yes,Yes,No,14000
3295,1BHK,Flat,Full,Any,Raysan,Gandhinagar,,Fully,No,No,No,No,No,Yes,Yes,Yes,Yes,17000
3296,3BHK,Room,Sharing,Girls,Raysan,Gandhinagar,,Semi,No,Yes,Yes,No,Yes,Yes,No,Yes,No,32000
3297,2BHK,Room,Sharing,Girls,Sargasan,Gandhinagar,,Basic,No,Yes,No,Yes,Yes,Yes,No,Yes,Yes,27000
3298,1BHK,House,Sharing,Girls,Raysan,Gandhinagar,,Semi,No,No,Yes,Yes,No,Yes,No,Yes,No,15000
3299,2BHK,Room,Full,Boys,Raysan,Gandhinagar,,Fully,Yes,No,No,No,No,Yes,Yes,Yes,Yes,24000
3300,3BHK,Tenament,Full,Boys,Sector 5A,Gandhinagar,,Semi,No,Yes,No,Yes,Yes,Yes,No,Yes,No,24000
3301,1BHK,Flat,Sharing,Girls,Sector 6,Gandhinagar,,Fully,No,No,No,Yes,Yes,Yes,No,Yes,No,14000
3302,2BHK,House,Full,Any,Sector 13,Gandhinagar,,Semi,Yes,Yes,No,Yes,No,Yes,No,Yes,Yes,13000
3303,3BHK,Room,Full,Girls,Sector 3,Gandhinagar,,Fully,No,No,No,Yes,Yes,Yes,Yes,Yes,Yes,15000
3304,3BHK,Flat,Sharing,Any,Vavol,Gandhinagar,,Basic,Yes,No,No,No,Yes,Yes,No,Yes,No,22000
3305,3BHK,Flat,Sharing,Girls,Sector 2,Gandhinagar,,Basic,Yes,No,No,No,No,Yes,Yes,Yes,Yes,28000
3306,2BHK,Tenament,Sharing,Any,Sector 13,Gandhinagar,,Basic,Yes,Yes,Yes,No,No,Yes,Yes,Yes,Yes,12000
3307,1BHK,Room,Sharing,Family,Raysan,Gandhinagar,,Fully,No,Yes,No,Yes,Yes,Yes,No,Yes,No,18000
3308,3BHK,House,Sharing,Girls,Sargasan,Gandhinagar,,Basic,Yes,No,Yes,Yes,No,Yes,No,Yes,Yes,33000
3309,2BHK,Tenament,Full,Girls,Raysan,Gandhinagar,,Semi,No,Yes,No,No,No,Yes,Yes,Yes,No,18000
3310,2BHK,Room,Full,Family,Sector 6,Gandhinagar,,Fully,Yes,Yes,Yes,No,Yes,Yes,Yes,Yes,No,16000
3311,3BHK,House,Sharing,Family,Sargasan,Gandhinagar,,Basic,Yes,Yes,No,Yes,No,Yes,No,Yes,Yes,35000
3312,3BHK,House,Sharing,Family,Sector 6,Gandhinagar,,Semi,No,No,No,Yes,Yes,Yes,No,Yes,Yes,26000
3313,3BHK,House,Full,Boys,Sector 2,Gandhinagar,,Fully,No,No,No,Yes,Yes,Yes,No,Yes,Yes,29000
3314,2BHK,Tenament,Full,Girls,Infocity,Gandhinagar,,Basic,No,No,No,Yes,Yes,Yes,No,Yes,No,23000
3315,3BHK,Tenament,Full,Any,Raysan,Gandhinagar,,Basic,Yes,Yes,No,No,Yes,Yes,Yes,Yes,Yes,33000
3316,1BHK,Room,Sharing,Girls,Sector 6,Gandhinagar,,Semi,No,Yes,Yes,Yes,No,Yes,No,Yes,Yes,15000
3317,2BHK,House,Sharing,Family,Sargasan,Gandhinagar,,Semi,Yes,Yes,No,Yes,No,Yes,Yes,Yes,Yes,26000
3318,3BHK,Flat,Full,Girls,Raysan,Gandhinagar,,Fully,No,No,Yes,Yes,No,Yes,Yes,Yes,No,30000
3319,1BHK,Room,Full,Any,Sector 6,Gandhinagar,,Basic,Yes,Yes,Yes,Yes,No,Yes,Yes,Yes,Yes,13000
3320,1BHK,House,Full,Girls,Sargasan,Gandhinagar,,Fully,No,No,Yes,Yes,No,Yes,Yes,Yes,Yes,14000
3321,1BHK,Room,Sharing,Girls,Sector 6,Gandhinagar,,Semi,Yes,No,Yes,No,Yes,Yes,Yes,Yes,No,13000
3322,1BHK,Tenament,Sharing,Family,Sargasan,Gandhinagar,,Basic,No,No,No,No,Yes,Yes,Yes,Yes,No,21000
3323,2BHK,Flat,Sharing,Girls,Kudasan,Gandhinagar,,Basic,No,Yes,No,Yes,Yes,Yes,No,Yes,No,24000
3324,3BHK,Tenament,Sharing,Girls,Sector 6,Gandhinagar,,Fully,No,Yes,Yes,No,No,Yes,Yes,Yes,No,24000
3325,3BHK,Room,Full,Boys,Vavol,Gandhinagar,,Fully,Yes,No,No,Yes,Yes,Yes,Yes,Yes,Yes,22000
3326,1BHK,Tenament,Full,Any,Sector 13,Gandhinagar,,Semi,No,No,Yes,Yes,Yes,Yes,Yes,Yes,No,8000
3327,2BHK,House,Sharing,Family,Kudasan,Gandhinagar,,Basic,Yes,No,Yes,No,No,Yes,Yes,Yes,No,20000
3328,3BHK,Flat,Sharing,Any,Infocity,Gandhinagar,,Semi,Yes,No,Yes,No,Yes,Yes,No,Yes,No,45000
3329,1BHK,Tenament,Sharing,Family,Raysan,Gandhinagar,,Semi,Yes,No,No,Yes,No,Yes,No,Yes,Yes,12000
3330,1BHK,Tenament,Sharing,Family,Sector 5A,Gandhinagar,,Basic,Yes,Yes,No,No,No,Yes,Yes,Yes,Yes,12000
3331,1BHK,Tenament,Sharing,Family,Raysan,Gandhinagar,,Basic,No,Yes,No,No,No,Yes,Yes,Yes,Yes,13000
3332,1BHK,Room,Sharing,Any,Sector 3,Gandhinagar,,Fully,No,Yes,No,No,Yes,Yes,Yes,Yes,No,9000
3333,1BHK,Room,Full,Any,Sector 3,Gandhinagar,,Semi,Yes,No,Yes,No,Yes,Yes,Yes,Yes,Yes,9000
3334,3BHK,Room,Sharing,Family,Sector 6,Gandhinagar,,Fully,No,Yes,No,No,Yes,Yes,No,Yes,Yes,30000
3335,3BHK,Flat,Full,Family,Sector 6,Gandhinagar,,Basic,Yes,Yes,Yes,Yes,Yes,Yes,Yes,Yes,Yes,26000
3336,2BHK,House,Full,Boys,Infocity,Gandhinagar,,Semi,No,No,No,No,Yes,Yes,No,Yes,Yes,28000
3337,3BHK,Tenament,Full,Family,Kudasan,Gandhinagar,,Basic,Yes,No,No,No,Yes,Yes,Yes,Yes,No,32000
3338,2BHK,Tenament,Sharing,Any,Kudasan,Gandhinagar,,Basic,Yes,Yes,Yes,No,Yes,Yes,Yes,Yes,Yes,24000
3339,3BHK,House,Full,Girls,Sector 13,Gandhinagar,,Semi,No,Yes,Yes,No,No,Yes,Yes,Yes,Yes,15000
3340,3BHK,Flat,Full,Any,Sector 6,Gandhinagar,,Basic,No,No,Yes,Yes,Yes,Yes,No,Yes,Yes,25000
3341,3BHK,Room,Sharing,Any,Sector 3,Gandhinagar,,Semi,No,Yes,Yes,No,Yes,Yes,Yes,Yes,No,20000
3342,3BHK,House,Sharing,Boys,Sector 13,Gandhinagar,,Basic,No,No,No,No,Yes,Yes,Yes,Yes,No,16000
3343,2BHK,Flat,Full,Any,Sector 13,Gandhinagar,,Fully,Yes,Yes,Yes,No,Yes,Yes,Yes,Yes,No,12000
3344,2BHK,Room,Full,Boys,Sector 5A,Gandhinagar,,Semi,Yes,Yes,Yes,No,Yes,Yes,No,Yes,Yes,15000
3345,1BHK,Tenament,Full,Girls,Sector 3,Gandhinagar,,Basic,No,No,No,Yes,Yes,Yes,Yes,Yes,Yes,7000
3346,1BHK,House,Sharing,Family,Sargasan,Gandhinagar,,Basic,Yes,Yes,No,No,Yes,Yes,No,Yes,Yes,16000
3347,1BHK,Room,Sharing,Any,Sargasan,Gandhinagar,,Basic,Yes,Yes,No,No,Yes,Yes,No,Yes,No,20000
3348,1BHK,House,Full,Girls,Sector 13,Gandhinagar,,Fully,Yes,No,Yes,Yes,No,Yes,Yes,Yes,Yes,7000
3349,2BHK,Flat,Sharing,Girls,Sector 3,Gandhinagar,,Fully,Yes,Yes,No,No,Yes,Yes,No,Yes,No,14000
3350,2BHK,Flat,Sharing,Any,Infocity,Gandhinagar,,Basic,No,Yes,No,No,No,Yes,No,Yes,No,23000
3351,1BHK,House,Full,Girls,Sector 6,Gandhinagar,,Semi,No,No,Yes,Yes,Yes,Yes,Yes,Yes,No,13000
3352,2BHK,Tenament,Full,Any,Sector 3,Gandhinagar,,Semi,Yes,No,Yes,Yes,Yes,Yes,Yes,Yes,No,11000
3353,1BHK,Flat,Sharing,Any,Sargasan,Gandhinagar,,Fully,Yes,Yes,No,No,No,Yes,No,Yes,No,16000
3354,2BHK,Room,Sharing,Boys,Kudasan,Gandhinagar,,Fully,No,No,No,Yes,Yes,Yes,No,Yes,No,23000
3355,3BHK,House,Sharing,Any,Infocity,Gandhinagar,,Fully,Yes,No,No,Yes,Yes,Yes,No,Yes,No,36000
3356,3BHK,Flat,Full,Boys,Sector 5A,Gandhinagar,,Basic,Yes,No,No,No,No,Yes,Yes,Yes,No,23000
3357,2BHK,Flat,Full,Any,Sargasan,Gandhinagar,,Fully,No,No,No,Yes,Yes,Yes,Yes,Yes,Yes,24000
3358,3BHK,Flat,Full,Girls,Raysan,Gandhinagar,,Fully,Yes,Yes,No,No,Yes,Yes,Yes,Yes,Yes,33000
3359,1BHK,Tenament,Full,Boys,Infocity,Gandhinagar,,Fully,Yes,No,No,Yes,No,Yes,No,Yes,No,17000
3360,2BHK,Flat,Full,Family,Kudasan,Gandhinagar,,Semi,No,No,No,No,No,Yes,No,Yes,No,23000
3361,1BHK,Room,Full,Any,Sector 2,Gandhinagar,,Basic,No,No,No,Yes,No,Yes,Yes,Yes,Yes,15000
3362,1BHK,House,Sharing,Girls,Vavol,Gandhinagar,,Basic,Yes,Yes,No,No,No,Yes,Yes,Yes,Yes,8000
3363,1BHK,Tenament,Sharing,Family,Sector 5A,Gandhinagar,,Fully,No,Yes,Yes,Yes,Yes,Yes,No,Yes,Yes,11000
3364,1BHK,Flat,Sharing,Any,Vavol,Gandhinagar,,Semi,No,No,No,Yes,No,Yes,Yes,Yes,No,8000
3365,2BHK,Room,Full,Any,Sector 3,Gandhinagar,,Basic,No,No,Yes,Yes,Yes,Yes,No,Yes,No,12000
3366,1BHK,Flat,Sharing,Boys,Sector 3,Gandhinagar,,Basic,Yes,No,No,Yes,Yes,Yes,Yes,Yes,No,9000
3367,3BHK,Flat,Sharing,Boys,Infocity,Gandhinagar,,Semi,No,Yes,Yes,No,Yes,Yes,Yes,Yes,Yes,35000
3368,2BHK,Tenament,Sharing,Any,Vavol,Gandhinagar,,Basic,No,Yes,No,No,No,Yes,No,Yes,Yes,13000
3369,1BHK,Tenament,Sharing,Any,Sector 6,Gandhinagar,,Basic,No,No,Yes,Yes,No,Yes,Yes,Yes,No,14000
3370,2BHK,House,Full,Family,Infocity,Gandhinagar,,Semi,Yes,Yes,Yes,Yes,No,Yes,Yes,Yes,Yes,24000
3371,2BHK,House,Full,Any,Sector 3,Gandhinagar,,Semi,No,No,Yes,No,Yes,Yes,Yes,Yes,No,11000
3372,2BHK,House,Sharing,Girls,Kudasan,Gandhinagar,,Semi,No,Yes,Yes,Yes,Yes,Yes,Yes,Yes,No,20000
3373,3BHK,Room,Sharing,Boys,Sector 2,Gandhinagar,,Fully,Yes,No,No,No,No,Yes,No,Yes,No,29000
3374,1BHK,Room,Full,Girls,Sector 13,Gandhinagar,,Fully,No,Yes,No,Yes,Yes,Yes,No,Yes,Yes,7000
3375,3BHK,Tenament,Full,Boys,Infocity,Gandhinagar,,Semi,Yes,Yes,No,No,No,Yes,No,Yes,Yes,44000
3376,2BHK,House,Sharing,Girls,Sector 2,Gandhinagar,,Fully,Yes,No,No,No,Yes,Yes,No,Yes,Yes,20000
3377,3BHK,Tenament,Sharing,Girls,Sector 3,Gandhinagar,,Basic,No,No,No,No,No,Yes,Yes,Yes,No,20000
3378,3BHK,Room,Sharing,Boys,Sargasan,Gandhinagar,,Semi,No,Yes,No,No,Yes,Yes,Yes,Yes,Yes,34000
3379,1BHK,Room,Sharing,Any,Raysan,Gandhinagar,,Basic,No,Yes,Yes,Yes,Yes,Yes,No,Yes,No,14000
3380,1BHK,Room,Sharing,Any,Infocity,Gandhinagar,,Fully,No,Yes,No,Yes,No,Yes,Yes,Yes,No,20000
3381,3BHK,Flat,Full,Boys,Infocity,Gandhinagar,,Semi,No,Yes,Yes,Yes,No,Yes,Yes,Yes,No,41000
3382,1BHK,Room,Full,Boys,Sector 5A,Gandhinagar,,Basic,Yes,Yes,Yes,No,Yes,Yes,Yes,Yes,No,10000
3383,2BHK,Room,Full,Any,Sector 3,Gandhinagar,,Fully,Yes,Yes,No,Yes,Yes,Yes,Yes,Yes,Yes,14000
3384,1BHK,Room,Sharing,Any,Kudasan,Gandhinagar,,Fully,Yes,Yes,No,Yes,No,Yes,Yes,Yes,Yes,14000
3385,2BHK,Tenament,Sharing,Family,Sargasan,Gandhinagar,,Basic,Yes,No,Yes,No,No,Yes,No,Yes,No,22000
3386,1BHK,Tenament,Full,Any,Vavol,Gandhinagar,,Semi,No,No,No,Yes,No,Yes,Yes,Yes,No,12000
3387,3BHK,Room,Sharing,Boys,Vavol,Gandhinagar,,Basic,No,No,No,No,No,Yes,Yes,Yes,No,21000
3388,2BHK,Room,Sharing,Family,Sargasan,Gandhinagar,,Fully,No,Yes,No,Yes,No,Yes,No,Yes,Yes,30000
3389,3BHK,Tenament,Full,Any,Vavol,Gandhinagar,,Basic,Yes,Yes,No,Yes,No,Yes,Yes,Yes,No,20000
3390,3BHK,House,Full,Boys,Infocity,Gandhinagar,,Basic,Yes,No,Yes,No,Yes,Yes,No,Yes,No,39000
3391,2BHK,Flat,Full,Any,Sargasan,Gandhinagar,,Fully,No,No,No,Yes,No,Yes,No,Yes,Yes,26000
3392,1BHK,House,Full,Family,Sector 5A,Gandhinagar,,Fully,Yes,Yes,Yes,No,No,Yes,No,Yes,No,11000
3393,1BHK,Room,Full,Girls,Sector 2,Gandhinagar,,Basic,Yes,No,Yes,No,Yes,Yes,Yes,Yes,Yes,16000
3394,3BHK,Room,Full,Any,Infocity,Gandhinagar,,Fully,No,Yes,Yes,Yes,No,Yes,Yes,Yes,Yes,37000
3395,2BHK,House,Sharing,Family,Raysan,Gandhinagar,,Semi,No,No,No,No,Yes,Yes,Yes,Yes,Yes,26000
3396,2BHK,House,Full,Girls,Kudasan,Gandhinagar,,Semi,Yes,Yes,Yes,Yes,Yes,Yes,No,Yes,No,26000
3397,3BHK,Room,Sharing,Girls,Sector 3,Gandhinagar,,Fully,No,No,No,No,No,Yes,Yes,Yes,No,18000
3398,3BHK,Room,Sharing,Girls,Sector 2,Gandhinagar,,Semi,Yes,Yes,Yes,Yes,Yes,Yes,No,Yes,No,32000
3399,2BHK,House,Sharing,Any,Sector 2,Gandhinagar,,Semi,No,Yes,No,Yes,No,Yes,Yes,Yes,Yes,19000
3400,1BHK,House,Full,Girls,Sargasan,Gandhinagar,,Semi,Yes,No,Yes,Yes,Yes,Yes,No,Yes,No,19000
3401,2BHK,Flat,Full,Girls,Raysan,Gandhinagar,,Basic,Yes,No,No,Yes,No,Yes,No,Yes,No,21000
3402,3BHK,Room,Full,Family,Vavol,Gandhinagar,,Fully,Yes,Yes,Yes,Yes,Yes,Yes,No,Yes,Yes,21000
3403,2BHK,House,Sharing,Boys,Kudasan,Gandhinagar,,Basic,Yes,Yes,No,No,No,Yes,No,Yes,Yes,25000
3404,1BHK,Room,Full,Family,Sector 6,Gandhinagar,,Semi,No,No,No,Yes,Yes,Yes,No,Yes,No,12000
3405,3BHK,Flat,Sharing,Family,Vavol,Gandhinagar,,Semi,No,Yes,No,Yes,Yes,Yes,No,Yes,No,23000
3406,3BHK,Tenament,Sharing,Boys,Vavol,Gandhinagar,,Fully,Yes,Yes,No,Yes,Yes,Yes,No,Yes,Yes,19000
3407,3BHK,Room,Sharing,Any,Sector 3,Gandhinagar,,Fully,Yes,Yes,Yes,Yes,Yes,Yes,Yes,Yes,Yes,19000
3408,3BHK,Room,Sharing,Girls,Sector 13,Gandhinagar,,Fully,Yes,No,No,Yes,Yes,Yes,Yes,Yes,No,16000
3409,2BHK,Room,Full,Family,Sargasan,Gandhinagar,,Basic,No,No,No,Yes,Yes,Yes,No,Yes,Yes,21000
3410,1BHK,Room,Sharing,Boys,Sector 6,Gandhinagar,,Semi,Yes,No,No,No,No,Yes,Yes,Yes,Yes,14000
3411,3BHK,Flat,Full,Any,Infocity,Gandhinagar,,Basic,Yes,No,No,No,No,Yes,Yes,Yes,Yes,42000
3412,2BHK,Flat,Full,Family,Infocity,Gandhinagar,,Fully,No,No,Yes,Yes,No,Yes,No,Yes,No,26000
3413,1BHK,Room,Sharing,Any,Vavol,Gandhinagar,,Fully,No,Yes,No,No,Yes,Yes,Yes,Yes,No,12000
3414,1BHK,Room,Full,Girls,Raysan,Gandhinagar,,Semi,Yes,Yes,No,Yes,No,Yes,Yes,Yes,No,12000
3415,1BHK,Tenament,Sharing,Family,Sector 5A,Gandhinagar,,Basic,No,Yes,No,No,No,Yes,No,Yes,No,13000
3416,1BHK,Room,Full,Family,Sector 13,Gandhinagar,,Semi,Yes,Yes,No,Yes,Yes,Yes,Yes,Yes,Yes,6000
3417,1BHK,Tenament,Full,Any,Sector 13,Gandhinagar,,Basic,No,Yes,Yes,Yes,Yes,Yes,No,Yes,No,7000
3418,1BHK,Flat,Full,Girls,Sargasan,Gandhinagar,,Basic,No,Yes,No,Yes,Yes,Yes,Yes,Yes,Yes,17000
3419,3BHK,Room,Full,Boys,Kudasan,Gandhinagar,,Fully,No,Yes,Yes,No,Yes,Yes,No,Yes,Yes,39000
3420,2BHK,Flat,Sharing,Boys,Sargasan,Gandhinagar,,Semi,No,Yes,No,Yes,No,Yes,No,Yes,Yes,26000
3421,2BHK,Room,Sharing,Boys,Kudasan,Gandhinagar,,Basic,No,Yes,Yes,Yes,No,Yes,Yes,Yes,No,23000
3422,3BHK,Flat,Full,Family,Infocity,Gandhinagar,,Basic,Yes,Yes,Yes,Yes,No,Yes,Yes,Yes,No,41000
3423,2BHK,Tenament,Sharing,Any,Sector 13,Gandhinagar,,Fully,Yes,Yes,Yes,Yes,No,Yes,Yes,Yes,Yes,10000
3424,2BHK,Room,Full,Any,Sector 13,Gandhinagar,,Fully,Yes,No,Yes,Yes,No,Yes,Yes,Yes,No,12000
3425,3BHK,House,Sharing,Girls,Sargasan,Gandhinagar,,Fully,Yes,No,Yes,No,No,Yes,Yes,Yes,No,31000
3426,3BHK,Tenament,Full,Girls,Infocity,Gandhinagar,,Fully,No,No,Yes,Yes,Yes,Yes,Yes,Yes,Yes,42000
3427,3BHK,Tenament,Full,Boys,Sector 2,Gandhinagar,,Semi,Yes,No,Yes,Yes,Yes,Yes,Yes,Yes,Yes,25000
3428,2BHK,House,Sharing,Any,Sector 3,Gandhinagar,,Semi,No,No,Yes,No,Yes,Yes,Yes,Yes,No,14000
3429,1BHK,Flat,Sharing,Girls,Sector 3,Gandhinagar,,Fully,Yes,Yes,Yes,Yes,No,Yes,No,Yes,No,10000
3430,3BHK,Tenament,Full,Boys,Raysan,Gandhinagar,,Fully,No,No,No,Yes,Yes,Yes,Yes,Yes,Yes,26000
3431,1BHK,House,Full,Any,Sector 5A,Gandhinagar,,Semi,Yes,Yes,No,No,Yes,Yes,Yes,Yes,Yes,10000
3432,2BHK,Room,Full,Girls,Sargasan,Gandhinagar,,Semi,No,No,Yes,No,No,Yes,No,Yes,Yes,25000
3433,1BHK,Room,Sharing,Boys,Infocity,Gandhinagar,,Basic,No,No,No,Yes,No,Yes,No,Yes,No,19000
3434,1BHK,Tenament,Sharing,Any,Sector 5A,Gandhinagar,,Basic,Yes,Yes,No,Yes,Yes,Yes,No,Yes,No,11000
3435,3BHK,Room,Full,Any,Sector 2,Gandhinagar,,Fully,No,No,No,No,Yes,Yes,No,Yes,No,26000
3436,1BHK,Flat,Full,Boys,Sector 6,Gandhinagar,,Semi,Yes,Yes,No,No,No,Yes,No,Yes,No,10000
3437,2BHK,Room,Sharing,Boys,Infocity,Gandhinagar,,Semi,No,Yes,Yes,Yes,Yes,Yes,No,Yes,No,28000
3438,3BHK,House,Full,Girls,Sector 2,Gandhinagar,,Basic,No,Yes,Yes,No,Yes,Yes,No,Yes,No,33000
3439,3BHK,Room,Sharing,Any,Sargasan,Gandhinagar,,Fully,Yes,No,No,Yes,Yes,Yes,No,Yes,Yes,33000
3440,2BHK,House,Full,Any,Sector 3,Gandhinagar,,Basic,Yes,Yes,Yes,No,Yes,Yes,Yes,Yes,Yes,14000
3441,3BHK,House,Sharing,Family,Sector 2,Gandhinagar,,Semi,Yes,No,Yes,Yes,Yes,Yes,No,Yes,Yes,30000
3442,3BHK,Flat,Sharing,Any,Sargasan,Gandhinagar,,Semi,No,No,Yes,Yes,No,Yes,No,Yes,Yes,39000
3443,1BHK,Tenament,Full,Any,Kudasan,Gandhinagar,,Semi,Yes,Yes,No,No,Yes,Yes,Yes,Yes,No,17000
3444,1BHK,Tenament,Full,Any,Kudasan,Gandhinagar,,Basic,No,Yes,No,No,Yes,Yes,No,Yes,Yes,14000
3445,1BHK,Flat,Sharing,Family,Kudasan,Gandhinagar,,Semi,Yes,Yes,No,Yes,No,Yes,Yes,Yes,No,16000
3446,1BHK,Room,Sharing,Boys,Sector 13,Gandhinagar,,Semi,Yes,No,Yes,No,Yes,Yes,No,Yes,No,7000
3447,1BHK,Tenament,Full,Boys,Sector 6,Gandhinagar,,Basic,Yes,Yes,No,No,Yes,Yes,No,Yes,No,12000
3448,1BHK,Tenament,Sharing,Family,Sector 2,Gandhinagar,,Basic,Yes,Yes,No,No,No,Yes,Yes,Yes,Yes,16000
3449,3BHK,Flat,Full,Family,Sargasan,Gandhinagar,,Fully,Yes,No,No,Yes,No,Yes,No,Yes,Yes,40000
3450,2BHK,Flat,Full,Any,Infocity,Gandhinagar,,Semi,No,No,No,No,No,Yes,Yes,Yes,Yes,23000
3451,2BHK,Room,Sharing,Boys,Sector 6,Gandhinagar,,Fully,Yes,No,Yes,No,Yes,Yes,No,Yes,Yes,18000
3452,2BHK,Flat,Sharing,Boys,Raysan,Gandhinagar,,Fully,No,No,Yes,No,Yes,Yes,Yes,Yes,Yes,18000
3453,3BHK,Room,Full,Family,Sector 2,Gandhinagar,,Fully,No,Yes,No,No,No,Yes,No,Yes,Yes,32000
3454,3BHK,Flat,Sharing,Girls,Vavol,Gandhinagar,,Basic,Yes,Yes,No,No,No,Yes,No,Yes,Yes,21000
3455,2BHK,House,Full,Family,Sector 3,Gandhinagar,,Semi,No,No,No,No,Yes,Yes,No,Yes,Yes,15000
3456,3BHK,Room,Sharing,Girls,Sector 3,Gandhinagar,,Fully,No,Yes,Yes,No,Yes,Yes,Yes,Yes,Yes,18000
3457,1BHK,Flat,Sharing,Any,Sector 3,Gandhinagar,,Semi,Yes,No,No,No,No,Yes,No,Yes,Yes,7000
3458,2BHK,Tenament,Full,Family,Infocity,Gandhinagar,,Semi,No,No,No,Yes,No,Yes,Yes,Yes,No,31000
3459,1BHK,House,Full,Girls,Sector 5A,Gandhinagar,,Semi,No,Yes,No,Yes,Yes,Yes,No,Yes,No,13000
3460,2BHK,House,Full,Boys,Raysan,Gandhinagar,,Fully,Yes,Yes,Yes,No,Yes,Yes,Yes,Yes,Yes,26000
3461,2BHK,House,Full,Any,Sargasan,Gandhinagar,,Semi,No,No,Yes,Yes,No,Yes,No,Yes,Yes,22000
3462,2BHK,Tenament,Sharing,Family,Sector 2,Gandhinagar,,Semi,Yes,No,Yes,Yes,Yes,Yes,Yes,Yes,No,20000
3463,3BHK,House,Full,Boys,Sector 6,Gandhinagar,,Fully,No,No,Yes,Yes,Yes,Yes,No,Yes,Yes,29000
3464,1BHK,Flat,Full,Boys,Sector 2,Gandhinagar,,Basic,No,Yes,Yes,Yes,No,Yes,Yes,Yes,Yes,13000
3465,2BHK,Room,Full,Girls,Sector 13,Gandhinagar,,Fully,No,Yes,Yes,No,No,Yes,No,Yes,No,13000
3466,2BHK,House,Full,Girls,Sector 5A,Gandhinagar,,Basic,No,No,No,No,No,Yes,Yes,Yes,No,14000
3467,2BHK,Room,Full,Girls,Raysan,Gandhinagar,,Basic,Yes,No,No,No,Yes,Yes,No,Yes,Yes,22000
3468,1BHK,Room,Full,Boys,Raysan,Gandhinagar,,Semi,Yes,Yes,Yes,Yes,No,Yes,Yes,Yes,No,15000
3469,3BHK,Flat,Sharing,Family,Sargasan,Gandhinagar,,Basic,No,No,Yes,No,Yes,Yes,No,Yes,No,42000
3470,2BHK,Room,Sharing,Any,Infocity,Gandhinagar,,Basic,No,Yes,No,No,Yes,Yes,Yes,Yes,Yes,27000
3471,2BHK,Tenament,Sharing,Girls,Raysan,Gandhinagar,,Semi,Yes,No,No,Yes,No,Yes,Yes,Yes,Yes,26000
3472,2BHK,Flat,Sharing,Boys,Kudasan,Gandhinagar,,Fully,Yes,No,No,No,Yes,Yes,No,Yes,No,21000
3473,3BHK,Tenament,Full,Girls,Sector 2,Gandhinagar,,Semi,No,Yes,Yes,No,Yes,Yes,No,Yes,No,31000
3474,2BHK,Tenament,Sharing,Family,Sargasan,Gandhinagar,,Fully,No,No,No,Yes,No,Yes,Yes,Yes,Yes,27000
3475,2BHK,Room,Sharing,Girls,Raysan,Gandhinagar,,Semi,Yes,No,No,No,No,Yes,Yes,Yes,No,21000
3476,2BHK,Tenament,Sharing,Any,Sector 3,Gandhinagar,,Fully,Yes,Yes,Yes,Yes,Yes,Yes,Yes,Yes,No,12000
3477,1BHK,House,Full,Any,Sargasan,Gandhinagar,,Basic,Yes,No,No,Yes,Yes,Yes,Yes,Yes,Yes,16000
3478,1BHK,Flat,Sharing,Any,Sargasan,Gandhinagar,,Basic,Yes,Yes,No,No,No,Yes,No,Yes,No,18000
3479,3BHK,Room,Sharing,Family,Sector 3,Gandhinagar,,Semi,No,No,No,Yes,Yes,Yes,No,Yes,No,19000
3480,2BHK,Room,Full,Any,Sector 13,Gandhinagar,,Semi,Yes,No,Yes,No,No,Yes,Yes,Yes,No,12000
3481,1BHK,Flat,Full,Any,Sector 13,Gandhinagar,,Basic,Yes,No,Yes,Yes,Yes,Yes,Yes,Yes,Yes,7000
3482,1BHK,Room,Sharing,Any,Sector 3,Gandhinagar,,Basic,Yes,Yes,Yes,No,Yes,Yes,Yes,Yes,No,10000
3483,2BHK,Flat,Full,Boys,Sector 3,Gandhinagar,,Fully,Yes,No,No,No,No,Yes,No,Yes,No,12000
3484,2BHK,Room,Full,Family,Sargasan,Gandhinagar,,Semi,No,No,No,Yes,No,Yes,Yes,Yes,No,29000
3485,1BHK,Room,Sharing,Girls,Kudasan,Gandhinagar,,Basic,Yes,Yes,Yes,Yes,Yes,Yes,Yes,Yes,Yes,18000
3486,3BHK,Flat,Sharing,Girls,Infocity,Gandhinagar,,Semi,Yes,Yes,Yes,No,Yes,Yes,Yes,Yes,No,40000
3487,2BHK,Room,Sharing,Boys,Vavol,Gandhinagar,,Basic,No,No,No,Yes,No,Yes,Yes,Yes,Yes,16000
3488,3BHK,Room,Full,Boys,Sector 13,Gandhinagar,,Fully,No,Yes,No,No,No,Yes,No,Yes,Yes,16000
3489,3BHK,Flat,Full,Boys,Raysan,Gandhinagar,,Basic,No,No,Yes,Yes,No,Yes,Yes,Yes,Yes,34000
3490,2BHK,House,Full,Boys,Sector 13,Gandhinagar,,Semi,No,Yes,Yes,No,Yes,Yes,No,Yes,Yes,11000
3491,3BHK,House,Sharing,Girls,Sector 6,Gandhinagar,,Fully,Yes,No,No,Yes,Yes,Yes,Yes,Yes,No,27000
3492,1BHK,Tenament,Full,Boys,Vavol,Gandhinagar,,Semi,Yes,No,Yes,Yes,No,Yes,Yes,Yes,Yes,10000
3493,2BHK,Tenament,Full,Family,Vavol,Gandhinagar,,Fully,Yes,No,Yes,No,Yes,Yes,Yes,Yes,No,14000
3494,3BHK,Room,Sharing,Boys,Sargasan,Gandhinagar,,Fully,No,No,No,No,No,Yes,Yes,Yes,No,34000
3495,3BHK,House,Full,Family,Sector 2,Gandhinagar,,Semi,No,No,No,Yes,Yes,Yes,Yes,Yes,Yes,30000
3496,1BHK,Room,Full,Boys,Raysan,Gandhinagar,,Semi,No,Yes,No,Yes,Yes,Yes,No,Yes,Yes,14000
3497,2BHK,Tenament,Full,Boys,Vavol,Gandhinagar,,Fully,Yes,No,Yes,Yes,No,Yes,No,Yes,Yes,13000
3498,1BHK,Flat,Sharing,Boys,Sector 2,Gandhinagar,,Semi,No,No,No,No,No,Yes,Yes,Yes,Yes,12000
3499,2BHK,Room,Sharing,Girls,Sargasan,Gandhinagar,,Basic,Yes,No,Yes,No,Yes,Yes,No,Yes,No,24000
3500,2BHK,Flat,Sharing,Girls,Sector 2,Gandhinagar,,Fully,Yes,No,No,Yes,No,Yes,No,Yes,No,22000
3501,1BHK,House,Full,Girls,Sector 6,Gandhinagar,,Basic,Yes,Yes,Yes,Yes,No,Yes,Yes,Yes,No,14000
3502,2BHK,Room,Sharing,Boys,Sector 6,Gandhinagar,,Fully,No,Yes,Yes,No,Yes,Yes,No,Yes,No,18000
3503,2BHK,Room,Sharing,Boys,Sector 5A,Gandhinagar,,Fully,No,Yes,Yes,No,Yes,Yes,Yes,Yes,No,17000
3504,3BHK,Room,Sharing,Girls,Sector 3,Gandhinagar,,Basic,No,Yes,Yes,Yes,No,Yes,No,Yes,Yes,15000
3505,2BHK,Room,Sharing,Family,Sector 13,Gandhinagar,,Semi,Yes,Yes,No,No,Yes,Yes,No,Yes,Yes,10000
3506,2BHK,Tenament,Full,Boys,Sector 5A,Gandhinagar,,Semi,Yes,No,No,Yes,No,Yes,No,Yes,Yes,17000
3507,2BHK,House,Full,Any,Sector 13,Gandhinagar,,Semi,Yes,No,No,Yes,Yes,Yes,No,Yes,No,10000
3508,1BHK,Flat,Full,Any,Kudasan,Gandhinagar,,Semi,No,No,No,No,Yes,Yes,Yes,Yes,No,16000
3509,2BHK,Flat,Sharing,Boys,Infocity,Gandhinagar,,Basic,Yes,No,Yes,No,No,Yes,Yes,Yes,No,30000
3510,3BHK,Flat,Sharing,Family,Sector 3,Gandhinagar,,Semi,Yes,Yes,Yes,No,Yes,Yes,Yes,Yes,Yes,19000
3511,3BHK,Room,Full,Any,Sector 2,Gandhinagar,,Basic,Yes,Yes,No,Yes,No,Yes,No,Yes,No,32000
3512,1BHK,House,Sharing,Boys,Sector 3,Gandhinagar,,Fully,No,No,No,Yes,Yes,Yes,No,Yes,Yes,9000
3513,1BHK,Flat,Full,Any,Vavol,Gandhinagar,,Basic,No,No,No,Yes,No,Yes,No,Yes,No,9000
3514,2BHK,Flat,Sharing,Any,Sector 6,Gandhinagar,,Basic,Yes,No,Yes,Yes,Yes,Yes,No,Yes,Yes,19000
3515,2BHK,Room,Sharing,Girls,Sector 5A,Gandhinagar,,Basic,No,No,Yes,No,No,Yes,Yes,Yes,No,18000
3516,2BHK,House,Full,Girls,Sector 2,Gandhinagar,,Fully,Yes,Yes,Yes,No,Yes,Yes,Yes,Yes,No,23000
3517,1BHK,Flat,Sharing,Family,Sector 5A,Gandhinagar,,Semi,Yes,No,Yes,Yes,No,Yes,Yes,Yes,Yes,11000
3518,3BHK,Tenament,Full,Girls,Vavol,Gandhinagar,,Semi,Yes,Yes,No,Yes,Yes,Yes,Yes,Yes,No,19000
3519,3BHK,Tenament,Sharing,Any,Raysan,Gandhinagar,,Fully,No,Yes,No,No,No,Yes,No,Yes,Yes,28000
3520,2BHK,Tenament,Full,Family,Kudasan,Gandhinagar,,Semi,Yes,No,No,Yes,No,Yes,Yes,Yes,No,23000
3521,2BHK,Flat,Full,Family,Raysan,Gandhinagar,,Fully,Yes,No,Yes,No,No,Yes,No,Yes,Yes,23000
3522,1BHK,Tenament,Sharing,Family,Kudasan,Gandhinagar,,Semi,Yes,Yes,Yes,Yes,Yes,Yes,No,Yes,Yes,15000
3523,1BHK,Room,Sharing,Girls,Kudasan,Gandhinagar,,Basic,Yes,No,No,No,No,Yes,No,Yes,Yes,19000
3524,3BHK,House,Full,Any,Raysan,Gandhinagar,,Semi,Yes,No,No,Yes,No,Yes,Yes,Yes,No,33000
3525,2BHK,House,Sharing,Any,Infocity,Gandhinagar,,Semi,No,Yes,Yes,Yes,No,Yes,Yes,Yes,Yes,31000
3526,2BHK,Room,Sharing,Any,Raysan,Gandhinagar,,Semi,Yes,Yes,No,Yes,No,Yes,No,Yes,No,24000
3527,1BHK,Room,Full,Boys,Vavol,Gandhinagar,,Semi,Yes,Yes,No,No,Yes,Yes,No,Yes,No,9000
3528,1BHK,House,Full,Boys,Sector 5A,Gandhinagar,,Fully,No,No,Yes,No,Yes,Yes,No,Yes,No,12000
3529,3BHK,Tenament,Sharing,Any,Sector 2,Gandhinagar,,Fully,Yes,Yes,No,No,No,Yes,No,Yes,No,31000
3530,2BHK,Flat,Sharing,Family,Sector 6,Gandhinagar,,Fully,Yes,Yes,Yes,Yes,Yes,Yes,No,Yes,Yes,16000
3531,3BHK,House,Sharing,Boys,Sector 2,Gandhinagar,,Fully,Yes,No,Yes,No,Yes,Yes,Yes,Yes,Yes,31000
3532,3BHK,Tenament,Full,Boys,Sector 3,Gandhinagar,,Semi,No,No,No,No,No,Yes,Yes,Yes,No,19000
3533,2BHK,Flat,Sharing,Family,Sector 5A,Gandhinagar,,Semi,No,No,No,No,No,Yes,Yes,Yes,No,15000
3534,2BHK,Room,Full,Girls,Sector 6,Gandhinagar,,Fully,No,Yes,No,No,Yes,Yes,Yes,Yes,Yes,16000
3535,1BHK,Flat,Sharing,Girls,Sector 5A,Gandhinagar,,Fully,Yes,Yes,Yes,Yes,Yes,Yes,Yes,Yes,No,13000
3536,3BHK,Room,Sharing,Any,Infocity,Gandhinagar,,Basic,Yes,Yes,No,Yes,Yes,Yes,No,Yes,Yes,41000
3537,2BHK,Tenament,Full,Girls,Vavol,Gandhinagar,,Basic,No,Yes,Yes,No,Yes,Yes,No,Yes,Yes,13000
3538,1BHK,Tenament,Sharing,Family,Infocity,Gandhinagar,,Semi,No,Yes,Yes,No,Yes,Yes,Yes,Yes,No,18000
3539,2BHK,Flat,Full,Any,Infocity,Gandhinagar,,Basic,Yes,No,No,No,No,Yes,No,Yes,No,26000
3540,1BHK,Room,Full,Family,Raysan,Gandhinagar,,Basic,No,Yes,Yes,Yes,No,Yes,Yes,Yes,No,16000
3541,2BHK,Room,Sharing,Boys,Sector 5A,Gandhinagar,,Basic,No,Yes,No,No,No,Yes,No,Yes,No,19000
3542,3BHK,Room,Full,Family,Sector 3,Gandhinagar,,Semi,No,No,No,Yes,No,Yes,No,Yes,Yes,17000
3543,1BHK,Room,Sharing,Boys,Sector 13,Gandhinagar,,Basic,Yes,No,Yes,Yes,No,Yes,No,Yes,Yes,8000
3544,2BHK,Tenament,Full,Any,Sector 2,Gandhinagar,,Fully,Yes,No,Yes,No,No,Yes,No,Yes,Yes,20000
3545,2BHK,House,Full,Boys,Sector 2,Gandhinagar,,Fully,No,No,Yes,No,Yes,Yes,No,Yes,No,18000
3546,3BHK,Room,Full,Family,Kudasan,Gandhinagar,,Fully,No,Yes,Yes,No,Yes,Yes,No,Yes,Yes,31000
3547,1BHK,House,Full,Family,Sector 3,Gandhinagar,,Basic,No,No,Yes,No,Yes,Yes,Yes,Yes,Yes,8000
3548,1BHK,Room,Full,Girls,Sector 13,Gandhinagar,,Semi,No,No,Yes,Yes,No,Yes,No,Yes,Yes,7000
3549,2BHK,Tenament,Sharing,Boys,Sargasan,Gandhinagar,,Fully,Yes,No,No,Yes,No,Yes,No,Yes,No,26000
3550,3BHK,Flat,Full,Family,Sector 6,Gandhinagar,,Basic,Yes,No,No,No,Yes,Yes,Yes,Yes,No,22000
3551,2BHK,House,Sharing,Girls,Vavol,Gandhinagar,,Fully,Yes,Yes,Yes,No,Yes,Yes,Yes,Yes,Yes,12000
3552,2BHK,Tenament,Full,Family,Sector 2,Gandhinagar,,Semi,Yes,No,Yes,Yes,Yes,Yes,No,Yes,Yes,20000
3553,3BHK,Room,Sharing,Any,Sector 6,Gandhinagar,,Basic,Yes,Yes,Yes,Yes,Yes,Yes,Yes,Yes,Yes,27000
3554,2BHK,Room,Sharing,Girls,Sector 6,Gandhinagar,,Basic,Yes,Yes,Yes,Yes,Yes,Yes,Yes,Yes,Yes,17000
3555,3BHK,House,Full,Any,Vavol,Gandhinagar,,Basic,No,No,Yes,No,Yes,Yes,No,Yes,Yes,24000
3556,1BHK,Room,Sharing,Boys,Sector 6,Gandhinagar,,Semi,Yes,No,No,No,No,Yes,Yes,Yes,No,11000
3557,2BHK,House,Sharing,Family,Sector 5A,Gandhinagar,,Basic,Yes,No,No,No,No,Yes,No,Yes,No,14000
3558,3BHK,Flat,Sharing,Boys,Sector 3,Gandhinagar,,Basic,No,Yes,Yes,No,Yes,Yes,No,Yes,Yes,19000
3559,1BHK,House,Full,Family,Sector 13,Gandhinagar,,Fully,Yes,Yes,Yes,No,No,Yes,No,Yes,Yes,9000
3560,3BHK,House,Full,Girls,Sector 2,Gandhinagar,,Basic,Yes,No,Yes,Yes,No,Yes,Yes,Yes,No,25000
3561,2BHK,Flat,Sharing,Family,Sector 5A,Gandhinagar,,Semi,Yes,Yes,No,Yes,Yes,Yes,Yes,Yes,Yes,17000
3562,2BHK,Room,Sharing,Girls,Kudasan,Gandhinagar,,Semi,No,Yes,Yes,Yes,No,Yes,Yes,Yes,Yes,20000
3563,2BHK,Room,Full,Boys,Kudasan,Gandhinagar,,Fully,No,Yes,No,Yes,Yes,Yes,Yes,Yes,Yes,21000
3564,1BHK,Tenament,Sharing,Girls,Kudasan,Gandhinagar,,Basic,Yes,No,No,Yes,Yes,Yes,Yes,Yes,No,14000
3565,2BHK,Flat,Full,Boys,Sector 5A,Gandhinagar,,Semi,No,Yes,Yes,Yes,No,Yes,Yes,Yes,No,16000
3566,1BHK,House,Full,Girls,Sargasan,Gandhinagar,,Basic,No,No,No,No,No,Yes,No,Yes,Yes,19000
3567,3BHK,Room,Full,Family,Kudasan,Gandhinagar,,Semi,No,No,Yes,Yes,Yes,Yes,Yes,Yes,Yes,35000
3568,1BHK,Flat,Sharing,Boys,Kudasan,Gandhinagar,,Fully,No,No,No,Yes,Yes,Yes,No,Yes,No,17000
3569,1BHK,Tenament,Sharing,Any,Sector 13,Gandhinagar,,Fully,No,Yes,Yes,No,No,Yes,Yes,Yes,No,8000
3570,3BHK,Flat,Full,Boys,Sector 3,Gandhinagar,,Basic,Yes,Yes,Yes,Yes,Yes,Yes,Yes,Yes,No,21000
3571,3BHK,Tenament,Full,Any,Sector 6,Gandhinagar,,Semi,Yes,Yes,Yes,No,No,Yes,No,Yes,Yes,23000
3572,3BHK,Flat,Sharing,Family,Vavol,Gandhinagar,,Semi,No,Yes,No,No,Yes,Yes,No,Yes,Yes,21000
3573,2BHK,Flat,Sharing,Family,Sector 6,Gandhinagar,,Basic,No,No,No,Yes,Yes,Yes,Yes,Yes,Yes,17000
3574,2BHK,Room,Full,Boys,Sector 13,Gandhinagar,,Semi,Yes,Yes,Yes,Yes,No,Yes,No,Yes,No,13000
3575,2BHK,Room,Sharing,Boys,Infocity,Gandhinagar,,Fully,No,No,No,Yes,No,Yes,No,Yes,Yes,24000
3576,2BHK,Room,Full,Boys,Kudasan,Gandhinagar,,Semi,No,Yes,Yes,No,Yes,Yes,Yes,Yes,No,25000
3577,3BHK,Room,Sharing,Girls,Raysan,Gandhinagar,,Fully,Yes,No,Yes,No,No,Yes,No,Yes,No,30000
3578,2BHK,Tenament,Sharing,Girls,Vavol,Gandhinagar,,Semi,Yes,No,No,No,No,Yes,Yes,Yes,No,15000
3579,2BHK,Tenament,Sharing,Boys,Kudasan,Gandhinagar,,Semi,Yes,Yes,Yes,No,Yes,Yes,No,Yes,No,27000
3580,3BHK,Flat,Sharing,Boys,Infocity,Gandhinagar,,Fully,Yes,Yes,Yes,Yes,No,Yes,No,Yes,Yes,34000
3581,3BHK,Tenament,Full,Any,Raysan,Gandhinagar,,Fully,No,Yes,No,No,Yes,Yes,No,Yes,Yes,29000
3582,1BHK,Flat,Sharing,Boys,Sector 2,Gandhinagar,,Semi,Yes,Yes,No,Yes,Yes,Yes,Yes,Yes,Yes,16000
3583,2BHK,Flat,Full,Family,Infocity,Gandhinagar,,Semi,No,No,No,Yes,Yes,Yes,Yes,Yes,No,31000
3584,3BHK,Tenament,Sharing,Boys,Sector 5A,Gandhinagar,,Basic,No,Yes,No,No,No,Yes,Yes,Yes,Yes,27000
3585,3BHK,Room,Sharing,Boys,Sargasan,Gandhinagar,,Fully,Yes,No,No,No,Yes,Yes,Yes,Yes,Yes,41000
3586,3BHK,Room,Sharing,Girls,Kudasan,Gandhinagar,,Semi,Yes,Yes,Yes,No,No,Yes,No,Yes,No,37000
3587,1BHK,Tenament,Sharing,Girls,Sector 3,Gandhinagar,,Basic,No,No,Yes,No,No,Yes,No,Yes,Yes,8000
3588,2BHK,Flat,Sharing,Any,Infocity,Gandhinagar,,Fully,Yes,Yes,Yes,No,No,Yes,Yes,Yes,No,30000
3589,1BHK,Room,Sharing,Any,Sector 13,Gandhinagar,,Fully,No,No,No,No,Yes,Yes,Yes,Yes,No,8000
3590,2BHK,Tenament,Sharing,Family,Sector 2,Gandhinagar,,Fully,No,No,Yes,Yes,Yes,Yes,Yes,Yes,No,23000
3591,2BHK,House,Full,Girls,Sargasan,Gandhinagar,,Basic,Yes,No,No,No,No,Yes,Yes,Yes,Yes,23000
3592,3BHK,Flat,Full,Family,Sector 13,Gandhinagar,,Fully,Yes,No,Yes,Yes,Yes,Yes,No,Yes,Yes,17000
3593,3BHK,House,Full,Any,Sector 5A,Gandhinagar,,Fully,Yes,Yes,Yes,Yes,Yes,Yes,No,Yes,No,20000
3594,2BHK,Flat,Full,Girls,Sector 2,Gandhinagar,,Semi,No,Yes,Yes,No,No,Yes,No,Yes,Yes,19000
3595,2BHK,House,Sharing,Boys,Sargasan,Gandhinagar,,Fully,No,No,Yes,No,No,Yes,Yes,Yes,Yes,30000
3596,3BHK,House,Sharing,Any,Vavol,Gandhinagar,,Fully,No,Yes,Yes,Yes,No,Yes,No,Yes,No,20000
3597,2BHK,Flat,Full,Any,Sector 3,Gandhinagar,,Fully,Yes,No,Yes,Yes,No,Yes,Yes,Yes,No,15000
3598,1BHK,Tenament,Full,Girls,Vavol,Gandhinagar,,Semi,Yes,No,No,No,Yes,Yes,Yes,Yes,No,11000
3599,1BHK,Flat,Full,Any,Sector 3,Gandhinagar,,Fully,No,No,Yes,Yes,Yes,Yes,No,Yes,Yes,9000
3600,1BHK,House,Sharing,Family,Sector 13,Gandhinagar,,Basic,Yes,No,No,Yes,Yes,Yes,Yes,Yes,Yes,8000
3601,2BHK,Flat,Full,Girls,Kudasan,Gandhinagar,,Basic,No,Yes,No,No,No,Yes,No,Yes,No,28000
3602,3BHK,Flat,Full,Girls,Vavol,Gandhinagar,,Basic,No,No,Yes,No,Yes,Yes,No,Yes,Yes,21000
3603,3BHK,Room,Sharing,Boys,Kudasan,Gandhinagar,,Basic,No,Yes,No,Yes,No,Yes,Yes,Yes,Yes,32000
3604,2BHK,Flat,Sharing,Boys,Kudasan,Gandhinagar,,Basic,Yes,No,Yes,No,No,Yes,Yes,Yes,Yes,22000
3605,3BHK,Flat,Sharing,Boys,Vavol,Gandhinagar,,Fully,No,Yes,No,Yes,No,Yes,No,Yes,No,20000
3606,3BHK,Room,Full,Any,Sector 5A,Gandhinagar,,Fully,No,Yes,No,No,Yes,Yes,No,Yes,No,21000
3607,2BHK,Tenament,Sharing,Family,Kudasan,Gandhinagar,,Basic,Yes,No,No,No,Yes,Yes,No,Yes,Yes,26000
3608,1BHK,Room,Sharing,Boys,Sector 2,Gandhinagar,,Fully,Yes,No,Yes,No,No,Yes,No,Yes,No,15000
3609,1BHK,House,Sharing,Family,Sargasan,Gandhinagar,,Semi,No,Yes,Yes,Yes,No,Yes,No,Yes,Yes,21000
3610,2BHK,House,Sharing,Family,Vavol,Gandhinagar,,Basic,Yes,Yes,Yes,No,Yes,Yes,Yes,Yes,No,12000
3611,1BHK,Room,Full,Girls,Sargasan,Gandhinagar,,Semi,Yes,No,Yes,Yes,No,Yes,Yes,Yes,Yes,20000
3612,2BHK,Tenament,Full,Boys,Raysan,Gandhinagar,,Fully,No,Yes,No,Yes,Yes,Yes,No,Yes,No,25000
3613,3BHK,Tenament,Sharing,Boys,Vavol,Gandhinagar,,Semi,No,No,Yes,No,No,Yes,No,Yes,Yes,19000
3614,3BHK,Flat,Sharing,Family,Vavol,Gandhinagar,,Basic,No,Yes,Yes,Yes,No,Yes,No,Yes,Yes,19000
3615,3BHK,Room,Full,Boys,Sargasan,Gandhinagar,,Basic,No,No,Yes,Yes,No,Yes,No,Yes,Yes,41000
3616,2BHK,Flat,Sharing,Boys,Infocity,Gandhinagar,,Fully,Yes,No,Yes,Yes,No,Yes,No,Yes,No,30000
3617,3BHK,Tenament,Sharing,Boys,Infocity,Gandhinagar,,Fully,Yes,No,No,Yes,Yes,Yes,No,Yes,Yes,36000
3618,1BHK,Tenament,Sharing,Boys,Kudasan,Gandhinagar,,Fully,Yes,No,Yes,No,No,Yes,Yes,Yes,Yes,16000
3619,1BHK,House,Full,Any,Sector 5A,Gandhinagar,,Fully,No,No,Yes,Yes,No,Yes,No,Yes,No,12000
3620,3BHK,Room,Full,Any,Sector 5A,Gandhinagar,,Fully,No,No,No,No,No,Yes,Yes,Yes,Yes,24000
3621,2BHK,Room,Full,Boys,Kudasan,Gandhinagar,,Fully,Yes,No,No,No,Yes,Yes,No,Yes,No,20000
3622,3BHK,Room,Full,Boys,Infocity,Gandhinagar,,Semi,No,Yes,No,No,No,Yes,Yes,Yes,Yes,43000
3623,1BHK,House,Full,Family,Sector 6,Gandhinagar,,Fully,Yes,Yes,No,Yes,No,Yes,Yes,Yes,Yes,14000
3624,1BHK,Room,Full,Girls,Vavol,Gandhinagar,,Fully,No,No,No,No,No,Yes,Yes,Yes,Yes,11000
3625,1BHK,Tenament,Sharing,Boys,Kudasan,Gandhinagar,,Semi,No,No,Yes,Yes,No,Yes,Yes,Yes,No,14000
3626,3BHK,Room,Full,Any,Sector 5A,Gandhinagar,,Fully,Yes,Yes,No,No,No,Yes,No,Yes,Yes,21000
3627,2BHK,House,Sharing,Girls,Kudasan,Gandhinagar,,Fully,Yes,No,No,Yes,No,Yes,No,Yes,Yes,25000
3628,2BHK,Flat,Full,Family,Raysan,Gandhinagar,,Basic,Yes,Yes,No,Yes,No,Yes,No,Yes,Yes,25000
3629,3BHK,Tenament,Full,Family,Sector 13,Gandhinagar,,Semi,No,Yes,No,No,No,Yes,Yes,Yes,No,14000
3630,2BHK,Flat,Sharing,Family,Sector 13,Gandhinagar,,Basic,Yes,No,Yes,Yes,No,Yes,Yes,Yes,Yes,11000
3631,1BHK,Tenament,Full,Any,Vavol,Gandhinagar,,Basic,No,Yes,No,Yes,Yes,Yes,Yes,Yes,No,10000
3632,2BHK,House,Full,Any,Vavol,Gandhinagar,,Basic,No,Yes,Yes,No,Yes,Yes,No,Yes,No,12000
3633,1BHK,Flat,Sharing,Girls,Raysan,Gandhinagar,,Fully,Yes,Yes,Yes,Yes,No,Yes,Yes,Yes,Yes,14000
3634,1BHK,House,Full,Girls,Kudasan,Gandhinagar,,Semi,No,Yes,Yes,No,Yes,Yes,No,Yes,No,19000
3635,3BHK,House,Sharing,Any,Sector 2,Gandhinagar,,Semi,Yes,No,Yes,No,No,Yes,No,Yes,No,26000
3636,3BHK,Flat,Full,Any,Sector 6,Gandhinagar,,Fully,No,Yes,No,Yes,No,Yes,No,Yes,No,30000
3637,1BHK,Room,Sharing,Any,Sargasan,Gandhinagar,,Fully,No,Yes,No,Yes,Yes,Yes,No,Yes,Yes,18000
3638,3BHK,Room,Full,Any,Raysan,Gandhinagar,,Semi,No,No,No,Yes,Yes,Yes,No,Yes,Yes,30000
3639,1BHK,Tenament,Sharing,Family,Vavol,Gandhinagar,,Basic,No,No,Yes,Yes,No,Yes,Yes,Yes,No,9000
3640,1BHK,House,Sharing,Family,Kudasan,Gandhinagar,,Semi,No,Yes,No,Yes,No,Yes,Yes,Yes,Yes,14000
3641,3BHK,Room,Sharing,Boys,Infocity,Gandhinagar,,Fully,No,No,No,Yes,No,Yes,Yes,Yes,No,42000
3642,3BHK,House,Full,Family,Kudasan,Gandhinagar,,Fully,Yes,Yes,No,Yes,Yes,Yes,Yes,Yes,Yes,38000
3643,1BHK,House,Sharing,Girls,Sector 3,Gandhinagar,,Basic,No,No,Yes,No,Yes,Yes,Yes,Yes,No,8000
3644,3BHK,Flat,Sharing,Boys,Sector 2,Gandhinagar,,Fully,No,Yes,No,Yes,Yes,Yes,No,Yes,Yes,26000
3645,2BHK,House,Sharing,Any,Vavol,Gandhinagar,,Semi,Yes,No,Yes,No,No,Yes,No,Yes,Yes,16000
3646,3BHK,Flat,Full,Family,Sector 3,Gandhinagar,,Fully,No,No,Yes,No,Yes,Yes,No,Yes,No,16000
3647,3BHK,House,Sharing,Boys,Sector 13,Gandhinagar,,Fully,Yes,No,No,Yes,Yes,Yes,Yes,Yes,Yes,17000
3648,2BHK,House,Full,Girls,Vavol,Gandhinagar,,Fully,No,No,Yes,No,No,Yes,No,Yes,Yes,14000
3649,2BHK,Room,Full,Girls,Sargasan,Gandhinagar,,Semi,Yes,Yes,No,No,Yes,Yes,Yes,Yes,No,30000
3650,1BHK,Tenament,Sharing,Family,Sargasan,Gandhinagar,,Fully,No,Yes,Yes,No,No,Yes,Yes,Yes,Yes,17000
3651,1BHK,Tenament,Full,Girls,Sector 6,Gandhinagar,,Fully,No,Yes,Yes,No,Yes,Yes,Yes,Yes,No,13000
3652,1BHK,Flat,Sharing,Boys,Sector 3,Gandhinagar,,Semi,Yes,Yes,No,No,No,Yes,No,Yes,Yes,9000
3653,3BHK,Tenament,Sharing,Girls,Kudasan,Gandhinagar,,Basic,Yes,Yes,No,Yes,No,Yes,No,Yes,Yes,30000
3654,2BHK,Room,Full,Boys,Sector 2,Gandhinagar,,Semi,Yes,No,No,No,Yes,Yes,Yes,Yes,No,21000
3655,2BHK,Flat,Sharing,Boys,Vavol,Gandhinagar,,Semi,Yes,Yes,No,No,No,Yes,Yes,Yes,Yes,15000
3656,3BHK,House,Sharing,Any,Sector 2,Gandhinagar,,Basic,No,No,Yes,No,No,Yes,Yes,Yes,No,29000
3657,1BHK,Tenament,Sharing,Any,Kudasan,Gandhinagar,,Basic,Yes,No,Yes,No,No,Yes,No,Yes,No,17000
3658,3BHK,Room,Sharing,Boys,Sector 5A,Gandhinagar,,Semi,No,No,Yes,No,Yes,Yes,No,Yes,Yes,22000
3659,1BHK,Flat,Sharing,Girls,Sargasan,Gandhinagar,,Fully,Yes,Yes,Yes,No,Yes,Yes,Yes,Yes,Yes,17000
3660,3BHK,Room,Sharing,Girls,Sector 13,Gandhinagar,,Basic,No,Yes,Yes,No,Yes,Yes,No,Yes,Yes,15000
3661,2BHK,Flat,Full,Family,Sector 6,Gandhinagar,,Basic,No,Yes,Yes,Yes,Yes,Yes,Yes,Yes,Yes,15000
3662,1BHK,Flat,Full,Girls,Sargasan,Gandhinagar,,Semi,No,Yes,No,No,Yes,Yes,Yes,Yes,No,17000
3663,2BHK,House,Full,Any,Sector 2,Gandhinagar,,Semi,No,Yes,No,No,No,Yes,Yes,Yes,Yes,17000
3664,2BHK,House,Sharing,Girls,Sargasan,Gandhinagar,,Basic,Yes,No,Yes,No,No,Yes,Yes,Yes,Yes,27000
3665,3BHK,Tenament,Full,Girls,Vavol,Gandhinagar,,Fully,No,Yes,Yes,No,No,Yes,Yes,Yes,No,20000
3666,1BHK,Room,Full,Boys,Raysan,Gandhinagar,,Basic,Yes,Yes,No,No,No,Yes,No,Yes,Yes,16000
3667,3BHK,Room,Full,Girls,Infocity,Gandhinagar,,Basic,Yes,Yes,No,Yes,Yes,Yes,Yes,Yes,Yes,35000
3668,2BHK,Tenament,Full,Any,Sargasan,Gandhinagar,,Semi,Yes,No,Yes,Yes,No,Yes,Yes,Yes,Yes,30000
3669,3BHK,Flat,Full,Family,Sector 6,Gandhinagar,,Basic,Yes,Yes,No,No,No,Yes,No,Yes,No,22000
3670,1BHK,Flat,Sharing,Family,Vavol,Gandhinagar,,Semi,No,Yes,Yes,Yes,Yes,Yes,No,Yes,Yes,11000
3671,2BHK,Room,Sharing,Family,Infocity,Gandhinagar,,Semi,Yes,Yes,Yes,Yes,Yes,Yes,No,Yes,Yes,31000
3672,1BHK,Room,Full,Family,Sector 6,Gandhinagar,,Semi,No,No,No,No,Yes,Yes,No,Yes,No,12000
3673,1BHK,Flat,Sharing,Family,Sector 3,Gandhinagar,,Basic,Yes,Yes,No,No,Yes,Yes,No,Yes,Yes,9000
3674,1BHK,House,Full,Family,Sector 3,Gandhinagar,,Basic,Yes,No,No,Yes,Yes,Yes,Yes,Yes,Yes,9000
3675,1BHK,Flat,Full,Girls,Infocity,Gandhinagar,,Fully,No,No,No,No,Yes,Yes,No,Yes,No,21000
3676,2BHK,Tenament,Sharing,Any,Sargasan,Gandhinagar,,Basic,No,Yes,Yes,No,No,Yes,Yes,Yes,No,27000
3677,1BHK,Tenament,Sharing,Family,Raysan,Gandhinagar,,Basic,No,Yes,No,No,Yes,Yes,No,Yes,Yes,15000
3678,1BHK,House,Sharing,Family,Sector 6,Gandhinagar,,Basic,Yes,Yes,No,No,Yes,Yes,Yes,Yes,No,11000
3679,1BHK,Room,Sharing,Any,Vavol,Gandhinagar,,Semi,Yes,No,Yes,No,Yes,Yes,Yes,Yes,No,9000
3680,3BHK,Flat,Full,Boys,Sector 2,Gandhinagar,,Semi,No,No,Yes,Yes,Yes,Yes,Yes,Yes,No,30000
3681,3BHK,Flat,Sharing,Family,Sector 2,Gandhinagar,,Semi,Yes,Yes,Yes,No,No,Yes,No,Yes,No,30000
3682,1BHK,House,Full,Any,Kudasan,Gandhinagar,,Semi,Yes,No,Yes,No,Yes,Yes,No,Yes,Yes,19000
3683,3BHK,Room,Sharing,Girls,Infocity,Gandhinagar,,Semi,No,No,Yes,No,No,Yes,No,Yes,No,35000
3684,2BHK,House,Sharing,Girls,Kudasan,Gandhinagar,,Semi,Yes,No,Yes,Yes,No,Yes,No,Yes,Yes,25000
3685,2BHK,House,Sharing,Family,Infocity,Gandhinagar,,Basic,No,Yes,No,No,No,Yes,Yes,Yes,No,30000
3686,2BHK,Flat,Full,Girls,Sargasan,Gandhinagar,,Fully,No,No,Yes,Yes,No,Yes,Yes,Yes,Yes,23000
3687,3BHK,Room,Full,Girls,Sector 6,Gandhinagar,,Semi,Yes,Yes,No,No,No,Yes,No,Yes,Yes,25000
3688,1BHK,Tenament,Sharing,Any,Sargasan,Gandhinagar,,Fully,No,No,No,No,No,Yes,No,Yes,No,17000
3689,2BHK,Flat,Sharing,Boys,Sargasan,Gandhinagar,,Basic,No,Yes,No,No,Yes,Yes,Yes,Yes,No,26000
3690,1BHK,Flat,Full,Any,Kudasan,Gandhinagar,,Fully,Yes,No,No,No,No,Yes,Yes,Yes,Yes,15000
3691,1BHK,Flat,Sharing,Boys,Sector 5A,Gandhinagar,,Semi,Yes,Yes,Yes,No,Yes,Yes,No,Yes,No,13000
3692,2BHK,House,Sharing,Family,Sector 3,Gandhinagar,,Basic,No,No,No,Yes,Yes,Yes,Yes,Yes,Yes,11000
3693,3BHK,Tenament,Sharing,Any,Sargasan,Gandhinagar,,Semi,No,No,No,No,Yes,Yes,No,Yes,No,37000
3694,3BHK,Room,Sharing,Family,Sargasan,Gandhinagar,,Fully,Yes,No,Yes,No,Yes,Yes,No,Yes,No,31000
3695,3BHK,Tenament,Full,Boys,Sector 6,Gandhinagar,,Fully,No,No,Yes,No,Yes,Yes,Yes,Yes,Yes,26000
3696,3BHK,Flat,Full,Any,Sector 6,Gandhinagar,,Basic,No,No,No,No,No,Yes,Yes,Yes,Yes,28000
3697,1BHK,Room,Sharing,Boys,Vavol,Gandhinagar,,Semi,Yes,Yes,Yes,Yes,Yes,Yes,No,Yes,No,11000
3698,3BHK,Room,Full,Any,Infocity,Gandhinagar,,Fully,Yes,No,Yes,No,Yes,Yes,Yes,Yes,Yes,34000
3699,3BHK,Room,Full,Girls,Vavol,Gandhinagar,,Basic,Yes,Yes,Yes,No,Yes,Yes,No,Yes,Yes,20000
3700,3BHK,Flat,Full,Girls,Infocity,Gandhinagar,,Semi,No,No,Yes,Yes,Yes,Yes,Yes,Yes,No,39000
3701,2BHK,Room,Full,Boys,Sector 3,Gandhinagar,,Semi,Yes,No,No,Yes,No,Yes,No,Yes,Yes,13000
3702,2BHK,Tenament,Full,Boys,Infocity,Gandhinagar,,Basic,No,No,Yes,No,Yes,Yes,Yes,Yes,No,26000
3703,2BHK,Flat,Full,Any,Sargasan,Gandhinagar,,Fully,Yes,No,Yes,No,Yes,Yes,No,Yes,Yes,31000
3704,2BHK,Tenament,Sharing,Any,Sector 5A,Gandhinagar,,Semi,No,Yes,No,Yes,Yes,Yes,Yes,Yes,No,17000
3705,2BHK,Flat,Sharing,Boys,Sargasan,Gandhinagar,,Basic,No,Yes,Yes,Yes,No,Yes,Yes,Yes,No,30000
3706,1BHK,Room,Sharing,Boys,Sector 6,Gandhinagar,,Fully,Yes,Yes,Yes,Yes,Yes,Yes,No,Yes,No,10000
3707,2BHK,Tenament,Full,Girls,Kudasan,Gandhinagar,,Fully,Yes,Yes,Yes,No,Yes,Yes,Yes,Yes,Yes,25000
3708,3BHK,Room,Sharing,Girls,Vavol,Gandhinagar,,Semi,Yes,No,No,No,Yes,Yes,Yes,Yes,No,23000
3709,3BHK,House,Sharing,Family,Kudasan,Gandhinagar,,Fully,No,Yes,No,No,Yes,Yes,No,Yes,No,31000
3710,1BHK,Flat,Sharing,Family,Sargasan,Gandhinagar,,Fully,Yes,No,Yes,No,Yes,Yes,No,Yes,No,20000
3711,1BHK,Tenament,Full,Girls,Sector 3,Gandhinagar,,Basic,No,No,Yes,Yes,No,Yes,No,Yes,No,10000
3712,2BHK,Flat,Sharing,Girls,Sargasan,Gandhinagar,,Semi,Yes,Yes,No,No,Yes,Yes,No,Yes,No,31000
3713,2BHK,Tenament,Sharing,Any,Kudasan,Gandhinagar,,Basic,No,Yes,No,No,No,Yes,Yes,Yes,Yes,28000
3714,3BHK,House,Sharing,Boys,Sector 13,Gandhinagar,,Basic,No,No,No,Yes,No,Yes,No,Yes,No,14000
3715,2BHK,Room,Sharing,Any,Sector 13,Gandhinagar,,Basic,Yes,No,No,Yes,No,Yes,No,Yes,Yes,13000
3716,2BHK,Flat,Sharing,Girls,Sector 6,Gandhinagar,,Semi,No,No,Yes,No,No,Yes,Yes,Yes,Yes,21000
3717,1BHK,House,Full,Boys,Sargasan,Gandhinagar,,Semi,Yes,No,Yes,Yes,Yes,Yes,No,Yes,No,17000
3718,1BHK,Flat,Sharing,Boys,Kudasan,Gandhinagar,,Basic,Yes,Yes,Yes,Yes,Yes,Yes,No,Yes,Yes,18000
3719,1BHK,Tenament,Full,Any,Vavol,Gandhinagar,,Basic,No,Yes,Yes,Yes,No,Yes,No,Yes,No,11000
3720,2BHK,House,Full,Family,Infocity,Gandhinagar,,Semi,No,No,Yes,No,Yes,Yes,No,Yes,Yes,31000
3721,3BHK,Tenament,Full,Girls,Sector 5A,Gandhinagar,,Semi,Yes,No,No,No,Yes,Yes,Yes,Yes,No,20000
3722,1BHK,Tenament,Full,Boys,Raysan,Gandhinagar,,Basic,Yes,Yes,No,No,Yes,Yes,Yes,Yes,No,17000
3723,1BHK,Room,Sharing,Family,Kudasan,Gandhinagar,,Fully,Yes,Yes,Yes,Yes,Yes,Yes,Yes,Yes,Yes,16000
3724,1BHK,House,Sharing,Boys,Kudasan,Gandhinagar,,Basic,No,Yes,No,Yes,No,Yes,No,Yes,No,14000
3725,1BHK,House,Sharing,Girls,Kudasan,Gandhinagar,,Semi,Yes,No,Yes,Yes,Yes,Yes,Yes,Yes,No,18000
3726,2BHK,Tenament,Sharing,Any,Sector 13,Gandhinagar,,Semi,Yes,Yes,No,No,Yes,Yes,No,Yes,No,10000
3727,1BHK,Room,Sharing,Family,Sector 6,Gandhinagar,,Semi,No,Yes,Yes,No,No,Yes,Yes,Yes,No,12000
3728,3BHK,Tenament,Full,Family,Sector 6,Gandhinagar,,Basic,Yes,No,Yes,Yes,Yes,Yes,No,Yes,No,24000
3729,2BHK,House,Sharing,Boys,Vavol,Gandhinagar,,Fully,No,Yes,Yes,Yes,Yes,Yes,No,Yes,Yes,16000
3730,3BHK,Flat,Sharing,Boys,Sector 3,Gandhinagar,,Basic,Yes,No,No,Yes,Yes,Yes,Yes,Yes,Yes,17000
3731,2BHK,Tenament,Full,Any,Sargasan,Gandhinagar,,Fully,Yes,No,No,Yes,Yes,Yes,No,Yes,Yes,29000
3732,2BHK,Flat,Full,Boys,Sector 2,Gandhinagar,,Basic,No,Yes,No,No,No,Yes,No,Yes,No,22000
3733,1BHK,Tenament,Sharing,Any,Infocity,Gandhinagar,,Semi,No,Yes,Yes,Yes,Yes,Yes,No,Yes,No,18000
3734,1BHK,Room,Sharing,Boys,Infocity,Gandhinagar,,Semi,Yes,Yes,Yes,No,No,Yes,No,Yes,Yes,18000
3735,1BHK,Flat,Full,Family,Sector 2,Gandhinagar,,Semi,No,No,No,Yes,Yes,Yes,Yes,Yes,Yes,14000
3736,1BHK,Room,Full,Any,Raysan,Gandhinagar,,Fully,Yes,Yes,Yes,Yes,Yes,Yes,No,Yes,Yes,17000
3737,3BHK,Tenament,Sharing,Any,Kudasan,Gandhinagar,,Basic,No,Yes,No,No,Yes,Yes,No,Yes,Yes,37000
3738,3BHK,Room,Full,Girls,Sector 5A,Gandhinagar,,Fully,No,No,No,Yes,No,Yes,No,Yes,No,20000
3739,1BHK,House,Sharing,Girls,Sector 2,Gandhinagar,,Fully,No,Yes,Yes,No,No,Yes,Yes,Yes,No,14000
3740,2BHK,Flat,Sharing,Girls,Vavol,Gandhinagar,,Semi,No,No,No,Yes,No,Yes,Yes,Yes,No,13000
3741,1BHK,Tenament,Full,Boys,Sector 3,Gandhinagar,,Semi,Yes,No,No,No,No,Yes,No,Yes,Yes,10000
3742,1BHK,Flat,Sharing,Family,Sector 6,Gandhinagar,,Fully,No,No,Yes,Yes,No,Yes,No,Yes,No,10000
3743,2BHK,Flat,Full,Family,Infocity,Gandhinagar,,Basic,No,No,No,No,No,Yes,No,Yes,Yes,33000
3744,1BHK,Room,Full,Any,Sector 5A,Gandhinagar,,Fully,No,No,No,No,Yes,Yes,No,Yes,Yes,13000
3745,1BHK,Room,Sharing,Girls,Sector 13,Gandhinagar,,Semi,Yes,No,No,Yes,No,Yes,Yes,Yes,Yes,9000
3746,2BHK,Flat,Full,Girls,Vavol,Gandhinagar,,Semi,Yes,No,Yes,Yes,No,Yes,No,Yes,No,15000
3747,1BHK,House,Full,Family,Vavol,Gandhinagar,,Basic,Yes,Yes,Yes,Yes,Yes,Yes,No,Yes,Yes,8000
3748,3BHK,Flat,Full,Boys,Sargasan,Gandhinagar,,Semi,No,No,No,No,No,Yes,Yes,Yes,Yes,40000
3749,2BHK,House,Sharing,Any,Sector 2,Gandhinagar,,Basic,No,Yes,Yes,No,Yes,Yes,No,Yes,Yes,20000
3750,1BHK,Tenament,Full,Boys,Kudasan,Gandhinagar,,Fully,No,Yes,No,Yes,No,Yes,Yes,Yes,No,19000
3751,2BHK,House,Sharing,Boys,Infocity,Gandhinagar,,Semi,No,Yes,No,No,Yes,Yes,Yes,Yes,Yes,24000
3752,3BHK,Flat,Sharing,Girls,Sector 2,Gandhinagar,,Semi,Yes,No,No,Yes,Yes,Yes,No,Yes,Yes,31000
3753,1BHK,Tenament,Sharing,Any,Sector 6,Gandhinagar,,Fully,Yes,Yes,Yes,No,No,Yes,Yes,Yes,No,11000
3754,2BHK,House,Sharing,Boys,Sector 3,Gandhinagar,,Basic,Yes,Yes,Yes,Yes,No,Yes,Yes,Yes,No,13000
3755,1BHK,House,Full,Family,Sector 3,Gandhinagar,,Semi,Yes,Yes,Yes,No,No,Yes,No,Yes,No,10000
3756,1BHK,House,Full,Any,Infocity,Gandhinagar,,Semi,Yes,Yes,No,Yes,No,Yes,No,Yes,No,22000
3757,2BHK,Tenament,Sharing,Any,Sector 3,Gandhinagar,,Semi,No,No,Yes,Yes,No,Yes,No,Yes,Yes,12000
3758,3BHK,Room,Full,Boys,Vavol,Gandhinagar,,Semi,No,Yes,No,Yes,Yes,Yes,Yes,Yes,Yes,18000
3759,1BHK,Room,Full,Any,Kudasan,Gandhinagar,,Semi,No,Yes,Yes,No,No,Yes,No,Yes,No,19000
3760,1BHK,Tenament,Full,Boys,Sector 5A,Gandhinagar,,Fully,No,No,No,Yes,No,Yes,Yes,Yes,Yes,10000
3761,1BHK,House,Sharing,Any,Infocity,Gandhinagar,,Fully,No,No,Yes,No,Yes,Yes,No,Yes,Yes,20000
3762,2BHK,Tenament,Full,Any,Sector 2,Gandhinagar,,Semi,Yes,No,No,No,Yes,Yes,No,Yes,No,22000
3763,1BHK,Room,Full,Boys,Sector 13,Gandhinagar,,Fully,Yes,Yes,Yes,No,No,Yes,Yes,Yes,Yes,8000
3764,1BHK,Room,Sharing,Any,Sargasan,Gandhinagar,,Fully,No,Yes,No,No,No,Yes,No,Yes,No,17000
3765,2BHK,Room,Sharing,Girls,Sector 6,Gandhinagar,,Basic,No,Yes,Yes,Yes,No,Yes,Yes,Yes,Yes,17000
3766,2BHK,Flat,Sharing,Boys,Sector 3,Gandhinagar,,Fully,No,No,No,No,No,Yes,Yes,Yes,Yes,14000
3767,3BHK,Flat,Full,Family,Infocity,Gandhinagar,,Fully,Yes,No,No,No,No,Yes,No,Yes,No,40000
3768,3BHK,House,Full,Any,Sector 2,Gandhinagar,,Semi,No,Yes,No,Yes,Yes,Yes,No,Yes,Yes,24000
3769,2BHK,Flat,Sharing,Family,Sector 3,Gandhinagar,,Semi,Yes,No,No,No,Yes,Yes,Yes,Yes,No,11000
3770,1BHK,Tenament,Full,Girls,Sector 3,Gandhinagar,,Basic,Yes,No,Yes,Yes,Yes,Yes,No,Yes,Yes,10000
3771,3BHK,Room,Full,Boys,Sector 5A,Gandhinagar,,Basic,No,No,No,No,Yes,Yes,No,Yes,No,20000
3772,3BHK,Tenament,Full,Girls,Infocity,Gandhinagar,,Fully,No,Yes,Yes,Yes,No,Yes,Yes,Yes,No,38000
3773,3BHK,Flat,Sharing,Family,Sector 6,Gandhinagar,,Fully,No,Yes,Yes,Yes,No,Yes,Yes,Yes,No,25000
3774,2BHK,Flat,Full,Girls,Sector 13,Gandhinagar,,Basic,Yes,Yes,Yes,Yes,No,Yes,No,Yes,Yes,13000
3775,2BHK,House,Full,Girls,Infocity,Gandhinagar,,Fully,No,Yes,No,No,No,Yes,Yes,Yes,No,31000
3776,1BHK,House,Full,Any,Sector 6,Gandhinagar,,Basic,No,No,No,No,No,Yes,Yes,Yes,Yes,15000
3777,1BHK,Flat,Sharing,Girls,Infocity,Gandhinagar,,Basic,Yes,Yes,Yes,No,Yes,Yes,Yes,Yes,No,17000
3778,3BHK,House,Sharing,Any,Sector 6,Gandhinagar,,Basic,Yes,No,Yes,No,No,Yes,Yes,Yes,Yes,22000
3779,1BHK,Flat,Full,Family,Sector 6,Gandhinagar,,Fully,Yes,Yes,No,Yes,No,Yes,No,Yes,No,14000
3780,3BHK,Room,Sharing,Girls,Sargasan,Gandhinagar,,Basic,Yes,Yes,No,Yes,Yes,Yes,No,Yes,Yes,41000
3781,1BHK,Tenament,Sharing,Girls,Sector 6,Gandhinagar,,Basic,Yes,No,No,Yes,Yes,Yes,No,Yes,Yes,13000
3782,1BHK,House,Full,Girls,Infocity,Gandhinagar,,Semi,Yes,Yes,Yes,No,Yes,Yes,No,Yes,Yes,17000
3783,2BHK,House,Full,Family,Kudasan,Gandhinagar,,Fully,No,Yes,No,No,Yes,Yes,Yes,Yes,No,26000
3784,2BHK,Flat,Sharing,Any,Vavol,Gandhinagar,,Basic,Yes,No,No,Yes,Yes,Yes,No,Yes,No,13000
3785,2BHK,Room,Full,Boys,Sargasan,Gandhinagar,,Basic,Yes,No,Yes,No,No,Yes,Yes,Yes,Yes,28000
3786,2BHK,Room,Full,Any,Sector 5A,Gandhinagar,,Basic,No,No,No,No,No,Yes,Yes,Yes,No,16000
3787,1BHK,Tenament,Full,Any,Vavol,Gandhinagar,,Fully,Yes,No,Yes,No,Yes,Yes,Yes,Yes,No,11000
3788,3BHK,Flat,Sharing,Family,Sector 3,Gandhinagar,,Basic,Yes,No,No,Yes,No,Yes,No,Yes,No,18000
3789,1BHK,House,Sharing,Any,Sector 5A,Gandhinagar,,Fully,No,Yes,No,No,Yes,Yes,No,Yes,Yes,13000
3790,3BHK,Flat,Sharing,Girls,Sector 5A,Gandhinagar,,Semi,Yes,No,Yes,Yes,Yes,Yes,Yes,Yes,No,20000
3791,1BHK,Tenament,Full,Any,Sector 3,Gandhinagar,,Fully,Yes,Yes,Yes,Yes,No,Yes,No,Yes,No,10000
3792,1BHK,Room,Sharing,Family,Sector 13,Gandhinagar,,Semi,Yes,Yes,Yes,Yes,Yes,Yes,No,Yes,Yes,7000
3793,2BHK,Tenament,Full,Family,Vavol,Gandhinagar,,Fully,Yes,Yes,Yes,Yes,No,Yes,No,Yes,Yes,16000
3794,3BHK,Tenament,Sharing,Any,Infocity,Gandhinagar,,Basic,Yes,Yes,No,No,Yes,Yes,No,Yes,No,44000
3795,2BHK,Flat,Full,Girls,Sector 13,Gandhinagar,,Basic,No,Yes,Yes,No,No,Yes,Yes,Yes,Yes,13000
3796,2BHK,House,Sharing,Any,Sector 2,Gandhinagar,,Semi,Yes,Yes,Yes,No,No,Yes,Yes,Yes,Yes,19000
3797,1BHK,Flat,Sharing,Any,Sector 6,Gandhinagar,,Semi,No,No,No,Yes,No,Yes,Yes,Yes,No,12000
3798,1BHK,Room,Sharing,Boys,Sector 2,Gandhinagar,,Basic,No,No,Yes,No,Yes,Yes,Yes,Yes,Yes,13000
3799,1BHK,House,Sharing,Family,Sector 13,Gandhinagar,,Basic,Yes,Yes,Yes,No,Yes,Yes,No,Yes,Yes,9000
3800,3BHK,Tenament,Full,Any,Infocity,Gandhinagar,,Semi,No,No,Yes,Yes,Yes,Yes,No,Yes,No,44000
3801,2BHK,Room,Full,Any,Vavol,Gandhinagar,,Semi,Yes,Yes,Yes,Yes,No,Yes,No,Yes,No,13000
3802,2BHK,Tenament,Sharing,Any,Infocity,Gandhinagar,,Fully,No,Yes,No,No,No,Yes,No,Yes,Yes,24000
3803,2BHK,Flat,Sharing,Any,Sector 5A,Gandhinagar,,Semi,No,No,No,Yes,Yes,Yes,Yes,Yes,Yes,19000
3804,3BHK,Tenament,Full,Boys,Sector 2,Gandhinagar,,Fully,Yes,Yes,Yes,Yes,No,Yes,No,Yes,No,32000
3805,2BHK,House,Full,Boys,Infocity,Gandhinagar,,Semi,Yes,Yes,No,Yes,Yes,Yes,No,Yes,No,30000
3806,3BHK,Flat,Sharing,Boys,Sector 5A,Gandhinagar,,Semi,No,Yes,No,Yes,No,Yes,No,Yes,Yes,23000
3807,1BHK,Room,Sharing,Girls,Sector 13,Gandhinagar,,Fully,No,Yes,No,No,Yes,Yes,Yes,Yes,No,9000
3808,1BHK,Room,Sharing,Girls,Sargasan,Gandhinagar,,Semi,Yes,No,No,No,No,Yes,No,Yes,Yes,20000
3809,2BHK,Tenament,Sharing,Girls,Raysan,Gandhinagar,,Semi,No,Yes,No,No,No,Yes,No,Yes,No,22000
3810,1BHK,Tenament,Full,Family,Sector 2,Gandhinagar,,Basic,Yes,Yes,No,No,Yes,Yes,Yes,Yes,Yes,14000
3811,3BHK,Flat,Full,Any,Infocity,Gandhinagar,,Fully,No,No,No,No,Yes,Yes,Yes,Yes,No,41000
3812,3BHK,Flat,Sharing,Family,Vavol,Gandhinagar,,Semi,No,No,No,No,No,Yes,Yes,Yes,No,20000
3813,2BHK,Room,Sharing,Girls,Kudasan,Gandhinagar,,Fully,Yes,No,No,Yes,Yes,Yes,Yes,Yes,Yes,22000
3814,1BHK,Room,Sharing,Boys,Kudasan,Gandhinagar,,Semi,Yes,Yes,No,Yes,Yes,Yes,No,Yes,No,17000
3815,2BHK,House,Sharing,Boys,Kudasan,Gandhinagar,,Semi,Yes,No,No,Yes,Yes,Yes,No,Yes,No,27000
3816,3BHK,House,Full,Boys,Sargasan,Gandhinagar,,Fully,No,Yes,No,Yes,No,Yes,Yes,Yes,Yes,32000
3817,3BHK,House,Full,Boys,Sector 13,Gandhinagar,,Semi,No,Yes,No,Yes,No,Yes,No,Yes,Yes,17000
3818,2BHK,Flat,Sharing,Family,Sector 3,Gandhinagar,,Semi,No,No,Yes,No,No,Yes,Yes,Yes,Yes,13000
3819,3BHK,Room,Sharing,Family,Kudasan,Gandhinagar,,Basic,Yes,Yes,Yes,No,Yes,Yes,Yes,Yes,No,31000
3820,2BHK,Flat,Sharing,Boys,Raysan,Gandhinagar,,Semi,Yes,No,No,No,Yes,Yes,Yes,Yes,No,18000
3821,3BHK,Tenament,Full,Family,Sector 6,Gandhinagar,,Semi,Yes,No,Yes,Yes,No,Yes,No,Yes,No,23000
3822,2BHK,Tenament,Sharing,Family,Sector 5A,Gandhinagar,,Semi,Yes,Yes,No,No,Yes,Yes,Yes,Yes,Yes,16000
3823,3BHK,House,Sharing,Family,Sargasan,Gandhinagar,,Semi,No,No,No,Yes,No,Yes,No,Yes,Yes,32000
3824,2BHK,Flat,Full,Boys,Raysan,Gandhinagar,,Fully,No,Yes,Yes,No,Yes,Yes,No,Yes,Yes,19000
3825,2BHK,Room,Full,Any,Kudasan,Gandhinagar,,Fully,Yes,Yes,No,Yes,No,Yes,Yes,Yes,No,21000
3826,2BHK,Tenament,Full,Any,Sargasan,Gandhinagar,,Fully,Yes,No,Yes,Yes,No,Yes,No,Yes,Yes,28000
3827,3BHK,Tenament,Full,Any,Sector 6,Gandhinagar,,Basic,Yes,No,No,Yes,No,Yes,Yes,Yes,No,24000
3828,3BHK,Flat,Full,Boys,Raysan,Gandhinagar,,Fully,No,Yes,Yes,Yes,No,Yes,No,Yes,No,33000
3829,3BHK,Flat,Sharing,Girls,Sector 13,Gandhinagar,,Fully,Yes,No,Yes,No,Yes,Yes,No,Yes,No,14000
3830,2BHK,Flat,Full,Girls,Raysan,Gandhinagar,,Fully,Yes,Yes,No,No,No,Yes,Yes,Yes,Yes,26000
3831,3BHK,Tenament,Sharing,Girls,Vavol,Gandhinagar,,Basic,No,No,Yes,No,No,Yes,Yes,Yes,Yes,19000
3832,2BHK,Flat,Sharing,Any,Vavol,Gandhinagar,,Basic,Yes,Yes,No,Yes,No,Yes,No,Yes,No,15000
3833,2BHK,Room,Sharing,Family,Sector 2,Gandhinagar,,Basic,Yes,Yes,Yes,Yes,Yes,Yes,Yes,Yes,Yes,22000
3834,2BHK,Flat,Sharing,Family,Infocity,Gandhinagar,,Semi,No,Yes,Yes,Yes,No,Yes,Yes,Yes,No,26000
3835,1BHK,Room,Sharing,Any,Sector 5A,Gandhinagar,,Fully,No,No,No,No,No,Yes,No,Yes,Yes,13000
3836,3BHK,Room,Sharing,Girls,Infocity,Gandhinagar,,Semi,No,Yes,Yes,Yes,No,Yes,No,Yes,No,33000
3837,3BHK,House,Full,Family,Sector 5A,Gandhinagar,,Basic,Yes,No,No,No,Yes,Yes,Yes,Yes,Yes,25000
3838,1BHK,Room,Sharing,Girls,Sector 2,Gandhinagar,,Basic,No,Yes,No,No,Yes,Yes,No,Yes,No,15000
3839,1BHK,Tenament,Full,Boys,Vavol,Gandhinagar,,Semi,Yes,No,Yes,Yes,Yes,Yes,No,Yes,No,11000
3840,3BHK,House,Sharing,Family,Sector 6,Gandhinagar,,Semi,Yes,No,Yes,No,Yes,Yes,Yes,Yes,No,25000
3841,2BHK,Flat,Sharing,Family,Raysan,Gandhinagar,,Fully,No,Yes,Yes,Yes,Yes,Yes,No,Yes,Yes,19000
3842,1BHK,Flat,Sharing,Any,Infocity,Gandhinagar,,Basic,No,No,No,Yes,No,Yes,Yes,Yes,No,19000
3843,3BHK,Tenament,Sharing,Family,Vavol,Gandhinagar,,Semi,Yes,Yes,Yes,Yes,Yes,Yes,Yes,Yes,No,21000
3844,2BHK,House,Full,Boys,Infocity,Gandhinagar,,Semi,Yes,Yes,No,No,Yes,Yes,Yes,Yes,Yes,28000
3845,3BHK,House,Full,Family,Kudasan,Gandhinagar,,Basic,Yes,No,No,No,No,Yes,Yes,Yes,Yes,31000
3846,3BHK,Room,Full,Family,Sector 3,Gandhinagar,,Basic,No,No,Yes,No,No,Yes,Yes,Yes,No,18000
3847,1BHK,Room,Full,Boys,Sector 13,Gandhinagar,,Basic,No,No,No,No,No,Yes,No,Yes,No,7000
3848,2BHK,House,Full,Family,Sector 2,Gandhinagar,,Basic,No,Yes,No,No,No,Yes,Yes,Yes,Yes,18000
3849,2BHK,Room,Sharing,Family,Kudasan,Gandhinagar,,Fully,No,No,No,Yes,Yes,Yes,Yes,Yes,Yes,20000
3850,1BHK,Room,Sharing,Boys,Sector 13,Gandhinagar,,Semi,No,No,Yes,No,Yes,Yes,Yes,Yes,Yes,8000
3851,2BHK,House,Full,Girls,Sargasan,Gandhinagar,,Semi,No,No,No,No,No,Yes,No,Yes,Yes,21000
3852,2BHK,Flat,Full,Family,Vavol,Gandhinagar,,Fully,No,Yes,Yes,Yes,Yes,Yes,Yes,Yes,No,17000
3853,3BHK,Tenament,Sharing,Family,Raysan,Gandhinagar,,Fully,No,Yes,No,Yes,Yes,Yes,Yes,Yes,No,31000
3854,3BHK,Tenament,Full,Girls,Kudasan,Gandhinagar,,Fully,Yes,Yes,No,Yes,Yes,Yes,No,Yes,Yes,30000
3855,1BHK,Flat,Full,Boys,Kudasan,Gandhinagar,,Fully,No,No,No,Yes,Yes,Yes,No,Yes,No,15000
3856,2BHK,House,Full,Family,Sector 3,Gandhinagar,,Semi,Yes,Yes,No,No,No,Yes,No,Yes,Yes,12000
3857,3BHK,Room,Sharing,Boys,Sector 3,Gandhinagar,,Basic,Yes,Yes,No,No,Yes,Yes,Yes,Yes,No,16000
3858,3BHK,Flat,Sharing,Family,Raysan,Gandhinagar,,Fully,Yes,Yes,Yes,No,Yes,Yes,No,Yes,Yes,27000
3859,3BHK,Flat,Sharing,Boys,Sargasan,Gandhinagar,,Fully,No,Yes,Yes,No,No,Yes,Yes,Yes,Yes,36000
3860,2BHK,Room,Sharing,Girls,Vavol,Gandhinagar,,Fully,No,Yes,No,No,No,Yes,No,Yes,Yes,15000
3861,2BHK,Tenament,Sharing,Any,Sector 6,Gandhinagar,,Semi,No,No,Yes,No,Yes,Yes,Yes,Yes,Yes,19000
3862,2BHK,Room,Full,Family,Kudasan,Gandhinagar,,Basic,Yes,No,No,No,Yes,Yes,Yes,Yes,Yes,28000
3863,2BHK,Room,Sharing,Any,Sector 3,Gandhinagar,,Fully,Yes,Yes,Yes,No,Yes,Yes,No,Yes,No,13000
3864,1BHK,Tenament,Full,Any,Sector 13,Gandhinagar,,Fully,Yes,No,No,No,Yes,Yes,No,Yes,No,9000
3865,1BHK,Tenament,Full,Boys,Sargasan,Gandhinagar,,Semi,No,No,No,No,No,Yes,Yes,Yes,Yes,18000
3866,1BHK,Room,Sharing,Family,Sargasan,Gandhinagar,,Basic,No,No,Yes,Yes,Yes,Yes,Yes,Yes,No,17000
3867,3BHK,Room,Sharing,Boys,Vavol,Gandhinagar,,Fully,No,No,Yes,Yes,Yes,Yes,No,Yes,Yes,23000
3868,1BHK,Room,Full,Any,Infocity,Gandhinagar,,Semi,Yes,No,No,Yes,Yes,Yes,No,Yes,No,18000
3869,3BHK,Flat,Sharing,Girls,Sector 2,Gandhinagar,,Basic,Yes,No,Yes,No,No,Yes,Yes,Yes,Yes,31000
3870,3BHK,Flat,Full,Boys,Vavol,Gandhinagar,,Basic,Yes,No,Yes,No,Yes,Yes,Yes,Yes,Yes,19000
3871,3BHK,House,Full,Family,Kudasan,Gandhinagar,,Semi,No,Yes,No,No,No,Yes,No,Yes,No,32000
3872,2BHK,Room,Sharing,Any,Sector 13,Gandhinagar,,Basic,Yes,No,No,No,Yes,Yes,No,Yes,Yes,13000
3873,2BHK,Flat,Sharing,Any,Raysan,Gandhinagar,,Fully,Yes,No,Yes,Yes,Yes,Yes,Yes,Yes,No,20000
3874,3BHK,Flat,Sharing,Family,Kudasan,Gandhinagar,,Basic,No,Yes,Yes,Yes,No,Yes,Yes,Yes,No,29000
3875,3BHK,House,Full,Family,Infocity,Gandhinagar,,Semi,No,No,No,Yes,No,Yes,Yes,Yes,Yes,37000
3876,1BHK,Tenament,Full,Family,Sector 2,Gandhinagar,,Semi,Yes,Yes,No,No,No,Yes,No,Yes,No,15000
3877,1BHK,House,Sharing,Boys,Sector 6,Gandhinagar,,Semi,No,Yes,Yes,No,No,Yes,No,Yes,Yes,11000
3878,3BHK,Room,Sharing,Family,Vavol,Gandhinagar,,Semi,Yes,No,Yes,No,No,Yes,No,Yes,No,23000
3879,1BHK,Room,Sharing,Boys,Infocity,Gandhinagar,,Basic,No,Yes,No,No,No,Yes,No,Yes,Yes,15000
3880,1BHK,Flat,Full,Family,Sector 13,Gandhinagar,,Fully,Yes,Yes,Yes,Yes,Yes,Yes,No,Yes,Yes,6000
3881,3BHK,Flat,Sharing,Boys,Raysan,Gandhinagar,,Fully,Yes,Yes,No,No,Yes,Yes,No,Yes,No,32000
3882,1BHK,Tenament,Full,Family,Sargasan,Gandhinagar,,Fully,No,Yes,Yes,Yes,No,Yes,No,Yes,Yes,20000
3883,1BHK,Tenament,Sharing,Boys,Sector 3,Gandhinagar,,Basic,No,No,Yes,Yes,No,Yes,No,Yes,Yes,9000
3884,2BHK,Room,Full,Boys,Sector 3,Gandhinagar,,Basic,Yes,Yes,No,No,No,Yes,Yes,Yes,No,15000
3885,2BHK,Flat,Sharing,Boys,Sector 13,Gandhinagar,,Fully,No,No,Yes,Yes,No,Yes,No,Yes,Yes,12000
3886,2BHK,Tenament,Sharing,Family,Raysan,Gandhinagar,,Fully,Yes,Yes,No,Yes,No,Yes,Yes,Yes,No,23000
3887,2BHK,House,Sharing,Girls,Vavol,Gandhinagar,,Fully,Yes,No,Yes,Yes,No,Yes,Yes,Yes,Yes,17000
3888,3BHK,House,Full,Girls,Vavol,Gandhinagar,,Basic,No,Yes,Yes,No,No,Yes,No,Yes,Yes,21000
3889,2BHK,Tenament,Full,Girls,Sector 2,Gandhinagar,,Semi,Yes,No,Yes,Yes,No,Yes,Yes,Yes,Yes,22000
3890,3BHK,Tenament,Full,Girls,Sector 2,Gandhinagar,,Basic,Yes,Yes,Yes,Yes,No,Yes,Yes,Yes,Yes,26000
3891,3BHK,Room,Full,Any,Infocity,Gandhinagar,,Fully,Yes,No,Yes,No,No,Yes,Yes,Yes,No,39000
3892,1BHK,House,Sharing,Girls,Kudasan,Gandhinagar,,Basic,No,No,No,Yes,No,Yes,Yes,Yes,No,14000
3893,2BHK,Room,Full,Any,Sector 13,Gandhinagar,,Fully,Yes,No,Yes,Yes,Yes,Yes,Yes,Yes,Yes,11000
3894,2BHK,Flat,Full,Girls,Sector 5A,Gandhinagar,,Semi,Yes,Yes,No,No,No,Yes,No,Yes,Yes,16000
3895,2BHK,Flat,Full,Any,Sector 2,Gandhinagar,,Semi,Yes,Yes,No,No,No,Yes,Yes,Yes,Yes,20000
3896,2BHK,House,Full,Family,Sector 6,Gandhinagar,,Semi,Yes,No,Yes,Yes,Yes,Yes,Yes,Yes,No,16000
3897,3BHK,Room,Sharing,Family,Kudasan,Gandhinagar,,Semi,No,No,Yes,No,Yes,Yes,Yes,Yes,Yes,32000
3898,1BHK,Room,Full,Any,Infocity,Gandhinagar,,Fully,Yes,No,No,Yes,No,Yes,No,Yes,No,18000
3899,2BHK,Flat,Sharing,Any,Sector 5A,Gandhinagar,,Basic,No,Yes,No,Yes,Yes,Yes,Yes,Yes,Yes,16000
3900,2BHK,Flat,Sharing,Girls,Sector 2,Gandhinagar,,Semi,Yes,No,No,Yes,Yes,Yes,No,Yes,No,17000
3901,1BHK,Tenament,Sharing,Girls,Raysan,Gandhinagar,,Fully,No,No,Yes,No,No,Yes,Yes,Yes,Yes,16000
3902,3BHK,Room,Sharing,Any,Sector 5A,Gandhinagar,,Basic,No,Yes,No,No,Yes,Yes,No,Yes,Yes,20000
3903,1BHK,Room,Sharing,Boys,Sargasan,Gandhinagar,,Basic,Yes,Yes,No,No,Yes,Yes,No,Yes,Yes,14000
3904,1BHK,Room,Sharing,Any,Sector 3,Gandhinagar,,Fully,Yes,No,No,No,No,Yes,No,Yes,No,9000
3905,3BHK,Tenament,Full,Boys,Sargasan,Gandhinagar,,Fully,Yes,Yes,Yes,Yes,No,Yes,No,Yes,No,37000
3906,3BHK,Tenament,Full,Family,Raysan,Gandhinagar,,Basic,Yes,Yes,No,Yes,Yes,Yes,No,Yes,No,29000
3907,3BHK,Room,Sharing,Girls,Infocity,Gandhinagar,,Semi,No,Yes,Yes,No,Yes,Yes,No,Yes,Yes,35000
3908,2BHK,House,Full,Boys,Vavol,Gandhinagar,,Basic,Yes,Yes,No,No,No,Yes,No,Yes,Yes,12000
3909,1BHK,Flat,Sharing,Any,Kudasan,Gandhinagar,,Semi,No,No,No,No,Yes,Yes,Yes,Yes,Yes,14000
3910,2BHK,House,Sharing,Any,Vavol,Gandhinagar,,Fully,No,No,No,Yes,No,Yes,No,Yes,Yes,13000
3911,1BHK,Flat,Sharing,Girls,Sector 5A,Gandhinagar,,Semi,Yes,Yes,No,No,No,Yes,Yes,Yes,Yes,10000
3912,1BHK,House,Sharing,Family,Sector 2,Gandhinagar,,Fully,No,No,Yes,No,No,Yes,No,Yes,Yes,16000
3913,2BHK,Flat,Sharing,Boys,Sector 5A,Gandhinagar,,Basic,Yes,Yes,No,No,Yes,Yes,Yes,Yes,No,17000
3914,3BHK,Tenament,Full,Family,Sector 6,Gandhinagar,,Basic,No,No,No,No,Yes,Yes,Yes,Yes,Yes,28000
3915,1BHK,Tenament,Sharing,Boys,Vavol,Gandhinagar,,Fully,No,No,No,No,No,Yes,No,Yes,Yes,11000
3916,2BHK,Tenament,Full,Girls,Sector 5A,Gandhinagar,,Basic,Yes,No,No,Yes,No,Yes,No,Yes,No,15000
3917,3BHK,Tenament,Sharing,Boys,Sector 3,Gandhinagar,,Semi,No,Yes,Yes,No,Yes,Yes,Yes,Yes,No,18000
3918,3BHK,Flat,Full,Girls,Sector 2,Gandhinagar,,Basic,Yes,Yes,Yes,No,No,Yes,Yes,Yes,Yes,27000
3919,1BHK,House,Sharing,Family,Sector 13,Gandhinagar,,Fully,Yes,Yes,No,Yes,No,Yes,Yes,Yes,No,6000
3920,3BHK,Flat,Sharing,Boys,Sector 3,Gandhinagar,,Basic,No,Yes,No,No,Yes,Yes,Yes,Yes,Yes,18000
3921,3BHK,Tenament,Full,Any,Infocity,Gandhinagar,,Semi,No,Yes,Yes,Yes,No,Yes,No,Yes,Yes,43000
3922,1BHK,House,Sharing,Any,Infocity,Gandhinagar,,Fully,Yes,Yes,Yes,Yes,Yes,Yes,No,Yes,Yes,18000
3923,1BHK,House,Full,Family,Sargasan,Gandhinagar,,Fully,No,Yes,Yes,Yes,Yes,Yes,Yes,Yes,Yes,21000
3924,1BHK,House,Sharing,Boys,Sector 6,Gandhinagar,,Semi,Yes,No,Yes,No,Yes,Yes,No,Yes,Yes,11000
3925,3BHK,Tenament,Full,Any,Vavol,Gandhinagar,,Semi,Yes,No,Yes,No,No,Yes,Yes,Yes,No,18000
3926,1BHK,House,Sharing,Any,Sector 5A,Gandhinagar,,Fully,No,Yes,Yes,Yes,No,Yes,Yes,Yes,No,13000
3927,1BHK,House,Sharing,Any,Sargasan,Gandhinagar,,Semi,No,Yes,No,No,No,Yes,No,Yes,Yes,17000
3928,3BHK,House,Sharing,Boys,Sector 5A,Gandhinagar,,Basic,Yes,Yes,No,Yes,Yes,Yes,No,Yes,Yes,23000
3929,3BHK,Room,Full,Boys,Kudasan,Gandhinagar,,Basic,No,Yes,Yes,No,Yes,Yes,Yes,Yes,Yes,38000
3930,2BHK,Flat,Full,Any,Sector 3,Gandhinagar,,Semi,Yes,Yes,No,No,Yes,Yes,No,Yes,Yes,14000
3931,3BHK,Room,Sharing,Boys,Sector 2,Gandhinagar,,Semi,No,Yes,No,No,Yes,Yes,No,Yes,No,30000
3932,1BHK,House,Sharing,Boys,Sector 13,Gandhinagar,,Basic,No,No,Yes,Yes,Yes,Yes,No,Yes,No,7000
3933,3BHK,Tenament,Full,Any,Sector 13,Gandhinagar,,Basic,Yes,No,Yes,No,No,Yes,No,Yes,No,17000
3934,3BHK,House,Full,Any,Sargasan,Gandhinagar,,Fully,Yes,No,Yes,No,No,Yes,No,Yes,No,33000
3935,3BHK,Flat,Sharing,Girls,Sector 2,Gandhinagar,,Semi,Yes,No,Yes,Yes,No,Yes,Yes,Yes,Yes,27000
3936,1BHK,Tenament,Full,Girls,Infocity,Gandhinagar,,Basic,No,Yes,Yes,Yes,Yes,Yes,No,Yes,No,16000
3937,1BHK,House,Full,Any,Raysan,Gandhinagar,,Semi,No,Yes,Yes,Yes,No,Yes,Yes,Yes,No,15000
3938,1BHK,House,Sharing,Girls,Sector 13,Gandhinagar,,Basic,No,No,No,No,Yes,Yes,No,Yes,No,6000
3939,3BHK,Room,Sharing,Boys,Sector 5A,Gandhinagar,,Semi,No,No,Yes,Yes,No,Yes,No,Yes,No,21000
3940,3BHK,House,Sharing,Any,Infocity,Gandhinagar,,Fully,Yes,No,No,No,No,Yes,Yes,Yes,No,37000
3941,1BHK,House,Full,Boys,Infocity,Gandhinagar,,Fully,No,No,No,Yes,Yes,Yes,Yes,Yes,Yes,19000
3942,1BHK,Room,Sharing,Boys,Kudasan,Gandhinagar,,Fully,No,No,Yes,Yes,No,Yes,Yes,Yes,Yes,19000
3943,3BHK,Tenament,Full,Boys,Vavol,Gandhinagar,,Basic,No,No,No,Yes,Yes,Yes,Yes,Yes,Yes,23000
3944,3BHK,Room,Full,Family,Sargasan,Gandhinagar,,Fully,Yes,Yes,No,No,Yes,Yes,No,Yes,No,35000
3945,1BHK,Tenament,Full,Girls,Sector 6,Gandhinagar,,Basic,No,Yes,No,Yes,Yes,Yes,No,Yes,Yes,11000
3946,3BHK,Room,Sharing,Girls,Infocity,Gandhinagar,,Fully,No,No,No,No,No,Yes,Yes,Yes,No,45000
3947,3BHK,Room,Full,Any,Infocity,Gandhinagar,,Semi,Yes,Yes,No,Yes,No,Yes,Yes,Yes,No,36000
3948,3BHK,Tenament,Sharing,Boys,Sector 2,Gandhinagar,,Fully,No,Yes,No,No,Yes,Yes,Yes,Yes,Yes,30000
3949,2BHK,Flat,Sharing,Boys,Vavol,Gandhinagar,,Fully,Yes,No,No,No,No,Yes,No,Yes,No,18000
3950,2BHK,Tenament,Sharing,Boys,Sector 13,Gandhinagar,,Semi,No,Yes,No,No,Yes,Yes,Yes,Yes,No,13000
3951,3BHK,Room,Full,Any,Sector 5A,Gandhinagar,,Basic,No,Yes,No,No,No,Yes,Yes,Yes,Yes,26000
3952,1BHK,Flat,Full,Girls,Kudasan,Gandhinagar,,Fully,Yes,Yes,Yes,Yes,Yes,Yes,Yes,Yes,No,17000
3953,1BHK,Flat,Sharing,Any,Sector 13,Gandhinagar,,Basic,No,Yes,No,No,Yes,Yes,No,Yes,No,8000
3954,3BHK,House,Sharing,Boys,Sector 13,Gandhinagar,,Semi,No,No,Yes,No,Yes,Yes,No,Yes,Yes,15000
3955,1BHK,Flat,Sharing,Boys,Kudasan,Gandhinagar,,Semi,Yes,Yes,No,Yes,Yes,Yes,No,Yes,No,14000
3956,1BHK,Room,Full,Girls,Sector 13,Gandhinagar,,Basic,No,No,No,No,No,Yes,Yes,Yes,No,6000
3957,2BHK,Tenament,Full,Boys,Vavol,Gandhinagar,,Basic,No,Yes,No,Yes,Yes,Yes,Yes,Yes,Yes,13000
3958,1BHK,Tenament,Full,Girls,Sector 5A,Gandhinagar,,Basic,No,No,Yes,Yes,No,Yes,No,Yes,No,11000
3959,2BHK,Room,Sharing,Family,Sector 2,Gandhinagar,,Basic,Yes,No,No,Yes,No,Yes,Yes,Yes,No,23000
3960,3BHK,House,Full,Family,Sargasan,Gandhinagar,,Basic,No,Yes,No,Yes,No,Yes,No,Yes,No,42000
3961,3BHK,Room,Sharing,Girls,Sector 13,Gandhinagar,,Basic,Yes,No,No,Yes,No,Yes,Yes,Yes,No,14000
3962,1BHK,Tenament,Full,Girls,Vavol,Gandhinagar,,Fully,No,Yes,No,Yes,Yes,Yes,Yes,Yes,Yes,11000
3963,2BHK,Room,Sharing,Any,Sector 5A,Gandhinagar,,Semi,Yes,Yes,No,No,No,Yes,No,Yes,No,16000
3964,2BHK,House,Sharing,Family,Raysan,Gandhinagar,,Fully,Yes,Yes,Yes,No,Yes,Yes,No,Yes,No,25000
3965,3BHK,House,Sharing,Any,Vavol,Gandhinagar,,Fully,No,No,Yes,No,No,Yes,Yes,Yes,Yes,22000
3966,3BHK,Tenament,Full,Family,Sector 2,Gandhinagar,,Semi,Yes,No,No,Yes,Yes,Yes,No,Yes,Yes,26000
3967,3BHK,House,Sharing,Boys,Sector 2,Gandhinagar,,Basic,No,Yes,No,Yes,Yes,Yes,No,Yes,Yes,26000
3968,1BHK,Flat,Full,Boys,Sector 3,Gandhinagar,,Fully,Yes,Yes,Yes,Yes,No,Yes,Yes,Yes,Yes,9000
3969,1BHK,Flat,Full,Family,Sector 2,Gandhinagar,,Fully,No,Yes,No,Yes,Yes,Yes,Yes,Yes,No,14000
3970,1BHK,House,Full,Family,Sector 2,Gandhinagar,,Fully,Yes,No,Yes,Yes,No,Yes,No,Yes,Yes,12000
3971,3BHK,Room,Sharing,Girls,Infocity,Gandhinagar,,Fully,Yes,Yes,No,Yes,Yes,Yes,Yes,Yes,Yes,35000
3972,1BHK,House,Sharing,Girls,Sector 3,Gandhinagar,,Fully,Yes,No,No,No,No,Yes,No,Yes,No,9000
3973,3BHK,House,Full,Family,Sector 5A,Gandhinagar,,Fully,No,No,Yes,No,Yes,Yes,No,Yes,No,25000
3974,2BHK,Flat,Sharing,Girls,Kudasan,Gandhinagar,,Semi,Yes,No,Yes,Yes,Yes,Yes,Yes,Yes,No,27000
3975,2BHK,Room,Full,Family,Kudasan,Gandhinagar,,Semi,Yes,No,No,Yes,Yes,Yes,Yes,Yes,No,24000
3976,3BHK,Tenament,Full,Girls,Sector 3,Gandhinagar,,Basic,Yes,Yes,Yes,No,No,Yes,Yes,Yes,No,18000
3977,1BHK,House,Full,Family,Sector 13,Gandhinagar,,Fully,Yes,Yes,Yes,Yes,No,Yes,No,Yes,Yes,8000
3978,1BHK,Tenament,Sharing,Boys,Sector 6,Gandhinagar,,Basic,Yes,Yes,Yes,No,Yes,Yes,No,Yes,Yes,12000
3979,1BHK,Tenament,Sharing,Boys,Sargasan,Gandhinagar,,Fully,Yes,No,No,Yes,No,Yes,Yes,Yes,No,19000
3980,1BHK,Tenament,Sharing,Family,Raysan,Gandhinagar,,Basic,No,Yes,No,Yes,Yes,Yes,No,Yes,No,13000
3981,2BHK,Flat,Full,Boys,Sector 5A,Gandhinagar,,Basic,Yes,No,No,No,No,Yes,No,Yes,Yes,15000
3982,1BHK,Room,Full,Family,Sector 13,Gandhinagar,,Fully,No,Yes,Yes,No,Yes,Yes,Yes,Yes,Yes,6000
3983,1BHK,Tenament,Sharing,Family,Sector 13,Gandhinagar,,Fully,Yes,Yes,No,Yes,No,Yes,No,Yes,Yes,7000
3984,1BHK,Room,Sharing,Family,Kudasan,Gandhinagar,,Semi,No,No,Yes,Yes,Yes,Yes,No,Yes,No,18000
3985,2BHK,Room,Full,Any,Sector 5A,Gandhinagar,,Fully,No,No,No,Yes,Yes,Yes,Yes,Yes,Yes,18000
3986,3BHK,Room,Sharing,Family,Infocity,Gandhinagar,,Semi,No,No,No,Yes,Yes,Yes,No,Yes,No,35000
3987,2BHK,Tenament,Sharing,Any,Sector 2,Gandhinagar,,Fully,Yes,Yes,No,No,No,Yes,Yes,Yes,No,20000
3988,2BHK,House,Sharing,Girls,Sector 3,Gandhinagar,,Semi,No,No,Yes,No,Yes,Yes,Yes,Yes,Yes,11000
3989,1BHK,House,Full,Family,Sector 5A,Gandhinagar,,Basic,Yes,No,Yes,Yes,No,Yes,Yes,Yes,No,10000
3990,1BHK,Tenament,Full,Family,Sector 2,Gandhinagar,,Basic,Yes,No,Yes,No,No,Yes,No,Yes,Yes,16000
3991,2BHK,House,Full,Family,Infocity,Gandhinagar,,Fully,Yes,Yes,No,No,Yes,Yes,No,Yes,No,28000
3992,2BHK,Flat,Sharing,Girls,Sector 5A,Gandhinagar,,Fully,No,No,Yes,No,No,Yes,Yes,Yes,Yes,14000
3993,2BHK,House,Full,Family,Vavol,Gandhinagar,,Fully,Yes,No,No,Yes,Yes,Yes,Yes,Yes,No,15000
3994,1BHK,Room,Sharing,Any,Sector 5A,Gandhinagar,,Semi,Yes,No,Yes,Yes,Yes,Yes,Yes,Yes,No,11000
3995,2BHK,Room,Sharing,Any,Kudasan,Gandhinagar,,Basic,Yes,Yes,No,Yes,No,Yes,No,Yes,Yes,24000
3996,1BHK,Tenament,Full,Boys,Sector 5A,Gandhinagar,,Basic,No,Yes,Yes,Yes,No,Yes,No,Yes,Yes,13000
3997,1BHK,House,Full,Boys,Sector 6,Gandhinagar,,Basic,Yes,No,Yes,No,No,Yes,Yes,Yes,Yes,12000
3998,2BHK,House,Full,Girls,Sector 2,Gandhinagar,,Basic,No,Yes,No,Yes,No,Yes,No,Yes,No,20000
3999,1BHK,Room,Full,Girls,Sargasan,Gandhinagar,,Basic,No,Yes,No,No,No,Yes,Yes,Yes,No,18000
4000,2BHK,House,Full,Family,Infocity,Gandhinagar,,Basic,No,Yes,Yes,No,Yes,Yes,No,Yes,No,29000
4001,2BHK,House,Full,Any,Sector 3,Gandhinagar,,Semi,Yes,No,No,Yes,Yes,Yes,Yes,Yes,Yes,11000
4002,2BHK,Room,Sharing,Any,Sector 3,Gandhinagar,,Semi,No,Yes,Yes,No,No,Yes,No,Yes,Yes,15000
4003,2BHK,Flat,Full,Boys,Sargasan,Gandhinagar,,Basic,Yes,Yes,Yes,No,No,Yes,Yes,Yes,No,25000
4004,3BHK,Room,Sharing,Girls,Sector 3,Gandhinagar,,Fully,Yes,No,Yes,No,No,Yes,No,Yes,Yes,19000
4005,2BHK,House,Full,Any,Sector 2,Gandhinagar,,Semi,No,No,No,No,No,Yes,No,Yes,No,24000
4006,3BHK,Tenament,Sharing,Family,Raysan,Gandhinagar,,Basic,No,No,Yes,No,No,Yes,No,Yes,No,30000
4007,1BHK,Flat,Sharing,Family,Kudasan,Gandhinagar,,Fully,No,Yes,Yes,Yes,Yes,Yes,No,Yes,Yes,14000
4008,2BHK,Tenament,Sharing,Any,Sector 13,Gandhinagar,,Basic,Yes,Yes,No,Yes,No,Yes,No,Yes,No,11000
4009,3BHK,House,Sharing,Boys,Infocity,Gandhinagar,,Fully,Yes,Yes,Yes,Yes,Yes,Yes,No,Yes,Yes,44000
4010,1BHK,Room,Full,Girls,Sector 6,Gandhinagar,,Basic,Yes,No,Yes,Yes,Yes,Yes,Yes,Yes,No,14000
4011,3BHK,Room,Full,Any,Sargasan,Gandhinagar,,Semi,Yes,No,No,No,Yes,Yes,No,Yes,No,34000
4012,2BHK,Room,Full,Girls,Raysan,Gandhinagar,,Fully,No,No,No,Yes,No,Yes,Yes,Yes,No,18000
4013,1BHK,Flat,Full,Family,Sector 13,Gandhinagar,,Basic,No,No,Yes,No,Yes,Yes,No,Yes,Yes,6000
4014,2BHK,House,Full,Boys,Sector 2,Gandhinagar,,Semi,No,Yes,No,No,Yes,Yes,Yes,Yes,Yes,22000
4015,2BHK,Room,Sharing,Girls,Sargasan,Gandhinagar,,Basic,Yes,Yes,No,Yes,Yes,Yes,No,Yes,Yes,31000
4016,2BHK,Flat,Full,Family,Sector 2,Gandhinagar,,Fully,Yes,No,Yes,No,Yes,Yes,Yes,Yes,Yes,19000
4017,3BHK,Room,Sharing,Boys,Sargasan,Gandhinagar,,Semi,Yes,Yes,No,Yes,No,Yes,No,Yes,Yes,32000
4018,2BHK,House,Full,Any,Sargasan,Gandhinagar,,Fully,No,Yes,No,No,No,Yes,Yes,Yes,No,24000
4019,1BHK,Flat,Full,Boys,Kudasan,Gandhinagar,,Fully,No,No,No,No,No,Yes,Yes,Yes,No,17000
4020,3BHK,Tenament,Full,Any,Vavol,Gandhinagar,,Semi,Yes,Yes,No,No,Yes,Yes,Yes,Yes,Yes,19000
4021,3BHK,House,Sharing,Any,Raysan,Gandhinagar,,Basic,Yes,No,Yes,Yes,No,Yes,Yes,Yes,No,32000
4022,3BHK,Flat,Sharing,Any,Infocity,Gandhinagar,,Fully,Yes,No,Yes,Yes,Yes,Yes,No,Yes,Yes,44000
4023,3BHK,Tenament,Full,Girls,Kudasan,Gandhinagar,,Basic,Yes,No,Yes,Yes,Yes,Yes,No,Yes,Yes,39000
4024,1BHK,Tenament,Full,Any,Sector 6,Gandhinagar,,Basic,No,No,Yes,Yes,No,Yes,No,Yes,No,11000
4025,2BHK,Tenament,Sharing,Girls,Sector 13,Gandhinagar,,Fully,Yes,Yes,Yes,No,Yes,Yes,Yes,Yes,Yes,12000
4026,3BHK,Room,Full,Boys,Sector 2,Gandhinagar,,Semi,Yes,No,No,No,Yes,Yes,No,Yes,No,30000
4027,2BHK,House,Sharing,Boys,Sector 2,Gandhinagar,,Fully,Yes,Yes,No,Yes,No,Yes,No,Yes,Yes,22000
4028,1BHK,Tenament,Sharing,Girls,Sector 5A,Gandhinagar,,Basic,No,Yes,No,Yes,No,Yes,No,Yes,Yes,12000
4029,2BHK,Flat,Full,Any,Sector 5A,Gandhinagar,,Semi,No,No,No,No,No,Yes,No,Yes,No,17000
4030,1BHK,Tenament,Sharing,Family,Infocity,Gandhinagar,,Fully,No,No,Yes,Yes,Yes,Yes,No,Yes,Yes,17000
4031,3BHK,Flat,Full,Any,Vavol,Gandhinagar,,Basic,Yes,No,No,No,No,Yes,Yes,Yes,No,21000
4032,2BHK,Flat,Sharing,Boys,Sector 5A,Gandhinagar,,Semi,Yes,Yes,Yes,No,Yes,Yes,Yes,Yes,No,16000
4033,3BHK,Tenament,Full,Boys,Sector 6,Gandhinagar,,Basic,No,No,Yes,Yes,Yes,Yes,No,Yes,No,23000
4034,1BHK,Tenament,Sharing,Boys,Vavol,Gandhinagar,,Fully,Yes,Yes,Yes,No,Yes,Yes,No,Yes,No,9000
4035,3BHK,Room,Sharing,Family,Vavol,Gandhinagar,,Semi,Yes,No,No,No,Yes,Yes,Yes,Yes,Yes,21000
4036,3BHK,Tenament,Full,Any,Raysan,Gandhinagar,,Basic,Yes,No,Yes,No,Yes,Yes,Yes,Yes,No,29000
4037,3BHK,Flat,Full,Girls,Sector 3,Gandhinagar,,Basic,Yes,Yes,No,No,No,Yes,Yes,Yes,No,17000
4038,2BHK,House,Sharing,Boys,Vavol,Gandhinagar,,Fully,No,Yes,Yes,No,No,Yes,Yes,Yes,Yes,15000
4039,1BHK,Tenament,Full,Any,Raysan,Gandhinagar,,Basic,No,No,No,Yes,No,Yes,No,Yes,Yes,13000
4040,3BHK,Tenament,Sharing,Boys,Sector 6,Gandhinagar,,Fully,Yes,Yes,No,Yes,No,Yes,No,Yes,Yes,27000
4041,1BHK,Tenament,Sharing,Boys,Vavol,Gandhinagar,,Semi,Yes,Yes,No,Yes,Yes,Yes,Yes,Yes,Yes,12000
4042,2BHK,Tenament,Full,Girls,Sector 13,Gandhinagar,,Semi,Yes,Yes,No,Yes,Yes,Yes,Yes,Yes,No,11000
4043,2BHK,House,Full,Girls,Kudasan,Gandhinagar,,Fully,No,Yes,Yes,Yes,No,Yes,No,Yes,Yes,22000
4044,2BHK,Flat,Sharing,Any,Sector 3,Gandhinagar,,Basic,No,Yes,No,No,No,Yes,Yes,Yes,No,14000
4045,2BHK,Flat,Full,Girls,Vavol,Gandhinagar,,Fully,Yes,Yes,Yes,No,No,Yes,No,Yes,Yes,15000
4046,3BHK,Flat,Sharing,Boys,Sector 5A,Gandhinagar,,Fully,Yes,No,No,No,Yes,Yes,No,Yes,No,25000
4047,1BHK,Tenament,Sharing,Family,Vavol,Gandhinagar,,Basic,Yes,Yes,Yes,Yes,Yes,Yes,Yes,Yes,Yes,11000
4048,3BHK,Tenament,Sharing,Boys,Sector 6,Gandhinagar,,Basic,No,No,Yes,No,No,Yes,No,Yes,No,30000
4049,2BHK,Tenament,Sharing,Any,Sector 5A,Gandhinagar,,Basic,Yes,No,Yes,No,Yes,Yes,Yes,Yes,No,20000
4050,3BHK,Tenament,Full,Any,Sector 6,Gandhinagar,,Basic,No,Yes,No,No,No,Yes,Yes,Yes,Yes,23000
4051,3BHK,Tenament,Full,Girls,Sector 3,Gandhinagar,,Semi,No,Yes,Yes,No,Yes,Yes,No,Yes,Yes,19000
4052,3BHK,Room,Sharing,Girls,Sector 6,Gandhinagar,,Semi,No,Yes,Yes,Yes,No,Yes,Yes,Yes,No,29000
4053,2BHK,Room,Sharing,Family,Sargasan,Gandhinagar,,Semi,Yes,No,No,Yes,No,Yes,No,Yes,Yes,28000
4054,3BHK,Flat,Full,Girls,Vavol,Gandhinagar,,Basic,Yes,No,No,Yes,Yes,Yes,No,Yes,Yes,18000
4055,1BHK,House,Sharing,Family,Sector 2,Gandhinagar,,Fully,No,No,No,Yes,No,Yes,No,Yes,Yes,15000
4056,1BHK,Flat,Full,Family,Sector 6,Gandhinagar,,Fully,No,No,Yes,No,Yes,Yes,Yes,Yes,No,13000
4057,2BHK,Flat,Full,Any,Vavol,Gandhinagar,,Semi,Yes,Yes,Yes,No,Yes,Yes,Yes,Yes,Yes,15000
4058,3BHK,Room,Full,Boys,Sector 5A,Gandhinagar,,Fully,No,Yes,No,No,Yes,Yes,No,Yes,No,25000
4059,3BHK,Tenament,Full,Girls,Kudasan,Gandhinagar,,Basic,Yes,Yes,Yes,Yes,No,Yes,No,Yes,No,37000
4060,3BHK,House,Sharing,Girls,Vavol,Gandhinagar,,Basic,Yes,Yes,No,Yes,No,Yes,Yes,Yes,No,21000
4061,2BHK,Room,Sharing,Boys,Infocity,Gandhinagar,,Semi,No,No,No,Yes,Yes,Yes,Yes,Yes,Yes,28000
4062,2BHK,Room,Sharing,Family,Infocity,Gandhinagar,,Basic,Yes,No,No,No,Yes,Yes,No,Yes,No,25000
4063,3BHK,Flat,Full,Any,Sector 3,Gandhinagar,,Fully,No,Yes,No,No,No,Yes,No,Yes,Yes,19000
4064,2BHK,House,Full,Any,Sargasan,Gandhinagar,,Semi,No,Yes,No,Yes,No,Yes,Yes,Yes,No,23000
4065,3BHK,Flat,Sharing,Boys,Sector 2,Gandhinagar,,Fully,No,No,Yes,Yes,No,Yes,Yes,Yes,No,32000
4066,1BHK,Flat,Full,Boys,Sector 3,Gandhinagar,,Basic,No,No,Yes,Yes,Yes,Yes,No,Yes,No,8000
4067,2BHK,Flat,Sharing,Family,Sector 5A,Gandhinagar,,Basic,Yes,No,Yes,No,No,Yes,Yes,Yes,Yes,16000
4068,1BHK,House,Full,Family,Sector 13,Gandhinagar,,Basic,No,Yes,No,Yes,No,Yes,No,Yes,Yes,9000
4069,3BHK,House,Sharing,Family,Kudasan,Gandhinagar,,Semi,Yes,Yes,Yes,Yes,No,Yes,Yes,Yes,Yes,31000
4070,3BHK,Tenament,Full,Any,Infocity,Gandhinagar,,Fully,No,No,Yes,Yes,No,Yes,No,Yes,No,42000
4071,2BHK,Room,Full,Boys,Sector 3,Gandhinagar,,Semi,Yes,No,Yes,Yes,No,Yes,Yes,Yes,No,12000
4072,2BHK,House,Sharing,Family,Sector 6,Gandhinagar,,Basic,Yes,Yes,Yes,No,No,Yes,Yes,Yes,No,19000
4073,3BHK,Flat,Full,Family,Sargasan,Gandhinagar,,Basic,Yes,Yes,No,No,No,Yes,Yes,Yes,No,37000
4074,1BHK,Tenament,Sharing,Any,Sector 3,Gandhinagar,,Fully,Yes,Yes,No,No,No,Yes,Yes,Yes,No,8000
4075,2BHK,Room,Sharing,Any,Infocity,Gandhinagar,,Basic,No,No,No,No,Yes,Yes,Yes,Yes,Yes,30000
4076,1BHK,Tenament,Sharing,Family,Raysan,Gandhinagar,,Basic,Yes,No,No,No,No,Yes,No,Yes,No,13000
4077,1BHK,House,Full,Girls,Sector 13,Gandhinagar,,Basic,Yes,Yes,No,Yes,Yes,Yes,No,Yes,No,7000
4078,3BHK,Tenament,Full,Boys,Kudasan,Gandhinagar,,Semi,No,No,Yes,No,Yes,Yes,No,Yes,No,30000
4079,1BHK,Tenament,Full,Family,Sector 3,Gandhinagar,,Fully,No,No,Yes,No,Yes,Yes,Yes,Yes,Yes,8000
4080,3BHK,House,Sharing,Boys,Vavol,Gandhinagar,,Basic,Yes,No,Yes,No,No,Yes,Yes,Yes,Yes,18000
4081,1BHK,Room,Sharing,Any,Raysan,Gandhinagar,,Semi,No,Yes,Yes,Yes,No,Yes,No,Yes,No,12000
4082,3BHK,Room,Full,Any,Sargasan,Gandhinagar,,Basic,No,Yes,Yes,Yes,Yes,Yes,No,Yes,No,34000
4083,1BHK,Room,Sharing,Any,Vavol,Gandhinagar,,Semi,No,Yes,No,No,Yes,Yes,Yes,Yes,Yes,11000
4084,3BHK,House,Full,Boys,Raysan,Gandhinagar,,Basic,No,No,Yes,Yes,No,Yes,Yes,Yes,No,33000
4085,2BHK,House,Full,Girls,Sector 5A,Gandhinagar,,Semi,Yes,No,No,Yes,Yes,Yes,Yes,Yes,No,17000
4086,3BHK,Tenament,Sharing,Boys,Infocity,Gandhinagar,,Basic,Yes,Yes,No,Yes,No,Yes,No,Yes,Yes,44000
4087,2BHK,House,Full,Family,Sector 2,Gandhinagar,,Fully,Yes,No,Yes,Yes,Yes,Yes,Yes,Yes,Yes,19000
4088,3BHK,Tenament,Full,Any,Sector 2,Gandhinagar,,Fully,Yes,Yes,Yes,Yes,No,Yes,No,Yes,Yes,25000
4089,2BHK,Tenament,Full,Boys,Sector 5A,Gandhinagar,,Basic,No,No,Yes,No,Yes,Yes,Yes,Yes,No,20000
4090,2BHK,Tenament,Full,Any,Vavol,Gandhinagar,,Fully,No,Yes,Yes,Yes,Yes,Yes,No,Yes,Yes,12000
4091,2BHK,Tenament,Full,Girls,Sector 6,Gandhinagar,,Basic,Yes,No,No,Yes,Yes,Yes,Yes,Yes,No,18000
4092,2BHK,House,Sharing,Boys,Vavol,Gandhinagar,,Semi,No,No,Yes,Yes,No,Yes,Yes,Yes,No,14000
4093,1BHK,Flat,Full,Any,Vavol,Gandhinagar,,Basic,No,Yes,No,No,No,Yes,No,Yes,No,8000
4094,3BHK,Tenament,Sharing,Boys,Sector 6,Gandhinagar,,Semi,Yes,Yes,Yes,No,Yes,Yes,No,Yes,No,23000
4095,1BHK,House,Sharing,Girls,Raysan,Gandhinagar,,Semi,No,Yes,No,Yes,No,Yes,Yes,Yes,Yes,17000
4096,2BHK,House,Full,Any,Sector 5A,Gandhinagar,,Semi,Yes,No,No,No,Yes,Yes,No,Yes,No,17000
4097,1BHK,Room,Sharing,Boys,Sector 5A,Gandhinagar,,Basic,No,No,Yes,Yes,No,Yes,No,Yes,Yes,13000
4098,3BHK,House,Full,Family,Sargasan,Gandhinagar,,Semi,No,No,Yes,No,Yes,Yes,No,Yes,No,37000
4099,2BHK,Flat,Full,Girls,Sector 3,Gandhinagar,,Fully,Yes,Yes,No,Yes,Yes,Yes,No,Yes,Yes,13000
4100,2BHK,Flat,Sharing,Any,Sector 6,Gandhinagar,,Fully,No,No,Yes,Yes,Yes,Yes,Yes,Yes,No,21000
4101,1BHK,Room,Sharing,Any,Sector 3,Gandhinagar,,Semi,No,No,Yes,No,No,Yes,Yes,Yes,Yes,7000
4102,2BHK,House,Full,Girls,Sector 2,Gandhinagar,,Basic,Yes,No,No,Yes,No,Yes,Yes,Yes,No,22000
4103,2BHK,Flat,Sharing,Family,Sector 5A,Gandhinagar,,Fully,No,Yes,Yes,Yes,Yes,Yes,Yes,Yes,No,14000
4104,2BHK,House,Sharing,Girls,Sector 2,Gandhinagar,,Semi,No,Yes,No,No,Yes,Yes,Yes,Yes,Yes,18000
4105,1BHK,House,Full,Girls,Sector 3,Gandhinagar,,Semi,No,No,No,Yes,No,Yes,Yes,Yes,No,9000
4106,1BHK,Room,Full,Any,Sector 13,Gandhinagar,,Fully,Yes,Yes,No,Yes,No,Yes,No,Yes,Yes,9000
4107,1BHK,House,Full,Boys,Infocity,Gandhinagar,,Basic,No,No,Yes,Yes,No,Yes,No,Yes,No,15000
4108,2BHK,Tenament,Sharing,Girls,Sector 3,Gandhinagar,,Fully,Yes,No,No,Yes,No,Yes,No,Yes,Yes,13000
4109,3BHK,House,Full,Girls,Raysan,Gandhinagar,,Semi,No,Yes,No,Yes,Yes,Yes,No,Yes,Yes,31000
4110,3BHK,Tenament,Full,Family,Kudasan,Gandhinagar,,Semi,No,Yes,No,Yes,No,Yes,No,Yes,Yes,34000
4111,1BHK,House,Full,Any,Raysan,Gandhinagar,,Fully,No,Yes,Yes,Yes,No,Yes,Yes,Yes,No,14000
4112,3BHK,Flat,Sharing,Boys,Infocity,Gandhinagar,,Semi,No,No,Yes,No,Yes,Yes,No,Yes,No,42000
4113,3BHK,Room,Sharing,Boys,Sector 2,Gandhinagar,,Fully,No,Yes,Yes,Yes,No,Yes,Yes,Yes,No,25000
4114,3BHK,Tenament,Sharing,Girls,Kudasan,Gandhinagar,,Basic,No,No,Yes,Yes,Yes,Yes,No,Yes,No,35000
4115,3BHK,House,Sharing,Girls,Raysan,Gandhinagar,,Semi,Yes,No,No,Yes,No,Yes,No,Yes,Yes,30000
4116,2BHK,Room,Sharing,Boys,Raysan,Gandhinagar,,Basic,Yes,No,Yes,Yes,Yes,Yes,Yes,Yes,Yes,25000
4117,3BHK,Flat,Sharing,Boys,Sector 6,Gandhinagar,,Semi,No,Yes,Yes,Yes,Yes,Yes,No,Yes,Yes,25000
4118,1BHK,House,Sharing,Girls,Vavol,Gandhinagar,,Basic,No,No,Yes,Yes,Yes,Yes,No,Yes,Yes,12000
4119,1BHK,Flat,Full,Family,Infocity,Gandhinagar,,Fully,Yes,No,Yes,No,Yes,Yes,No,Yes,Yes,22000
4120,3BHK,Room,Full,Boys,Sector 13,Gandhinagar,,Fully,No,Yes,No,No,No,Yes,No,Yes,No,16000
4121,3BHK,Room,Full,Boys,Infocity,Gandhinagar,,Basic,No,Yes,Yes,Yes,No,Yes,Yes,Yes,Yes,44000
4122,1BHK,Flat,Full,Boys,Raysan,Gandhinagar,,Basic,Yes,No,No,Yes,No,Yes,No,Yes,Yes,12000
4123,2BHK,Tenament,Full,Girls,Sector 6,Gandhinagar,,Fully,Yes,No,No,No,Yes,Yes,Yes,Yes,Yes,17000
4124,2BHK,Flat,Sharing,Family,Kudasan,Gandhinagar,,Fully,Yes,Yes,Yes,Yes,Yes,Yes,Yes,Yes,Yes,28000
4125,3BHK,Room,Sharing,Any,Sector 6,Gandhinagar,,Semi,No,No,Yes,Yes,Yes,Yes,Yes,Yes,Yes,26000
4126,2BHK,House,Sharing,Girls,Sargasan,Gandhinagar,,Fully,No,No,Yes,No,Yes,Yes,Yes,Yes,No,27000
4127,2BHK,Flat,Sharing,Any,Infocity,Gandhinagar,,Semi,Yes,Yes,Yes,Yes,No,Yes,Yes,Yes,Yes,31000
4128,3BHK,Flat,Full,Family,Sector 5A,Gandhinagar,,Semi,No,No,No,No,Yes,Yes,No,Yes,Yes,26000
4129,2BHK,Room,Full,Family,Kudasan,Gandhinagar,,Basic,No,Yes,Yes,Yes,Yes,Yes,Yes,Yes,Yes,28000
4130,3BHK,House,Sharing,Any,Sector 3,Gandhinagar,,Basic,Yes,Yes,No,No,Yes,Yes,Yes,Yes,No,16000
4131,1BHK,Room,Sharing,Family,Sector 2,Gandhinagar,,Basic,Yes,No,Yes,Yes,Yes,Yes,No,Yes,No,12000
4132,2BHK,House,Full,Family,Sargasan,Gandhinagar,,Semi,Yes,Yes,No,Yes,Yes,Yes,No,Yes,No,24000
4133,2BHK,Flat,Full,Family,Sector 5A,Gandhinagar,,Basic,Yes,No,No,No,Yes,Yes,No,Yes,No,15000
4134,3BHK,Room,Full,Family,Sector 2,Gandhinagar,,Semi,No,Yes,No,No,Yes,Yes,Yes,Yes,Yes,25000
4135,1BHK,Tenament,Sharing,Family,Vavol,Gandhinagar,,Basic,No,Yes,Yes,No,Yes,Yes,Yes,Yes,No,9000
4136,3BHK,Tenament,Sharing,Family,Sector 13,Gandhinagar,,Semi,No,No,Yes,No,No,Yes,Yes,Yes,Yes,14000
4137,2BHK,Flat,Full,Boys,Sector 2,Gandhinagar,,Basic,Yes,Yes,No,No,No,Yes,No,Yes,No,17000
4138,1BHK,House,Sharing,Girls,Sector 2,Gandhinagar,,Basic,No,No,Yes,Yes,Yes,Yes,Yes,Yes,No,14000
4139,3BHK,Tenament,Sharing,Family,Infocity,Gandhinagar,,Fully,No,No,Yes,Yes,Yes,Yes,No,Yes,Yes,38000
4140,1BHK,Tenament,Sharing,Any,Sargasan,Gandhinagar,,Basic,No,No,No,Yes,No,Yes,No,Yes,No,17000
4141,3BHK,House,Full,Boys,Sector 2,Gandhinagar,,Semi,No,No,Yes,Yes,Yes,Yes,Yes,Yes,No,27000
4142,1BHK,Flat,Full,Any,Sargasan,Gandhinagar,,Fully,Yes,Yes,No,Yes,Yes,Yes,Yes,Yes,Yes,17000
4143,2BHK,Flat,Full,Family,Sargasan,Gandhinagar,,Semi,Yes,Yes,No,No,No,Yes,Yes,Yes,Yes,22000
4144,1BHK,House,Full,Any,Sargasan,Gandhinagar,,Fully,No,No,No,No,Yes,Yes,Yes,Yes,No,19000
4145,2BHK,House,Full,Boys,Sector 5A,Gandhinagar,,Basic,Yes,Yes,No,No,No,Yes,No,Yes,No,16000
4146,3BHK,Tenament,Full,Boys,Kudasan,Gandhinagar,,Fully,No,No,Yes,No,No,Yes,Yes,Yes,Yes,36000
4147,1BHK,Room,Full,Family,Sector 6,Gandhinagar,,Semi,Yes,Yes,Yes,No,No,Yes,No,Yes,No,14000
4148,2BHK,Tenament,Sharing,Any,Raysan,Gandhinagar,,Semi,No,No,Yes,Yes,No,Yes,No,Yes,No,24000
4149,3BHK,House,Sharing,Boys,Kudasan,Gandhinagar,,Semi,No,No,No,Yes,No,Yes,No,Yes,Yes,36000
4150,3BHK,House,Sharing,Boys,Sector 3,Gandhinagar,,Fully,No,Yes,Yes,Yes,Yes,Yes,Yes,Yes,Yes,17000
4151,3BHK,House,Full,Any,Sector 5A,Gandhinagar,,Fully,No,No,Yes,Yes,Yes,Yes,Yes,Yes,Yes,25000
4152,2BHK,Room,Full,Any,Sector 2,Gandhinagar,,Fully,Yes,No,No,No,No,Yes,No,Yes,Yes,21000
4153,1BHK,House,Sharing,Girls,Sargasan,Gandhinagar,,Semi,No,Yes,Yes,Yes,No,Yes,Yes,Yes,No,15000
4154,1BHK,Room,Full,Any,Sargasan,Gandhinagar,,Basic,No,Yes,No,No,No,Yes,Yes,Yes,No,20000
4155,3BHK,Flat,Sharing,Family,Sector 6,Gandhinagar,,Fully,No,Yes,No,No,No,Yes,No,Yes,Yes,29000
4156,2BHK,House,Sharing,Boys,Sargasan,Gandhinagar,,Fully,Yes,No,Yes,Yes,No,Yes,Yes,Yes,No,21000
4157,3BHK,Tenament,Full,Girls,Sargasan,Gandhinagar,,Fully,No,No,Yes,No,Yes,Yes,No,Yes,Yes,38000
4158,1BHK,House,Sharing,Any,Sector 5A,Gandhinagar,,Basic,Yes,Yes,Yes,No,Yes,Yes,Yes,Yes,No,10000
4159,2BHK,Flat,Sharing,Girls,Sector 13,Gandhinagar,,Semi,Yes,No,Yes,Yes,No,Yes,Yes,Yes,Yes,10000
4160,1BHK,Room,Full,Any,Sector 2,Gandhinagar,,Basic,Yes,Yes,No,No,No,Yes,No,Yes,No,15000
4161,3BHK,Room,Sharing,Girls,Vavol,Gandhinagar,,Basic,Yes,Yes,Yes,No,Yes,Yes,Yes,Yes,Yes,23000
4162,1BHK,Room,Full,Any,Sector 13,Gandhinagar,,Fully,No,Yes,Yes,No,No,Yes,Yes,Yes,Yes,7000
4163,2BHK,Room,Full,Any,Vavol,Gandhinagar,,Fully,No,Yes,No,No,Yes,Yes,Yes,Yes,No,13000
4164,2BHK,House,Sharing,Boys,Sector 6,Gandhinagar,,Semi,Yes,Yes,No,No,Yes,Yes,No,Yes,Yes,22000
4165,1BHK,Room,Full,Boys,Sector 3,Gandhinagar,,Semi,No,No,No,No,No,Yes,No,Yes,Yes,7000
4166,3BHK,House,Sharing,Family,Sector 3,Gandhinagar,,Basic,No,No,No,No,No,Yes,Yes,Yes,No,21000
4167,1BHK,Flat,Full,Girls,Vavol,Gandhinagar,,Fully,Yes,No,Yes,Yes,Yes,Yes,No,Yes,No,11000
4168,2BHK,Flat,Full,Any,Sector 3,Gandhinagar,,Semi,Yes,No,No,No,No,Yes,Yes,Yes,Yes,12000
4169,1BHK,Room,Sharing,Boys,Sector 13,Gandhinagar,,Basic,Yes,No,Yes,Yes,No,Yes,No,Yes,No,7000
4170,3BHK,House,Full,Girls,Raysan,Gandhinagar,,Semi,Yes,Yes,Yes,No,Yes,Yes,No,Yes,No,27000
4171,1BHK,House,Sharing,Boys,Sector 2,Gandhinagar,,Basic,Yes,Yes,Yes,No,Yes,Yes,Yes,Yes,Yes,14000
4172,3BHK,Tenament,Full,Any,Sector 6,Gandhinagar,,Semi,Yes,No,Yes,No,No,Yes,No,Yes,No,22000
4173,3BHK,Room,Sharing,Girls,Vavol,Gandhinagar,,Fully,Yes,No,Yes,Yes,No,Yes,No,Yes,Yes,19000
4174,3BHK,Tenament,Full,Boys,Infocity,Gandhinagar,,Basic,Yes,No,Yes,Yes,Yes,Yes,Yes,Yes,No,36000
4175,1BHK,Flat,Full,Family,Sector 6,Gandhinagar,,Basic,Yes,No,No,Yes,No,Yes,No,Yes,Yes,13000
4176,3BHK,House,Full,Family,Sector 6,Gandhinagar,,Semi,Yes,Yes,Yes,Yes,Yes,Yes,No,Yes,No,25000
4177,3BHK,House,Full,Family,Sector 13,Gandhinagar,,Fully,No,No,Yes,No,No,Yes,No,Yes,Yes,14000
4178,1BHK,House,Sharing,Girls,Infocity,Gandhinagar,,Fully,No,No,Yes,No,Yes,Yes,Yes,Yes,No,17000
4179,1BHK,Room,Full,Boys,Sector 6,Gandhinagar,,Basic,Yes,No,No,No,Yes,Yes,No,Yes,Yes,12000
4180,2BHK,Room,Full,Family,Sector 6,Gandhinagar,,Semi,No,Yes,No,Yes,No,Yes,Yes,Yes,No,18000
4181,2BHK,Flat,Full,Family,Sector 6,Gandhinagar,,Semi,No,Yes,Yes,Yes,Yes,Yes,Yes,Yes,Yes,18000
4182,2BHK,House,Sharing,Girls,Sector 13,Gandhinagar,,Basic,Yes,No,Yes,No,No,Yes,No,Yes,No,12000
4183,1BHK,Room,Sharing,Family,Sector 5A,Gandhinagar,,Semi,Yes,No,No,No,No,Yes,No,Yes,No,11000
4184,3BHK,House,Full,Boys,Sector 5A,Gandhinagar,,Fully,Yes,No,Yes,No,Yes,Yes,No,Yes,Yes,22000
4185,3BHK,Tenament,Full,Any,Sector 3,Gandhinagar,,Semi,Yes,Yes,No,Yes,Yes,Yes,No,Yes,No,19000
4186,2BHK,Flat,Sharing,Girls,Sector 2,Gandhinagar,,Basic,Yes,No,No,No,Yes,Yes,Yes,Yes,No,17000
4187,3BHK,Flat,Full,Boys,Sector 5A,Gandhinagar,,Basic,No,No,No,No,No,Yes,No,Yes,No,26000
4188,1BHK,Room,Sharing,Any,Sector 5A,Gandhinagar,,Fully,Yes,Yes,No,No,No,Yes,Yes,Yes,No,10000
4189,1BHK,House,Full,Any,Sargasan,Gandhinagar,,Semi,No,No,No,No,No,Yes,Yes,Yes,Yes,19000
4190,3BHK,Flat,Full,Any,Sector 6,Gandhinagar,,Basic,Yes,No,Yes,No,Yes,Yes,Yes,Yes,Yes,24000
4191,1BHK,House,Sharing,Girls,Infocity,Gandhinagar,,Basic,Yes,No,Yes,No,No,Yes,No,Yes,No,18000
4192,2BHK,Flat,Sharing,Girls,Sector 13,Gandhinagar,,Basic,No,No,Yes,No,Yes,Yes,Yes,Yes,No,11000
4193,3BHK,House,Full,Family,Sector 2,Gandhinagar,,Fully,Yes,Yes,Yes,No,No,Yes,No,Yes,Yes,28000
4194,2BHK,House,Full,Family,Kudasan,Gandhinagar,,Basic,No,Yes,Yes,Yes,Yes,Yes,Yes,Yes,No,25000
4195,1BHK,Flat,Sharing,Girls,Sector 3,Gandhinagar,,Semi,Yes,No,Yes,No,No,Yes,No,Yes,No,8000
4196,3BHK,Tenament,Full,Girls,Sector 3,Gandhinagar,,Semi,Yes,Yes,No,No,No,Yes,No,Yes,Yes,17000
4197,3BHK,Flat,Full,Boys,Raysan,Gandhinagar,,Basic,Yes,Yes,Yes,Yes,Yes,Yes,Yes,Yes,No,33000
4198,3BHK,Room,Sharing,Any,Sector 6,Gandhinagar,,Basic,Yes,Yes,Yes,No,Yes,Yes,No,Yes,No,30000
4199,1BHK,House,Sharing,Any,Sector 6,Gandhinagar,,Basic,No,No,No,Yes,No,Yes,Yes,Yes,No,11000
4200,1BHK,Flat,Full,Family,Sector 2,Gandhinagar,,Semi,Yes,No,No,No,Yes,Yes,No,Yes,No,12000
4201,1BHK,House,Sharing,Any,Infocity,Gandhinagar,,Fully,No,Yes,No,Yes,No,Yes,No,Yes,No,20000
4202,1BHK,Room,Sharing,Girls,Sector 2,Gandhinagar,,Semi,Yes,Yes,No,Yes,No,Yes,No,Yes,No,11000
4203,1BHK,Tenament,Full,Girls,Sector 3,Gandhinagar,,Basic,No,No,Yes,Yes,No,Yes,Yes,Yes,Yes,8000
4204,3BHK,Tenament,Sharing,Family,Sector 13,Gandhinagar,,Fully,No,Yes,Yes,No,Yes,Yes,Yes,Yes,Yes,14000
4205,2BHK,House,Sharing,Family,Sargasan,Gandhinagar,,Fully,Yes,Yes,Yes,No,No,Yes,Yes,Yes,No,26000
4206,1BHK,House,Full,Boys,Kudasan,Gandhinagar,,Basic,Yes,No,No,Yes,No,Yes,No,Yes,Yes,18000
4207,2BHK,Room,Full,Boys,Kudasan,Gandhinagar,,Basic,Yes,Yes,Yes,No,Yes,Yes,No,Yes,No,21000
4208,2BHK,Room,Sharing,Any,Sargasan,Gandhinagar,,Basic,Yes,Yes,No,No,Yes,Yes,Yes,Yes,Yes,27000
4209,2BHK,Tenament,Sharing,Boys,Sector 6,Gandhinagar,,Semi,Yes,Yes,Yes,Yes,No,Yes,No,Yes,No,16000
4210,3BHK,Tenament,Full,Family,Infocity,Gandhinagar,,Basic,Yes,No,No,No,Yes,Yes,Yes,Yes,Yes,34000
4211,3BHK,Flat,Sharing,Girls,Sector 3,Gandhinagar,,Fully,No,No,Yes,No,No,Yes,Yes,Yes,No,17000
4212,1BHK,Tenament,Full,Boys,Sector 6,Gandhinagar,,Basic,No,No,Yes,No,No,Yes,No,Yes,Yes,13000
4213,1BHK,Tenament,Sharing,Girls,Raysan,Gandhinagar,,Fully,Yes,No,No,Yes,No,Yes,Yes,Yes,No,16000
4214,3BHK,Flat,Full,Girls,Sector 2,Gandhinagar,,Basic,No,Yes,Yes,Yes,Yes,Yes,No,Yes,Yes,29000
4215,2BHK,House,Full,Girls,Raysan,Gandhinagar,,Semi,No,No,No,No,No,Yes,No,Yes,Yes,26000
4216,1BHK,House,Sharing,Any,Infocity,Gandhinagar,,Fully,Yes,No,No,Yes,No,Yes,No,Yes,No,18000
4217,2BHK,Tenament,Sharing,Any,Sector 2,Gandhinagar,,Semi,No,Yes,No,Yes,Yes,Yes,Yes,Yes,No,23000
4218,3BHK,Flat,Full,Boys,Sector 2,Gandhinagar,,Semi,No,Yes,No,Yes,No,Yes,Yes,Yes,No,25000
4219,2BHK,Flat,Sharing,Boys,Kudasan,Gandhinagar,,Basic,No,Yes,Yes,Yes,Yes,Yes,Yes,Yes,No,25000
4220,2BHK,House,Sharing,Boys,Raysan,Gandhinagar,,Fully,No,No,Yes,Yes,Yes,Yes,Yes,Yes,No,23000
4221,3BHK,House,Sharing,Boys,Kudasan,Gandhinagar,,Fully,Yes,Yes,Yes,No,Yes,Yes,Yes,Yes,No,35000
4222,2BHK,Flat,Full,Any,Sector 6,Gandhinagar,,Basic,Yes,Yes,No,No,No,Yes,No,Yes,Yes,16000
4223,1BHK,House,Sharing,Any,Sector 3,Gandhinagar,,Basic,Yes,No,No,Yes,No,Yes,Yes,Yes,No,10000
4224,1BHK,House,Full,Girls,Vavol,Gandhinagar,,Basic,No,No,Yes,No,No,Yes,No,Yes,Yes,8000
4225,2BHK,House,Sharing,Family,Sector 3,Gandhinagar,,Basic,No,Yes,Yes,Yes,Yes,Yes,Yes,Yes,Yes,12000
4226,3BHK,Tenament,Full,Any,Raysan,Gandhinagar,,Basic,Yes,Yes,Yes,Yes,Yes,Yes,Yes,Yes,Yes,31000
4227,2BHK,Room,Full,Girls,Sector 2,Gandhinagar,,Basic,No,No,No,Yes,Yes,Yes,No,Yes,Yes,20000
4228,2BHK,House,Sharing,Family,Sargasan,Gandhinagar,,Basic,Yes,No,No,Yes,Yes,Yes,Yes,Yes,No,24000
4229,2BHK,House,Full,Girls,Sector 13,Gandhinagar,,Semi,Yes,Yes,No,No,Yes,Yes,No,Yes,No,10000
4230,2BHK,Flat,Full,Boys,Sector 13,Gandhinagar,,Semi,Yes,Yes,No,Yes,No,Yes,Yes,Yes,No,11000
4231,3BHK,Flat,Full,Family,Sector 3,Gandhinagar,,Fully,No,No,Yes,No,Yes,Yes,Yes,Yes,No,19000
4232,1BHK,House,Sharing,Girls,Infocity,Gandhinagar,,Semi,No,No,Yes,No,Yes,Yes,Yes,Yes,No,19000
4233,1BHK,Room,Sharing,Any,Sector 13,Gandhinagar,,Fully,No,No,Yes,Yes,No,Yes,No,Yes,No,9000
4234,1BHK,House,Full,Family,Sector 13,Gandhinagar,,Semi,Yes,Yes,No,Yes,Yes,Yes,Yes,Yes,No,9000
4235,3BHK,Flat,Sharing,Family,Infocity,Gandhinagar,,Semi,Yes,No,No,Yes,Yes,Yes,Yes,Yes,No,43000
4236,2BHK,House,Sharing,Boys,Raysan,Gandhinagar,,Basic,No,Yes,No,No,No,Yes,No,Yes,Yes,22000
4237,2BHK,Tenament,Full,Girls,Kudasan,Gandhinagar,,Basic,No,No,Yes,Yes,Yes,Yes,Yes,Yes,Yes,24000
4238,3BHK,Room,Full,Family,Sector 13,Gandhinagar,,Basic,No,Yes,Yes,Yes,Yes,Yes,No,Yes,No,17000
4239,2BHK,Flat,Sharing,Girls,Sector 13,Gandhinagar,,Semi,No,Yes,Yes,No,Yes,Yes,No,Yes,No,13000
4240,2BHK,Room,Full,Family,Sector 2,Gandhinagar,,Basic,No,No,No,Yes,Yes,Yes,Yes,Yes,No,23000
4241,3BHK,House,Sharing,Boys,Vavol,Gandhinagar,,Fully,Yes,Yes,No,Yes,No,Yes,Yes,Yes,No,23000
4242,3BHK,Flat,Full,Boys,Raysan,Gandhinagar,,Basic,No,Yes,Yes,Yes,Yes,Yes,No,Yes,No,34000
4243,2BHK,Room,Sharing,Any,Raysan,Gandhinagar,,Fully,Yes,No,Yes,Yes,No,Yes,No,Yes,Yes,19000
4244,3BHK,Tenament,Full,Any,Raysan,Gandhinagar,,Basic,No,Yes,Yes,No,Yes,Yes,Yes,Yes,Yes,33000
4245,2BHK,Flat,Full,Girls,Sector 5A,Gandhinagar,,Fully,Yes,No,No,No,Yes,Yes,No,Yes,Yes,17000
4246,3BHK,House,Sharing,Boys,Sector 5A,Gandhinagar,,Basic,Yes,Yes,Yes,Yes,Yes,Yes,No,Yes,No,24000
4247,3BHK,Room,Sharing,Girls,Infocity,Gandhinagar,,Basic,Yes,No,No,No,No,Yes,Yes,Yes,Yes,44000
4248,3BHK,Room,Sharing,Family,Infocity,Gandhinagar,,Semi,Yes,No,No,No,Yes,Yes,No,Yes,No,44000
4249,2BHK,Tenament,Full,Girls,Sector 5A,Gandhinagar,,Fully,Yes,Yes,No,Yes,No,Yes,Yes,Yes,No,14000
4250,3BHK,Flat,Sharing,Boys,Sector 3,Gandhinagar,,Basic,Yes,Yes,No,No,Yes,Yes,Yes,Yes,No,17000
4251,2BHK,Flat,Full,Any,Sector 13,Gandhinagar,,Semi,Yes,No,Yes,Yes,Yes,Yes,No,Yes,Yes,12000
4252,3BHK,Tenament,Sharing,Any,Sargasan,Gandhinagar,,Semi,Yes,Yes,Yes,No,Yes,Yes,No,Yes,No,34000
4253,1BHK,Flat,Sharing,Any,Raysan,Gandhinagar,,Semi,No,Yes,No,No,Yes,Yes,No,Yes,Yes,13000
4254,2BHK,Flat,Sharing,Family,Sector 13,Gandhinagar,,Basic,No,Yes,No,Yes,Yes,Yes,Yes,Yes,Yes,12000
4255,1BHK,House,Sharing,Girls,Sector 13,Gandhinagar,,Semi,No,No,Yes,No,No,Yes,No,Yes,Yes,7000
4256,3BHK,Room,Full,Girls,Sector 2,Gandhinagar,,Semi,Yes,No,Yes,Yes,No,Yes,No,Yes,Yes,25000
4257,3BHK,Flat,Sharing,Girls,Kudasan,Gandhinagar,,Semi,No,Yes,No,No,Yes,Yes,No,Yes,Yes,38000
4258,1BHK,Tenament,Full,Girls,Infocity,Gandhinagar,,Fully,No,Yes,Yes,No,Yes,Yes,Yes,Yes,No,17000
4259,2BHK,Tenament,Full,Boys,Sector 6,Gandhinagar,,Fully,Yes,No,No,Yes,No,Yes,Yes,Yes,No,19000
4260,1BHK,Room,Sharing,Girls,Sector 5A,Gandhinagar,,Fully,No,Yes,Yes,Yes,No,Yes,Yes,Yes,No,9000
4261,2BHK,House,Sharing,Girls,Sector 2,Gandhinagar,,Fully,Yes,No,Yes,Yes,Yes,Yes,Yes,Yes,Yes,24000
4262,3BHK,Tenament,Full,Boys,Sector 2,Gandhinagar,,Semi,No,Yes,Yes,No,No,Yes,Yes,Yes,No,25000
4263,2BHK,Tenament,Sharing,Girls,Infocity,Gandhinagar,,Semi,No,Yes,No,Yes,Yes,Yes,Yes,Yes,No,31000
4264,1BHK,Flat,Full,Girls,Vavol,Gandhinagar,,Fully,No,Yes,No,No,No,Yes,Yes,Yes,Yes,10000
4265,1BHK,Room,Sharing,Girls,Sector 6,Gandhinagar,,Semi,Yes,No,No,Yes,Yes,Yes,No,Yes,Yes,14000
4266,1BHK,Flat,Sharing,Boys,Infocity,Gandhinagar,,Semi,Yes,No,No,No,No,Yes,No,Yes,No,21000
4267,3BHK,Flat,Sharing,Boys,Vavol,Gandhinagar,,Fully,Yes,No,Yes,No,No,Yes,Yes,Yes,Yes,21000
4268,2BHK,Room,Sharing,Family,Sargasan,Gandhinagar,,Basic,Yes,Yes,No,No,No,Yes,No,Yes,No,25000
4269,3BHK,Flat,Sharing,Any,Vavol,Gandhinagar,,Fully,Yes,No,Yes,No,Yes,Yes,No,Yes,Yes,19000
4270,1BHK,Tenament,Sharing,Girls,Kudasan,Gandhinagar,,Fully,Yes,No,No,No,Yes,Yes,No,Yes,Yes,16000
4271,1BHK,House,Sharing,Any,Vavol,Gandhinagar,,Semi,Yes,No,No,No,Yes,Yes,No,Yes,Yes,8000
4272,3BHK,Tenament,Sharing,Girls,Sector 6,Gandhinagar,,Semi,Yes,No,Yes,Yes,Yes,Yes,Yes,Yes,No,23000
4273,2BHK,Room,Full,Girls,Sector 5A,Gandhinagar,,Semi,Yes,Yes,Yes,No,No,Yes,No,Yes,No,14000
4274,1BHK,Room,Sharing,Any,Sector 6,Gandhinagar,,Fully,Yes,Yes,Yes,Yes,No,Yes,No,Yes,No,14000
4275,3BHK,Flat,Full,Boys,Sector 13,Gandhinagar,,Semi,No,Yes,Yes,No,No,Yes,Yes,Yes,No,13000
4276,1BHK,House,Sharing,Any,Raysan,Gandhinagar,,Basic,Yes,No,Yes,Yes,Yes,Yes,No,Yes,No,17000
4277,1BHK,House,Sharing,Boys,Infocity,Gandhinagar,,Semi,No,No,Yes,Yes,No,Yes,No,Yes,Yes,21000
4278,2BHK,Tenament,Full,Any,Sector 2,Gandhinagar,,Semi,No,Yes,Yes,Yes,Yes,Yes,Yes,Yes,Yes,19000
4279,3BHK,Flat,Full,Family,Sector 13,Gandhinagar,,Basic,Yes,Yes,Yes,No,Yes,Yes,Yes,Yes,Yes,14000
4280,2BHK,Flat,Full,Girls,Raysan,Gandhinagar,,Semi,No,No,Yes,No,No,Yes,Yes,Yes,Yes,25000
4281,2BHK,House,Sharing,Boys,Sargasan,Gandhinagar,,Fully,Yes,Yes,Yes,Yes,Yes,Yes,Yes,Yes,Yes,26000
4282,3BHK,Room,Sharing,Family,Kudasan,Gandhinagar,,Basic,No,No,No,Yes,No,Yes,Yes,Yes,No,30000
4283,2BHK,Room,Sharing,Family,Sargasan,Gandhinagar,,Semi,No,No,Yes,Yes,No,Yes,Yes,Yes,Yes,24000
4284,3BHK,House,Sharing,Any,Kudasan,Gandhinagar,,Semi,No,No,Yes,No,No,Yes,No,Yes,No,35000
4285,1BHK,House,Sharing,Family,Sector 2,Gandhinagar,,Basic,No,Yes,No,No,No,Yes,No,Yes,No,11000
4286,1BHK,Tenament,Full,Boys,Sector 5A,Gandhinagar,,Basic,No,No,No,Yes,Yes,Yes,No,Yes,No,10000
4287,2BHK,House,Full,Girls,Sector 6,Gandhinagar,,Basic,No,No,Yes,No,No,Yes,No,Yes,Yes,18000
4288,3BHK,Room,Full,Any,Sargasan,Gandhinagar,,Fully,No,Yes,Yes,Yes,No,Yes,Yes,Yes,No,39000
4289,2BHK,Room,Sharing,Boys,Sector 3,Gandhinagar,,Basic,Yes,Yes,No,Yes,No,Yes,No,Yes,No,14000
4290,1BHK,House,Sharing,Any,Sargasan,Gandhinagar,,Semi,Yes,No,Yes,No,Yes,Yes,Yes,Yes,No,20000
4291,1BHK,Tenament,Sharing,Boys,Kudasan,Gandhinagar,,Fully,Yes,No,No,No,No,Yes,Yes,Yes,No,19000
4292,3BHK,Flat,Sharing,Any,Sector 3,Gandhinagar,,Semi,No,Yes,No,No,Yes,Yes,No,Yes,No,20000
4293,2BHK,Room,Full,Boys,Vavol,Gandhinagar,,Semi,Yes,No,Yes,No,Yes,Yes,Yes,Yes,No,16000
4294,3BHK,Tenament,Full,Family,Sargasan,Gandhinagar,,Semi,No,Yes,No,Yes,Yes,Yes,Yes,Yes,No,31000
4295,3BHK,House,Full,Any,Kudasan,Gandhinagar,,Semi,No,No,No,No,No,Yes,No,Yes,No,29000
4296,1BHK,House,Full,Family,Vavol,Gandhinagar,,Semi,No,Yes,Yes,Yes,Yes,Yes,No,Yes,No,10000
4297,3BHK,House,Sharing,Boys,Infocity,Gandhinagar,,Basic,Yes,Yes,No,No,No,Yes,Yes,Yes,No,39000
4298,3BHK,Room,Sharing,Family,Sector 3,Gandhinagar,,Fully,No,Yes,Yes,No,No,Yes,Yes,Yes,Yes,19000
4299,1BHK,House,Full,Family,Raysan,Gandhinagar,,Semi,No,No,No,No,No,Yes,No,Yes,No,15000
4300,2BHK,Flat,Sharing,Girls,Sector 6,Gandhinagar,,Fully,Yes,Yes,Yes,Yes,No,Yes,Yes,Yes,Yes,16000
4301,2BHK,Room,Full,Boys,Kudasan,Gandhinagar,,Fully,Yes,Yes,Yes,No,No,Yes,No,Yes,Yes,23000
4302,2BHK,Room,Sharing,Boys,Raysan,Gandhinagar,,Semi,Yes,No,Yes,Yes,Yes,Yes,Yes,Yes,Yes,24000
4303,3BHK,Flat,Full,Any,Sector 5A,Gandhinagar,,Semi,No,Yes,No,Yes,Yes,Yes,Yes,Yes,Yes,24000
4304,2BHK,Room,Full,Family,Infocity,Gandhinagar,,Basic,No,No,Yes,Yes,No,Yes,No,Yes,Yes,26000
4305,2BHK,House,Full,Any,Sector 6,Gandhinagar,,Basic,No,Yes,Yes,Yes,Yes,Yes,Yes,Yes,No,15000
4306,2BHK,Room,Sharing,Boys,Sector 13,Gandhinagar,,Semi,Yes,No,Yes,Yes,No,Yes,Yes,Yes,Yes,11000
4307,3BHK,Flat,Sharing,Girls,Raysan,Gandhinagar,,Basic,No,Yes,No,No,No,Yes,No,Yes,No,28000
4308,2BHK,House,Full,Family,Sector 5A,Gandhinagar,,Basic,Yes,Yes,Yes,Yes,Yes,Yes,No,Yes,No,18000
4309,3BHK,Tenament,Sharing,Girls,Raysan,Gandhinagar,,Semi,No,No,Yes,Yes,Yes,Yes,Yes,Yes,No,28000
4310,3BHK,House,Sharing,Family,Kudasan,Gandhinagar,,Semi,Yes,No,Yes,Yes,No,Yes,No,Yes,Yes,39000
4311,1BHK,Room,Sharing,Boys,Kudasan,Gandhinagar,,Fully,No,Yes,No,No,No,Yes,Yes,Yes,Yes,17000
4312,2BHK,Flat,Full,Any,Kudasan,Gandhinagar,,Semi,Yes,Yes,No,No,Yes,Yes,No,Yes,No,21000
4313,1BHK,House,Full,Girls,Raysan,Gandhinagar,,Fully,Yes,No,Yes,Yes,No,Yes,No,Yes,Yes,14000
4314,2BHK,Room,Full,Girls,Infocity,Gandhinagar,,Semi,No,Yes,Yes,Yes,Yes,Yes,Yes,Yes,No,32000
4315,3BHK,Room,Sharing,Family,Sector 2,Gandhinagar,,Basic,No,No,No,Yes,No,Yes,No,Yes,Yes,30000
4316,1BHK,Flat,Sharing,Family,Sector 2,Gandhinagar,,Semi,Yes,Yes,Yes,No,Yes,Yes,No,Yes,Yes,13000
4317,1BHK,Flat,Sharing,Boys,Infocity,Gandhinagar,,Fully,No,No,Yes,No,No,Yes,Yes,Yes,Yes,16000
4318,2BHK,Room,Full,Boys,Vavol,Gandhinagar,,Basic,No,No,No,Yes,No,Yes,Yes,Yes,No,13000
4319,3BHK,Flat,Sharing,Family,Sector 5A,Gandhinagar,,Fully,Yes,No,Yes,Yes,No,Yes,No,Yes,No,22000
4320,3BHK,Flat,Sharing,Girls,Kudasan,Gandhinagar,,Semi,Yes,No,Yes,No,No,Yes,No,Yes,No,34000
4321,2BHK,Flat,Sharing,Any,Sargasan,Gandhinagar,,Semi,No,Yes,Yes,No,Yes,Yes,No,Yes,Yes,29000
4322,1BHK,Flat,Full,Boys,Sargasan,Gandhinagar,,Semi,Yes,No,Yes,Yes,No,Yes,No,Yes,Yes,18000
4323,2BHK,Tenament,Sharing,Any,Sector 6,Gandhinagar,,Fully,Yes,Yes,Yes,No,Yes,Yes,Yes,Yes,Yes,17000
4324,1BHK,Room,Full,Any,Sector 5A,Gandhinagar,,Fully,No,Yes,No,No,No,Yes,Yes,Yes,Yes,10000
4325,1BHK,House,Full,Any,Raysan,Gandhinagar,,Fully,No,No,Yes,Yes,Yes,Yes,Yes,Yes,No,15000
4326,3BHK,House,Full,Girls,Sector 3,Gandhinagar,,Fully,Yes,No,Yes,Yes,Yes,Yes,Yes,Yes,Yes,17000
4327,3BHK,Room,Full,Boys,Sector 5A,Gandhinagar,,Semi,Yes,No,Yes,No,Yes,Yes,Yes,Yes,No,27000
4328,1BHK,House,Sharing,Any,Sector 5A,Gandhinagar,,Fully,Yes,No,No,No,Yes,Yes,No,Yes,Yes,12000
4329,3BHK,Room,Sharing,Boys,Raysan,Gandhinagar,,Basic,No,Yes,No,No,No,Yes,Yes,Yes,Yes,35000
4330,1BHK,Tenament,Full,Any,Infocity,Gandhinagar,,Fully,No,Yes,No,Yes,No,Yes,Yes,Yes,Yes,16000
4331,2BHK,Room,Full,Any,Raysan,Gandhinagar,,Basic,No,Yes,Yes,Yes,Yes,Yes,Yes,Yes,No,19000
4332,3BHK,House,Sharing,Family,Sector 13,Gandhinagar,,Fully,Yes,No,Yes,No,No,Yes,Yes,Yes,Yes,16000
4333,3BHK,Tenament,Sharing,Boys,Infocity,Gandhinagar,,Basic,Yes,Yes,Yes,Yes,No,Yes,No,Yes,No,41000
4334,2BHK,House,Sharing,Family,Sector 3,Gandhinagar,,Fully,Yes,Yes,No,No,No,Yes,No,Yes,No,14000
4335,2BHK,Flat,Full,Girls,Sector 13,Gandhinagar,,Fully,No,Yes,Yes,No,No,Yes,Yes,Yes,Yes,9000
4336,1BHK,Tenament,Full,Family,Sargasan,Gandhinagar,,Fully,No,Yes,No,Yes,No,Yes,Yes,Yes,Yes,20000
4337,3BHK,House,Sharing,Family,Sector 6,Gandhinagar,,Basic,Yes,No,Yes,No,No,Yes,Yes,Yes,No,23000
4338,3BHK,Flat,Sharing,Family,Sector 13,Gandhinagar,,Basic,No,Yes,Yes,No,Yes,Yes,No,Yes,No,15000
4339,3BHK,Room,Full,Any,Sector 2,Gandhinagar,,Basic,No,Yes,Yes,Yes,Yes,Yes,No,Yes,No,31000
4340,3BHK,Tenament,Full,Any,Kudasan,Gandhinagar,,Basic,Yes,Yes,Yes,Yes,No,Yes,No,Yes,Yes,31000
4341,1BHK,House,Full,Family,Sector 6,Gandhinagar,,Semi,Yes,No,No,Yes,Yes,Yes,No,Yes,Yes,13000
4342,2BHK,Room,Sharing,Girls,Vavol,Gandhinagar,,Fully,No,Yes,No,Yes,No,Yes,Yes,Yes,Yes,18000
4343,1BHK,House,Sharing,Any,Sector 13,Gandhinagar,,Basic,Yes,Yes,No,No,No,Yes,Yes,Yes,No,8000
4344,2BHK,Flat,Sharing,Boys,Vavol,Gandhinagar,,Semi,Yes,No,Yes,No,No,Yes,No,Yes,Yes,15000
4345,1BHK,Flat,Sharing,Any,Sector 2,Gandhinagar,,Fully,No,No,Yes,Yes,Yes,Yes,No,Yes,Yes,14000
4346,1BHK,Flat,Sharing,Any,Infocity,Gandhinagar,,Basic,No,Yes,Yes,No,Yes,Yes,Yes,Yes,Yes,16000
4347,3BHK,Tenament,Sharing,Family,Infocity,Gandhinagar,,Basic,No,Yes,No,No,No,Yes,Yes,Yes,No,35000
4348,3BHK,Room,Full,Any,Sector 2,Gandhinagar,,Fully,Yes,Yes,Yes,Yes,No,Yes,Yes,Yes,Yes,32000
4349,1BHK,House,Sharing,Girls,Infocity,Gandhinagar,,Semi,No,Yes,Yes,Yes,No,Yes,Yes,Yes,No,17000
4350,3BHK,Tenament,Sharing,Any,Sector 6,Gandhinagar,,Fully,No,Yes,Yes,Yes,No,Yes,Yes,Yes,No,25000
4351,2BHK,Room,Full,Girls,Sector 3,Gandhinagar,,Fully,No,No,Yes,Yes,No,Yes,No,Yes,No,12000
4352,2BHK,House,Full,Any,Infocity,Gandhinagar,,Semi,Yes,No,Yes,No,No,Yes,No,Yes,Yes,23000
4353,1BHK,Flat,Full,Girls,Sector 3,Gandhinagar,,Basic,No,No,Yes,Yes,Yes,Yes,No,Yes,Yes,10000
4354,2BHK,Tenament,Full,Boys,Sector 3,Gandhinagar,,Semi,No,No,Yes,Yes,Yes,Yes,Yes,Yes,Yes,13000
4355,2BHK,House,Sharing,Girls,Sector 5A,Gandhinagar,,Semi,No,No,No,Yes,No,Yes,No,Yes,No,15000
4356,1BHK,House,Full,Family,Sector 5A,Gandhinagar,,Semi,Yes,Yes,No,Yes,Yes,Yes,No,Yes,No,12000
4357,2BHK,Tenament,Sharing,Boys,Kudasan,Gandhinagar,,Semi,No,No,Yes,No,No,Yes,No,Yes,No,22000
4358,1BHK,House,Sharing,Girls,Sector 3,Gandhinagar,,Semi,Yes,No,Yes,No,No,Yes,Yes,Yes,Yes,8000
4359,2BHK,House,Full,Family,Sector 5A,Gandhinagar,,Semi,No,Yes,Yes,No,Yes,Yes,Yes,Yes,No,17000
4360,2BHK,Flat,Sharing,Girls,Sector 2,Gandhinagar,,Fully,No,No,Yes,Yes,Yes,Yes,No,Yes,Yes,19000
4361,3BHK,House,Full,Girls,Sector 5A,Gandhinagar,,Basic,No,Yes,No,No,Yes,Yes,Yes,Yes,Yes,26000
4362,3BHK,Tenament,Full,Boys,Vavol,Gandhinagar,,Semi,No,No,Yes,Yes,No,Yes,No,Yes,Yes,23000
4363,2BHK,Tenament,Full,Family,Raysan,Gandhinagar,,Fully,Yes,No,No,Yes,No,Yes,No,Yes,No,20000
4364,2BHK,Room,Sharing,Girls,Infocity,Gandhinagar,,Basic,Yes,No,Yes,No,Yes,Yes,Yes,Yes,No,31000
4365,1BHK,Flat,Full,Boys,Sargasan,Gandhinagar,,Fully,No,No,Yes,No,Yes,Yes,Yes,Yes,Yes,14000
4366,3BHK,Flat,Full,Family,Sector 2,Gandhinagar,,Fully,No,Yes,Yes,Yes,Yes,Yes,No,Yes,Yes,28000
4367,2BHK,Tenament,Full,Girls,Sector 13,Gandhinagar,,Fully,No,Yes,Yes,Yes,No,Yes,No,Yes,Yes,11000
4368,3BHK,Room,Sharing,Any,Sector 2,Gandhinagar,,Semi,No,No,Yes,No,No,Yes,No,Yes,No,33000
4369,3BHK,House,Sharing,Boys,Raysan,Gandhinagar,,Semi,Yes,Yes,No,Yes,No,Yes,No,Yes,No,28000
4370,2BHK,Tenament,Sharing,Family,Kudasan,Gandhinagar,,Semi,Yes,No,Yes,Yes,Yes,Yes,Yes,Yes,Yes,27000
4371,2BHK,Flat,Sharing,Boys,Sargasan,Gandhinagar,,Fully,Yes,Yes,Yes,No,Yes,Yes,No,Yes,Yes,25000
4372,2BHK,Tenament,Sharing,Family,Raysan,Gandhinagar,,Semi,Yes,No,Yes,No,Yes,Yes,Yes,Yes,No,24000
4373,1BHK,Tenament,Full,Family,Raysan,Gandhinagar,,Semi,No,Yes,Yes,No,Yes,Yes,Yes,Yes,Yes,14000
4374,3BHK,House,Full,Family,Sector 6,Gandhinagar,,Fully,Yes,Yes,No,Yes,Yes,Yes,No,Yes,Yes,29000
4375,1BHK,Room,Full,Boys,Sector 5A,Gandhinagar,,Fully,Yes,No,No,Yes,Yes,Yes,Yes,Yes,No,10000
4376,2BHK,Flat,Full,Any,Vavol,Gandhinagar,,Fully,No,Yes,No,Yes,Yes,Yes,No,Yes,No,13000
4377,2BHK,House,Sharing,Family,Kudasan,Gandhinagar,,Fully,Yes,No,No,No,Yes,Yes,No,Yes,Yes,21000
4378,2BHK,Tenament,Full,Girls,Sector 5A,Gandhinagar,,Basic,No,Yes,Yes,No,Yes,Yes,No,Yes,No,16000
4379,3BHK,Room,Full,Boys,Kudasan,Gandhinagar,,Semi,No,No,No,No,Yes,Yes,Yes,Yes,No,34000
4380,3BHK,Room,Full,Boys,Sargasan,Gandhinagar,,Semi,No,No,No,Yes,Yes,Yes,Yes,Yes,No,32000
4381,3BHK,House,Full,Family,Sector 6,Gandhinagar,,Semi,Yes,No,Yes,No,Yes,Yes,Yes,Yes,No,28000
4382,3BHK,Tenament,Full,Girls,Sargasan,Gandhinagar,,Fully,Yes,No,No,No,No,Yes,No,Yes,Yes,33000
4383,1BHK,House,Sharing,Any,Kudasan,Gandhinagar,,Semi,No,Yes,No,Yes,No,Yes,Yes,Yes,No,18000
4384,3BHK,Tenament,Full,Boys,Sargasan,Gandhinagar,,Fully,Yes,No,Yes,Yes,Yes,Yes,Yes,Yes,Yes,39000
4385,1BHK,House,Sharing,Family,Sector 3,Gandhinagar,,Fully,No,Yes,No,Yes,Yes,Yes,No,Yes,No,9000
4386,2BHK,Tenament,Sharing,Boys,Raysan,Gandhinagar,,Semi,No,Yes,No,Yes,No,Yes,No,Yes,Yes,26000
4387,3BHK,Tenament,Full,Any,Sector 5A,Gandhinagar,,Fully,Yes,Yes,Yes,No,Yes,Yes,Yes,Yes,Yes,21000
4388,1BHK,House,Full,Family,Sargasan,Gandhinagar,,Fully,No,No,No,No,Yes,Yes,No,Yes,No,18000
4389,2BHK,House,Sharing,Any,Vavol,Gandhinagar,,Semi,No,No,No,No,No,Yes,Yes,Yes,No,15000
4390,2BHK,Tenament,Sharing,Girls,Kudasan,Gandhinagar,,Basic,No,Yes,Yes,No,Yes,Yes,Yes,Yes,No,24000
4391,2BHK,Flat,Sharing,Boys,Sector 6,Gandhinagar,,Semi,No,No,No,No,No,Yes,No,Yes,Yes,20000
4392,1BHK,Tenament,Sharing,Girls,Raysan,Gandhinagar,,Fully,No,Yes,Yes,No,Yes,Yes,No,Yes,No,16000
4393,2BHK,House,Full,Any,Sector 6,Gandhinagar,,Basic,Yes,No,No,No,Yes,Yes,No,Yes,No,22000
4394,3BHK,Flat,Sharing,Boys,Vavol,Gandhinagar,,Semi,Yes,Yes,Yes,No,No,Yes,Yes,Yes,No,20000
4395,1BHK,Tenament,Full,Any,Sector 3,Gandhinagar,,Basic,No,Yes,No,Yes,Yes,Yes,Yes,Yes,Yes,9000
4396,2BHK,House,Sharing,Any,Sector 5A,Gandhinagar,,Semi,No,Yes,Yes,Yes,Yes,Yes,No,Yes,Yes,16000
4397,3BHK,House,Full,Any,Sector 2,Gandhinagar,,Fully,Yes,No,Yes,Yes,No,Yes,Yes,Yes,No,26000
4398,1BHK,Room,Sharing,Any,Sector 5A,Gandhinagar,,Basic,Yes,Yes,Yes,No,Yes,Yes,No,Yes,Yes,9000
4399,2BHK,House,Sharing,Any,Raysan,Gandhinagar,,Basic,No,No,Yes,Yes,Yes,Yes,Yes,Yes,No,22000
4400,3BHK,Flat,Sharing,Family,Kudasan,Gandhinagar,,Basic,No,No,No,Yes,Yes,Yes,No,Yes,No,34000
4401,2BHK,Room,Sharing,Boys,Vavol,Gandhinagar,,Semi,No,No,No,Yes,No,Yes,Yes,Yes,No,17000
4402,3BHK,Room,Sharing,Any,Sector 13,Gandhinagar,,Semi,Yes,Yes,No,No,No,Yes,Yes,Yes,Yes,15000
4403,3BHK,Flat,Full,Any,Sector 13,Gandhinagar,,Basic,Yes,Yes,Yes,No,Yes,Yes,No,Yes,Yes,17000
4404,3BHK,Tenament,Sharing,Family,Sector 2,Gandhinagar,,Semi,Yes,Yes,Yes,No,No,Yes,Yes,Yes,Yes,31000
4405,3BHK,House,Full,Boys,Sector 3,Gandhinagar,,Fully,Yes,Yes,No,Yes,No,Yes,No,Yes,Yes,18000
4406,2BHK,Flat,Sharing,Family,Kudasan,Gandhinagar,,Fully,No,Yes,Yes,No,No,Yes,No,Yes,Yes,27000
4407,1BHK,Tenament,Sharing,Family,Sector 6,Gandhinagar,,Fully,No,Yes,No,Yes,Yes,Yes,Yes,Yes,Yes,15000
4408,3BHK,Room,Full,Family,Sector 13,Gandhinagar,,Semi,No,No,No,No,Yes,Yes,Yes,Yes,No,16000
4409,3BHK,Room,Sharing,Any,Vavol,Gandhinagar,,Semi,No,No,No,No,No,Yes,Yes,Yes,No,22000
4410,1BHK,Tenament,Sharing,Girls,Sector 13,Gandhinagar,,Fully,Yes,Yes,No,Yes,Yes,Yes,Yes,Yes,Yes,7000
4411,2BHK,Tenament,Sharing,Girls,Sector 6,Gandhinagar,,Semi,Yes,No,No,No,Yes,Yes,Yes,Yes,No,18000
4412,1BHK,Room,Full,Family,Infocity,Gandhinagar,,Semi,Yes,Yes,Yes,No,Yes,Yes,Yes,Yes,No,20000
4413,2BHK,Room,Full,Boys,Vavol,Gandhinagar,,Fully,No,Yes,Yes,Yes,Yes,Yes,No,Yes,Yes,14000
4414,3BHK,Flat,Full,Boys,Sargasan,Gandhinagar,,Fully,No,Yes,Yes,No,Yes,Yes,Yes,Yes,No,32000
4415,2BHK,Room,Full,Any,Sector 5A,Gandhinagar,,Semi,Yes,Yes,No,Yes,No,Yes,No,Yes,Yes,14000
4416,1BHK,Flat,Full,Girls,Sector 13,Gandhinagar,,Semi,No,No,Yes,Yes,Yes,Yes,Yes,Yes,No,7000
4417,1BHK,Room,Full,Girls,Sector 13,Gandhinagar,,Semi,No,Yes,Yes,Yes,No,Yes,Yes,Yes,No,8000
4418,2BHK,Room,Sharing,Boys,Sector 6,Gandhinagar,,Semi,No,Yes,No,No,Yes,Yes,Yes,Yes,Yes,22000
4419,2BHK,Flat,Sharing,Any,Raysan,Gandhinagar,,Basic,Yes,No,Yes,No,No,Yes,Yes,Yes,No,24000
4420,1BHK,Room,Full,Girls,Sector 6,Gandhinagar,,Fully,Yes,No,Yes,Yes,Yes,Yes,No,Yes,Yes,12000
4421,1BHK,Flat,Sharing,Any,Sector 13,Gandhinagar,,Fully,No,Yes,Yes,No,No,Yes,Yes,Yes,Yes,7000
4422,1BHK,Room,Sharing,Boys,Infocity,Gandhinagar,,Fully,Yes,No,No,No,No,Yes,Yes,Yes,No,22000
4423,1BHK,Tenament,Full,Boys,Vavol,Gandhinagar,,Fully,No,Yes,Yes,Yes,Yes,Yes,No,Yes,No,12000
4424,2BHK,Flat,Sharing,Family,Sector 6,Gandhinagar,,Basic,No,Yes,Yes,No,No,Yes,Yes,Yes,No,18000
4425,2BHK,House,Sharing,Girls,Sector 13,Gandhinagar,,Fully,Yes,No,No,Yes,No,Yes,No,Yes,Yes,13000
4426,2BHK,Flat,Sharing,Family,Sector 5A,Gandhinagar,,Fully,Yes,Yes,Yes,No,No,Yes,Yes,Yes,Yes,16000
4427,1BHK,Room,Full,Girls,Sargasan,Gandhinagar,,Fully,No,No,No,Yes,Yes,Yes,No,Yes,No,16000
4428,2BHK,House,Sharing,Girls,Vavol,Gandhinagar,,Fully,No,Yes,No,No,Yes,Yes,Yes,Yes,No,14000
4429,1BHK,Flat,Sharing,Family,Infocity,Gandhinagar,,Semi,No,Yes,Yes,No,Yes,Yes,No,Yes,No,15000
4430,1BHK,Room,Full,Girls,Sector 3,Gandhinagar,,Semi,Yes,No,Yes,No,No,Yes,Yes,Yes,Yes,8000
4431,3BHK,Room,Sharing,Family,Sector 13,Gandhinagar,,Semi,No,No,No,No,No,Yes,Yes,Yes,Yes,18000
4432,3BHK,Tenament,Sharing,Family,Sector 6,Gandhinagar,,Basic,Yes,Yes,No,Yes,Yes,Yes,No,Yes,No,27000
4433,3BHK,Room,Full,Family,Kudasan,Gandhinagar,,Basic,No,Yes,No,No,No,Yes,No,Yes,Yes,30000
4434,3BHK,House,Sharing,Boys,Vavol,Gandhinagar,,Fully,Yes,No,Yes,Yes,Yes,Yes,Yes,Yes,No,21000
4435,1BHK,Room,Full,Family,Sector 6,Gandhinagar,,Basic,No,No,Yes,Yes,No,Yes,Yes,Yes,Yes,11000
4436,2BHK,House,Sharing,Boys,Sector 2,Gandhinagar,,Basic,No,Yes,Yes,Yes,No,Yes,Yes,Yes,Yes,19000
4437,2BHK,House,Sharing,Boys,Sargasan,Gandhinagar,,Semi,No,Yes,Yes,No,No,Yes,Yes,Yes,No,22000
4438,1BHK,Tenament,Full,Any,Sargasan,Gandhinagar,,Basic,No,No,Yes,Yes,No,Yes,Yes,Yes,No,20000
4439,2BHK,Tenament,Sharing,Any,Infocity,Gandhinagar,,Basic,No,Yes,Yes,Yes,Yes,Yes,Yes,Yes,Yes,27000
4440,1BHK,Flat,Full,Girls,Infocity,Gandhinagar,,Fully,Yes,Yes,Yes,No,No,Yes,Yes,Yes,Yes,15000
4441,1BHK,Tenament,Full,Girls,Infocity,Gandhinagar,,Semi,No,No,Yes,Yes,Yes,Yes,No,Yes,No,16000
4442,2BHK,Flat,Full,Family,Raysan,Gandhinagar,,Basic,No,No,Yes,No,Yes,Yes,No,Yes,No,20000
4443,1BHK,Tenament,Full,Boys,Sector 3,Gandhinagar,,Basic,No,Yes,No,No,Yes,Yes,No,Yes,Yes,7000
4444,2BHK,Tenament,Sharing,Girls,Vavol,Gandhinagar,,Fully,No,Yes,No,Yes,No,Yes,No,Yes,No,17000
4445,3BHK,Tenament,Sharing,Any,Raysan,Gandhinagar,,Fully,No,Yes,No,No,No,Yes,No,Yes,No,34000
4446,2BHK,Room,Sharing,Girls,Infocity,Gandhinagar,,Fully,No,No,Yes,No,Yes,Yes,Yes,Yes,No,23000
4447,3BHK,Flat,Sharing,Any,Sector 13,Gandhinagar,,Fully,No,No,No,No,No,Yes,No,Yes,Yes,14000
4448,1BHK,House,Full,Boys,Sargasan,Gandhinagar,,Fully,Yes,No,Yes,No,No,Yes,Yes,Yes,Yes,19000
4449,3BHK,Flat,Full,Any,Sector 13,Gandhinagar,,Semi,No,Yes,Yes,Yes,Yes,Yes,No,Yes,No,17000
4450,1BHK,Room,Sharing,Family,Raysan,Gandhinagar,,Fully,No,No,No,Yes,Yes,Yes,No,Yes,Yes,15000
4451,1BHK,Flat,Sharing,Boys,Raysan,Gandhinagar,,Fully,Yes,Yes,Yes,Yes,No,Yes,No,Yes,No,12000
4452,3BHK,House,Sharing,Girls,Sector 6,Gandhinagar,,Basic,No,Yes,Yes,Yes,No,Yes,No,Yes,No,23000
4453,2BHK,House,Sharing,Family,Sector 5A,Gandhinagar,,Semi,Yes,Yes,No,Yes,No,Yes,No,Yes,Yes,15000
4454,2BHK,Flat,Full,Any,Sector 3,Gandhinagar,,Basic,No,No,No,No,No,Yes,Yes,Yes,No,15000
4455,1BHK,Flat,Full,Family,Vavol,Gandhinagar,,Semi,No,No,No,No,Yes,Yes,Yes,Yes,Yes,10000
4456,3BHK,Tenament,Full,Girls,Sargasan,Gandhinagar,,Fully,Yes,No,Yes,Yes,Yes,Yes,No,Yes,No,37000
4457,3BHK,House,Full,Any,Raysan,Gandhinagar,,Fully,Yes,No,No,No,Yes,Yes,Yes,Yes,Yes,29000
4458,1BHK,House,Full,Boys,Kudasan,Gandhinagar,,Semi,Yes,Yes,No,No,No,Yes,No,Yes,Yes,16000
4459,2BHK,Flat,Full,Family,Vavol,Gandhinagar,,Fully,Yes,Yes,Yes,Yes,No,Yes,No,Yes,No,16000
4460,2BHK,House,Sharing,Any,Sector 13,Gandhinagar,,Semi,Yes,No,No,No,No,Yes,Yes,Yes,No,10000
4461,2BHK,Tenament,Sharing,Any,Kudasan,Gandhinagar,,Semi,No,No,No,Yes,No,Yes,No,Yes,No,25000
4462,2BHK,Flat,Sharing,Family,Vavol,Gandhinagar,,Semi,No,Yes,No,No,Yes,Yes,No,Yes,Yes,15000
4463,3BHK,House,Full,Family,Raysan,Gandhinagar,,Basic,No,No,Yes,Yes,Yes,Yes,Yes,Yes,Yes,35000
4464,3BHK,Room,Sharing,Any,Sector 3,Gandhinagar,,Fully,Yes,No,Yes,Yes,No,Yes,Yes,Yes,No,20000
4465,1BHK,Tenament,Full,Any,Kudasan,Gandhinagar,,Fully,Yes,Yes,Yes,No,Yes,Yes,Yes,Yes,Yes,16000
4466,2BHK,Room,Sharing,Family,Vavol,Gandhinagar,,Fully,Yes,No,No,Yes,Yes,Yes,No,Yes,Yes,15000
4467,3BHK,House,Full,Girls,Sector 6,Gandhinagar,,Fully,Yes,No,No,No,Yes,Yes,No,Yes,No,29000
4468,1BHK,Flat,Full,Any,Vavol,Gandhinagar,,Basic,Yes,No,No,Yes,No,Yes,Yes,Yes,No,11000
4469,3BHK,House,Full,Family,Raysan,Gandhinagar,,Fully,No,No,Yes,No,Yes,Yes,Yes,Yes,Yes,30000
4470,1BHK,Room,Full,Boys,Vavol,Gandhinagar,,Fully,Yes,Yes,Yes,No,Yes,Yes,Yes,Yes,Yes,11000
4471,3BHK,Flat,Full,Any,Kudasan,Gandhinagar,,Basic,No,No,Yes,No,No,Yes,Yes,Yes,No,29000
4472,2BHK,Tenament,Sharing,Boys,Sector 2,Gandhinagar,,Fully,Yes,No,No,Yes,No,Yes,No,Yes,No,21000
4473,1BHK,Flat,Full,Girls,Infocity,Gandhinagar,,Semi,No,Yes,No,No,Yes,Yes,No,Yes,No,20000
4474,1BHK,Tenament,Sharing,Any,Sector 6,Gandhinagar,,Fully,No,No,No,Yes,Yes,Yes,No,Yes,Yes,14000
4475,2BHK,Tenament,Full,Family,Sector 6,Gandhinagar,,Semi,No,Yes,No,No,Yes,Yes,Yes,Yes,No,18000
4476,2BHK,Tenament,Full,Family,Infocity,Gandhinagar,,Semi,Yes,Yes,Yes,No,No,Yes,Yes,Yes,No,30000
4477,3BHK,Flat,Sharing,Girls,Sector 2,Gandhinagar,,Basic,Yes,Yes,No,No,Yes,Yes,Yes,Yes,No,27000
4478,2BHK,Room,Full,Girls,Sector 13,Gandhinagar,,Basic,Yes,Yes,Yes,No,Yes,Yes,No,Yes,Yes,10000
4479,1BHK,Tenament,Full,Girls,Sector 5A,Gandhinagar,,Fully,No,Yes,Yes,Yes,Yes,Yes,Yes,Yes,Yes,9000
4480,2BHK,Flat,Sharing,Any,Kudasan,Gandhinagar,,Basic,No,No,Yes,Yes,No,Yes,No,Yes,No,24000
4481,1BHK,Tenament,Full,Any,Sector 2,Gandhinagar,,Fully,Yes,No,Yes,Yes,No,Yes,Yes,Yes,Yes,15000
4482,1BHK,House,Full,Any,Sector 13,Gandhinagar,,Basic,No,Yes,Yes,Yes,No,Yes,Yes,Yes,No,8000
4483,3BHK,Room,Full,Any,Kudasan,Gandhinagar,,Fully,Yes,Yes,Yes,No,Yes,Yes,Yes,Yes,No,37000
4484,3BHK,Tenament,Sharing,Family,Sector 3,Gandhinagar,,Fully,No,Yes,No,No,No,Yes,No,Yes,No,20000
4485,1BHK,House,Sharing,Any,Sargasan,Gandhinagar,,Fully,No,No,No,Yes,No,Yes,Yes,Yes,Yes,17000
4486,2BHK,Room,Full,Family,Raysan,Gandhinagar,,Basic,No,Yes,No,No,No,Yes,Yes,Yes,No,24000
4487,3BHK,Tenament,Full,Boys,Raysan,Gandhinagar,,Fully,No,Yes,No,Yes,Yes,Yes,No,Yes,No,35000
4488,2BHK,Flat,Full,Boys,Raysan,Gandhinagar,,Semi,No,No,Yes,Yes,No,Yes,No,Yes,Yes,21000
4489,3BHK,Tenament,Sharing,Family,Infocity,Gandhinagar,,Fully,Yes,No,Yes,Yes,No,Yes,Yes,Yes,No,34000
4490,1BHK,House,Full,Any,Sector 2,Gandhinagar,,Semi,Yes,Yes,Yes,No,No,Yes,Yes,Yes,Yes,14000
4491,2BHK,Tenament,Full,Girls,Sector 6,Gandhinagar,,Fully,No,No,No,No,No,Yes,Yes,Yes,No,18000
4492,1BHK,Room,Sharing,Girls,Sector 6,Gandhinagar,,Basic,Yes,No,Yes,No,Yes,Yes,No,Yes,Yes,11000
4493,1BHK,Room,Sharing,Boys,Sector 13,Gandhinagar,,Fully,Yes,Yes,Yes,No,Yes,Yes,No,Yes,No,9000
4494,3BHK,Flat,Full,Family,Sector 6,Gandhinagar,,Basic,Yes,No,Yes,No,No,Yes,No,Yes,Yes,23000
4495,1BHK,House,Full,Girls,Raysan,Gandhinagar,,Fully,Yes,No,Yes,No,Yes,Yes,Yes,Yes,No,16000
4496,2BHK,Room,Sharing,Boys,Infocity,Gandhinagar,,Basic,Yes,No,Yes,Yes,No,Yes,Yes,Yes,No,30000
4497,3BHK,House,Full,Girls,Sector 6,Gandhinagar,,Basic,No,No,No,No,Yes,Yes,Yes,Yes,No,25000
4498,2BHK,House,Full,Any,Sector 3,Gandhinagar,,Fully,Yes,No,No,No,Yes,Yes,Yes,Yes,No,11000
4499,3BHK,Tenament,Full,Family,Kudasan,Gandhinagar,,Fully,No,Yes,Yes,Yes,Yes,Yes,Yes,Yes,No,34000
4500,2BHK,Room,Full,Family,Sector 5A,Gandhinagar,,Semi,Yes,No,Yes,No,No,Yes,Yes,Yes,No,15000
4501,3BHK,Room,Full,Girls,Sargasan,Gandhinagar,,Fully,No,Yes,No,No,Yes,Yes,No,Yes,No,36000
4502,3BHK,Tenament,Full,Boys,Infocity,Gandhinagar,,Semi,No,No,No,Yes,Yes,Yes,No,Yes,Yes,45000
4503,3BHK,House,Sharing,Any,Sargasan,Gandhinagar,,Basic,No,Yes,No,No,No,Yes,No,Yes,Yes,41000
4504,2BHK,Tenament,Sharing,Family,Infocity,Gandhinagar,,Fully,Yes,No,Yes,No,Yes,Yes,No,Yes,Yes,27000
4505,3BHK,Room,Sharing,Boys,Sector 6,Gandhinagar,,Basic,Yes,No,Yes,No,No,Yes,No,Yes,Yes,24000
4506,3BHK,Tenament,Full,Any,Raysan,Gandhinagar,,Basic,Yes,No,No,No,Yes,Yes,No,Yes,No,28000
4507,1BHK,Room,Full,Any,Sector 13,Gandhinagar,,Semi,Yes,Yes,No,Yes,Yes,Yes,No,Yes,No,9000
4508,3BHK,Room,Sharing,Family,Sector 3,Gandhinagar,,Semi,No,Yes,No,Yes,No,Yes,Yes,Yes,No,21000
4509,1BHK,Tenament,Sharing,Family,Sargasan,Gandhinagar,,Fully,No,Yes,No,No,Yes,Yes,No,Yes,No,16000
4510,2BHK,Room,Full,Any,Sector 3,Gandhinagar,,Basic,No,No,No,No,Yes,Yes,No,Yes,Yes,14000
4511,3BHK,House,Sharing,Any,Raysan,Gandhinagar,,Basic,Yes,Yes,Yes,No,No,Yes,Yes,Yes,No,35000
4512,3BHK,Tenament,Full,Any,Sector 2,Gandhinagar,,Basic,Yes,No,No,No,Yes,Yes,Yes,Yes,No,28000
4513,1BHK,Room,Sharing,Family,Sector 5A,Gandhinagar,,Fully,Yes,No,No,Yes,Yes,Yes,No,Yes,Yes,11000
4514,3BHK,Tenament,Full,Girls,Sector 3,Gandhinagar,,Semi,No,No,No,No,No,Yes,Yes,Yes,No,17000
4515,1BHK,Room,Sharing,Girls,Raysan,Gandhinagar,,Semi,Yes,Yes,No,No,No,Yes,Yes,Yes,Yes,15000
4516,2BHK,Room,Sharing,Girls,Sargasan,Gandhinagar,,Semi,Yes,No,No,Yes,No,Yes,No,Yes,Yes,28000
4517,3BHK,Room,Sharing,Girls,Sector 5A,Gandhinagar,,Fully,No,No,No,No,No,Yes,No,Yes,No,24000
4518,1BHK,Flat,Full,Family,Sector 2,Gandhinagar,,Fully,Yes,No,No,No,Yes,Yes,Yes,Yes,Yes,15000
4519,3BHK,Tenament,Full,Girls,Infocity,Gandhinagar,,Basic,Yes,No,Yes,Yes,Yes,Yes,No,Yes,No,33000
4520,2BHK,Tenament,Full,Girls,Sector 6,Gandhinagar,,Semi,No,Yes,No,Yes,Yes,Yes,Yes,Yes,Yes,21000
4521,1BHK,Room,Full,Family,Raysan,Gandhinagar,,Basic,Yes,Yes,Yes,Yes,No,Yes,No,Yes,No,17000
4522,1BHK,Room,Sharing,Family,Infocity,Gandhinagar,,Basic,No,No,No,Yes,No,Yes,No,Yes,No,18000
4523,3BHK,Flat,Sharing,Girls,Infocity,Gandhinagar,,Semi,No,Yes,No,Yes,No,Yes,Yes,Yes,No,45000
4524,2BHK,Flat,Full,Girls,Kudasan,Gandhinagar,,Fully,Yes,No,No,Yes,Yes,Yes,No,Yes,Yes,27000
4525,3BHK,House,Sharing,Any,Infocity,Gandhinagar,,Fully,No,Yes,Yes,Yes,No,Yes,No,Yes,Yes,41000
4526,3BHK,Room,Full,Any,Sector 5A,Gandhinagar,,Semi,No,No,No,Yes,Yes,Yes,No,Yes,Yes,20000
4527,3BHK,Room,Sharing,Family,Sector 3,Gandhinagar,,Semi,Yes,No,No,No,No,Yes,Yes,Yes,Yes,17000
4528,3BHK,House,Sharing,Family,Kudasan,Gandhinagar,,Basic,No,Yes,Yes,Yes,No,Yes,No,Yes,Yes,29000
4529,2BHK,Room,Full,Family,Sector 2,Gandhinagar,,Semi,Yes,No,No,No,Yes,Yes,No,Yes,Yes,21000
4530,3BHK,Tenament,Full,Boys,Vavol,Gandhinagar,,Semi,Yes,Yes,Yes,Yes,No,Yes,No,Yes,Yes,24000
4531,2BHK,House,Full,Boys,Sector 13,Gandhinagar,,Fully,No,Yes,No,Yes,No,Yes,Yes,Yes,Yes,13000
4532,3BHK,Flat,Full,Any,Raysan,Gandhinagar,,Basic,Yes,Yes,Yes,Yes,No,Yes,Yes,Yes,No,30000
4533,2BHK,Room,Sharing,Boys,Infocity,Gandhinagar,,Semi,No,No,No,No,No,Yes,Yes,Yes,Yes,31000
4534,1BHK,House,Full,Girls,Vavol,Gandhinagar,,Semi,No,Yes,Yes,No,Yes,Yes,No,Yes,Yes,8000
4535,2BHK,Room,Full,Any,Vavol,Gandhinagar,,Semi,Yes,No,Yes,Yes,No,Yes,No,Yes,No,12000
4536,3BHK,Room,Full,Boys,Sector 2,Gandhinagar,,Semi,Yes,Yes,No,No,Yes,Yes,No,Yes,No,32000
4537,1BHK,Flat,Full,Girls,Infocity,Gandhinagar,,Basic,Yes,No,No,No,Yes,Yes,Yes,Yes,No,22000
4538,3BHK,House,Full,Boys,Sargasan,Gandhinagar,,Basic,No,Yes,No,Yes,Yes,Yes,No,Yes,No,35000
4539,3BHK,Room,Sharing,Boys,Sector 6,Gandhinagar,,Semi,No,Yes,No,No,Yes,Yes,No,Yes,Yes,24000
4540,3BHK,Room,Sharing,Any,Sector 3,Gandhinagar,,Fully,Yes,Yes,No,No,Yes,Yes,No,Yes,Yes,20000
4541,3BHK,Tenament,Sharing,Family,Sector 2,Gandhinagar,,Basic,No,Yes,Yes,No,No,Yes,Yes,Yes,Yes,28000
4542,1BHK,Flat,Sharing,Family,Sector 2,Gandhinagar,,Basic,Yes,Yes,No,Yes,No,Yes,Yes,Yes,No,15000
4543,2BHK,Tenament,Sharing,Boys,Kudasan,Gandhinagar,,Basic,Yes,Yes,No,No,Yes,Yes,No,Yes,Yes,20000
4544,1BHK,Flat,Full,Boys,Raysan,Gandhinagar,,Fully,No,No,Yes,Yes,Yes,Yes,Yes,Yes,Yes,13000
4545,1BHK,House,Sharing,Any,Infocity,Gandhinagar,,Fully,No,No,No,No,Yes,Yes,No,Yes,No,16000
4546,1BHK,Flat,Full,Girls,Sector 5A,Gandhinagar,,Semi,Yes,No,No,Yes,Yes,Yes,No,Yes,Yes,13000
4547,3BHK,Flat,Full,Girls,Infocity,Gandhinagar,,Fully,No,No,No,Yes,Yes,Yes,No,Yes,No,33000
4548,2BHK,Room,Sharing,Family,Sector 13,Gandhinagar,,Semi,Yes,No,Yes,No,Yes,Yes,No,Yes,Yes,10000
4549,2BHK,Tenament,Full,Any,Raysan,Gandhinagar,,Fully,Yes,No,Yes,Yes,No,Yes,No,Yes,No,19000
4550,1BHK,House,Sharing,Family,Sector 13,Gandhinagar,,Basic,No,No,Yes,Yes,No,Yes,Yes,Yes,Yes,8000
4551,3BHK,Tenament,Full,Boys,Kudasan,Gandhinagar,,Semi,No,No,No,Yes,No,Yes,Yes,Yes,Yes,34000
4552,3BHK,House,Sharing,Girls,Kudasan,Gandhinagar,,Fully,No,Yes,Yes,No,No,Yes,No,Yes,Yes,36000
4553,2BHK,Room,Sharing,Any,Sector 6,Gandhinagar,,Basic,Yes,Yes,Yes,Yes,Yes,Yes,No,Yes,Yes,17000
4554,2BHK,Room,Sharing,Family,Kudasan,Gandhinagar,,Fully,No,Yes,Yes,Yes,Yes,Yes,No,Yes,Yes,25000
4555,3BHK,House,Sharing,Family,Sector 5A,Gandhinagar,,Fully,Yes,Yes,Yes,No,No,Yes,No,Yes,Yes,21000
4556,3BHK,Flat,Sharing,Boys,Infocity,Gandhinagar,,Basic,No,No,Yes,No,Yes,Yes,Yes,Yes,No,43000
4557,1BHK,Tenament,Sharing,Family,Vavol,Gandhinagar,,Basic,No,No,No,No,No,Yes,Yes,Yes,Yes,9000
4558,1BHK,Flat,Full,Girls,Infocity,Gandhinagar,,Semi,Yes,No,No,Yes,Yes,Yes,Yes,Yes,No,16000
4559,2BHK,Tenament,Full,Any,Sargasan,Gandhinagar,,Fully,No,Yes,No,Yes,Yes,Yes,No,Yes,No,29000
4560,1BHK,Tenament,Full,Family,Sector 5A,Gandhinagar,,Basic,No,Yes,Yes,Yes,No,Yes,Yes,Yes,No,9000
4561,1BHK,House,Full,Boys,Sector 13,Gandhinagar,,Basic,No,No,No,Yes,Yes,Yes,No,Yes,Yes,9000
4562,2BHK,Room,Full,Boys,Infocity,Gandhinagar,,Fully,Yes,No,Yes,Yes,Yes,Yes,No,Yes,Yes,25000
4563,1BHK,Room,Full,Any,Sector 3,Gandhinagar,,Fully,No,No,No,Yes,No,Yes,No,Yes,Yes,9000
4564,1BHK,House,Full,Family,Infocity,Gandhinagar,,Basic,Yes,Yes,Yes,No,No,Yes,No,Yes,Yes,18000
4565,2BHK,Room,Full,Family,Vavol,Gandhinagar,,Semi,Yes,No,Yes,No,Yes,Yes,No,Yes,Yes,15000
4566,3BHK,Flat,Full,Girls,Raysan,Gandhinagar,,Fully,No,Yes,No,No,No,Yes,No,Yes,Yes,36000
4567,1BHK,Tenament,Sharing,Any,Sector 5A,Gandhinagar,,Basic,No,Yes,No,Yes,Yes,Yes,Yes,Yes,No,11000
4568,1BHK,Room,Full,Girls,Sector 5A,Gandhinagar,,Basic,Yes,Yes,Yes,No,Yes,Yes,Yes,Yes,Yes,10000
4569,1BHK,Tenament,Full,Any,Sector 13,Gandhinagar,,Basic,Yes,No,Yes,Yes,Yes,Yes,Yes,Yes,No,8000
4570,2BHK,Flat,Sharing,Boys,Sector 3,Gandhinagar,,Fully,Yes,Yes,No,No,No,Yes,No,Yes,Yes,12000
4571,3BHK,Room,Full,Any,Sector 5A,Gandhinagar,,Fully,Yes,No,No,Yes,Yes,Yes,No,Yes,No,26000
4572,3BHK,Tenament,Sharing,Family,Sector 2,Gandhinagar,,Basic,Yes,Yes,No,Yes,Yes,Yes,No,Yes,No,30000
4573,3BHK,Flat,Sharing,Girls,Sargasan,Gandhinagar,,Semi,Yes,No,No,Yes,No,Yes,Yes,Yes,No,41000
4574,1BHK,House,Full,Any,Sector 5A,Gandhinagar,,Basic,No,No,No,Yes,No,Yes,No,Yes,Yes,13000
4575,1BHK,Room,Sharing,Girls,Sector 2,Gandhinagar,,Fully,Yes,No,No,Yes,No,Yes,No,Yes,No,14000
4576,3BHK,Room,Sharing,Family,Raysan,Gandhinagar,,Fully,Yes,Yes,No,Yes,Yes,Yes,Yes,Yes,Yes,29000
4577,1BHK,Tenament,Sharing,Girls,Raysan,Gandhinagar,,Fully,Yes,No,No,No,No,Yes,No,Yes,No,16000
4578,1BHK,Flat,Full,Family,Raysan,Gandhinagar,,Basic,Yes,No,Yes,Yes,Yes,Yes,Yes,Yes,Yes,12000
4579,2BHK,Flat,Sharing,Boys,Sargasan,Gandhinagar,,Fully,Yes,Yes,No,Yes,Yes,Yes,No,Yes,No,22000
4580,1BHK,Flat,Full,Family,Raysan,Gandhinagar,,Fully,Yes,Yes,Yes,Yes,Yes,Yes,Yes,Yes,Yes,16000
4581,1BHK,Room,Full,Any,Infocity,Gandhinagar,,Basic,Yes,No,Yes,No,Yes,Yes,No,Yes,No,15000
4582,2BHK,Room,Full,Any,Sector 2,Gandhinagar,,Basic,No,No,No,No,Yes,Yes,No,Yes,No,22000
4583,2BHK,House,Full,Girls,Sector 13,Gandhinagar,,Basic,Yes,No,Yes,Yes,No,Yes,Yes,Yes,Yes,12000
4584,2BHK,Room,Full,Boys,Vavol,Gandhinagar,,Semi,No,Yes,Yes,Yes,Yes,Yes,No,Yes,Yes,15000
4585,1BHK,Flat,Sharing,Family,Sargasan,Gandhinagar,,Basic,No,Yes,Yes,No,No,Yes,No,Yes,Yes,18000
4586,2BHK,House,Full,Girls,Sector 2,Gandhinagar,,Semi,No,Yes,No,Yes,Yes,Yes,No,Yes,Yes,23000
4587,1BHK,Flat,Sharing,Family,Sargasan,Gandhinagar,,Basic,No,No,No,Yes,Yes,Yes,Yes,Yes,No,15000
4588,3BHK,House,Sharing,Family,Sector 13,Gandhinagar,,Semi,Yes,Yes,Yes,No,No,Yes,No,Yes,Yes,16000
4589,2BHK,Room,Full,Girls,Sector 13,Gandhinagar,,Basic,No,No,Yes,Yes,Yes,Yes,No,Yes,Yes,10000
4590,1BHK,Flat,Full,Boys,Raysan,Gandhinagar,,Semi,Yes,No,Yes,Yes,Yes,Yes,No,Yes,No,15000
4591,3BHK,Flat,Sharing,Boys,Kudasan,Gandhinagar,,Semi,Yes,No,Yes,Yes,No,Yes,Yes,Yes,Yes,38000
4592,2BHK,Tenament,Full,Family,Raysan,Gandhinagar,,Fully,No,No,Yes,Yes,Yes,Yes,No,Yes,No,22000
4593,1BHK,House,Full,Girls,Sector 6,Gandhinagar,,Basic,Yes,No,No,No,No,Yes,No,Yes,Yes,12000
4594,1BHK,Room,Sharing,Family,Infocity,Gandhinagar,,Fully,No,Yes,Yes,Yes,Yes,Yes,No,Yes,No,21000
4595,2BHK,Tenament,Sharing,Girls,Raysan,Gandhinagar,,Basic,Yes,No,No,Yes,No,Yes,No,Yes,No,26000
4596,1BHK,Tenament,Full,Any,Sector 3,Gandhinagar,,Semi,No,No,Yes,No,No,Yes,Yes,Yes,Yes,9000
4597,1BHK,Flat,Sharing,Family,Sargasan,Gandhinagar,,Semi,No,Yes,No,No,Yes,Yes,No,Yes,No,18000
4598,3BHK,Room,Full,Any,Kudasan,Gandhinagar,,Fully,Yes,Yes,No,No,No,Yes,No,Yes,Yes,30000
4599,2BHK,Tenament,Sharing,Boys,Sargasan,Gandhinagar,,Basic,No,Yes,No,Yes,Yes,Yes,No,Yes,Yes,25000
4600,3BHK,Tenament,Full,Girls,Kudasan,Gandhinagar,,Basic,Yes,Yes,Yes,Yes,Yes,Yes,Yes,Yes,No,34000
4601,2BHK,Flat,Full,Girls,Sector 2,Gandhinagar,,Fully,No,No,No,Yes,No,Yes,Yes,Yes,Yes,17000
4602,2BHK,Flat,Sharing,Girls,Vavol,Gandhinagar,,Basic,No,Yes,Yes,No,No,Yes,No,Yes,No,13000
4603,1BHK,Tenament,Full,Family,Sargasan,Gandhinagar,,Basic,No,Yes,Yes,No,Yes,Yes,No,Yes,No,15000
4604,1BHK,Flat,Full,Boys,Sargasan,Gandhinagar,,Semi,No,Yes,Yes,No,No,Yes,No,Yes,Yes,19000
4605,1BHK,Flat,Sharing,Boys,Sector 6,Gandhinagar,,Semi,No,No,No,No,No,Yes,No,Yes,No,14000
4606,1BHK,House,Full,Girls,Sector 2,Gandhinagar,,Semi,Yes,Yes,Yes,Yes,No,Yes,Yes,Yes,Yes,12000
4607,1BHK,Flat,Sharing,Family,Kudasan,Gandhinagar,,Semi,No,Yes,Yes,No,No,Yes,No,Yes,No,16000
4608,2BHK,Room,Sharing,Family,Sector 3,Gandhinagar,,Fully,No,Yes,Yes,No,No,Yes,Yes,Yes,No,14000
4609,3BHK,Tenament,Full,Girls,Vavol,Gandhinagar,,Basic,Yes,No,No,Yes,No,Yes,Yes,Yes,No,22000
4610,3BHK,House,Sharing,Any,Sargasan,Gandhinagar,,Basic,Yes,Yes,No,No,No,Yes,Yes,Yes,Yes,36000
4611,3BHK,House,Full,Family,Sector 3,Gandhinagar,,Fully,Yes,Yes,Yes,Yes,Yes,Yes,No,Yes,No,18000
4612,1BHK,Tenament,Sharing,Family,Raysan,Gandhinagar,,Semi,No,Yes,No,Yes,Yes,Yes,Yes,Yes,No,15000
4613,2BHK,Flat,Sharing,Boys,Sector 6,Gandhinagar,,Semi,Yes,Yes,Yes,Yes,No,Yes,No,Yes,No,20000
4614,1BHK,Flat,Sharing,Girls,Sector 6,Gandhinagar,,Fully,No,Yes,Yes,No,Yes,Yes,Yes,Yes,Yes,12000
4615,1BHK,Tenament,Full,Boys,Vavol,Gandhinagar,,Semi,No,No,Yes,No,Yes,Yes,Yes,Yes,No,12000
4616,1BHK,House,Sharing,Girls,Sector 13,Gandhinagar,,Fully,No,No,Yes,Yes,No,Yes,Yes,Yes,Yes,9000
4617,2BHK,House,Sharing,Boys,Sargasan,Gandhinagar,,Fully,No,Yes,Yes,Yes,No,Yes,Yes,Yes,No,21000
4618,1BHK,House,Full,Boys,Kudasan,Gandhinagar,,Fully,No,No,No,No,Yes,Yes,Yes,Yes,No,14000
4619,3BHK,House,Sharing,Any,Vavol,Gandhinagar,,Fully,No,No,No,Yes,No,Yes,No,Yes,No,23000
4620,3BHK,Tenament,Sharing,Any,Vavol,Gandhinagar,,Fully,No,No,Yes,Yes,No,Yes,No,Yes,No,18000
4621,1BHK,Tenament,Sharing,Girls,Sector 5A,Gandhinagar,,Semi,No,Yes,Yes,Yes,Yes,Yes,Yes,Yes,Yes,12000
4622,2BHK,Tenament,Sharing,Girls,Vavol,Gandhinagar,,Fully,Yes,Yes,Yes,No,No,Yes,No,Yes,Yes,13000
4623,2BHK,Room,Full,Family,Vavol,Gandhinagar,,Semi,No,No,Yes,Yes,No,Yes,No,Yes,No,15000
4624,1BHK,Room,Sharing,Any,Sector 13,Gandhinagar,,Fully,Yes,No,Yes,Yes,Yes,Yes,Yes,Yes,Yes,7000
4625,2BHK,Tenament,Full,Boys,Sector 2,Gandhinagar,,Basic,Yes,No,No,Yes,No,Yes,Yes,Yes,Yes,24000
4626,3BHK,Room,Sharing,Boys,Sector 2,Gandhinagar,,Semi,Yes,No,No,No,No,Yes,No,Yes,Yes,30000
4627,1BHK,Room,Sharing,Girls,Kudasan,Gandhinagar,,Fully,No,Yes,No,Yes,No,Yes,Yes,Yes,No,18000
4628,2BHK,Room,Full,Any,Kudasan,Gandhinagar,,Semi,No,Yes,No,Yes,No,Yes,No,Yes,Yes,26000
4629,3BHK,House,Full,Family,Vavol,Gandhinagar,,Basic,Yes,No,No,No,No,Yes,No,Yes,No,21000
4630,1BHK,Tenament,Sharing,Family,Sector 6,Gandhinagar,,Basic,Yes,No,No,Yes,No,Yes,Yes,Yes,Yes,11000
4631,1BHK,Tenament,Sharing,Family,Infocity,Gandhinagar,,Basic,Yes,Yes,No,No,No,Yes,No,Yes,Yes,18000
4632,3BHK,House,Full,Any,Sector 3,Gandhinagar,,Fully,No,No,No,Yes,Yes,Yes,No,Yes,Yes,19000
4633,2BHK,Room,Sharing,Family,Kudasan,Gandhinagar,,Fully,No,Yes,No,No,Yes,Yes,Yes,Yes,No,23000
4634,2BHK,House,Sharing,Any,Sector 3,Gandhinagar,,Fully,No,Yes,Yes,No,No,Yes,No,Yes,No,15000
4635,3BHK,House,Sharing,Girls,Sector 5A,Gandhinagar,,Fully,No,Yes,No,Yes,No,Yes,Yes,Yes,No,23000
4636,1BHK,Tenament,Full,Girls,Raysan,Gandhinagar,,Fully,Yes,Yes,Yes,No,Yes,Yes,No,Yes,No,18000
4637,3BHK,Flat,Full,Boys,Sector 5A,Gandhinagar,,Fully,No,Yes,No,Yes,Yes,Yes,No,Yes,No,26000
4638,3BHK,Room,Full,Family,Sargasan,Gandhinagar,,Semi,No,Yes,Yes,No,No,Yes,No,Yes,No,38000
4639,3BHK,Flat,Full,Any,Vavol,Gandhinagar,,Basic,No,Yes,No,Yes,Yes,Yes,Yes,Yes,No,19000
4640,1BHK,House,Full,Boys,Sector 3,Gandhinagar,,Semi,No,No,No,Yes,Yes,Yes,Yes,Yes,No,8000
4641,3BHK,Flat,Full,Family,Sector 6,Gandhinagar,,Basic,No,Yes,No,No,Yes,Yes,Yes,Yes,Yes,26000
4642,2BHK,Tenament,Full,Family,Sector 5A,Gandhinagar,,Basic,Yes,Yes,Yes,Yes,Yes,Yes,Yes,Yes,Yes,16000
4643,2BHK,Tenament,Full,Family,Infocity,Gandhinagar,,Semi,Yes,Yes,No,No,No,Yes,No,Yes,No,28000
4644,3BHK,Room,Full,Any,Sector 2,Gandhinagar,,Fully,No,Yes,No,Yes,Yes,Yes,Yes,Yes,Yes,30000
4645,1BHK,House,Sharing,Any,Sector 6,Gandhinagar,,Basic,No,Yes,Yes,No,Yes,Yes,No,Yes,Yes,14000
4646,1BHK,House,Sharing,Boys,Infocity,Gandhinagar,,Basic,Yes,No,Yes,No,No,Yes,Yes,Yes,No,20000
4647,3BHK,Room,Sharing,Any,Infocity,Gandhinagar,,Fully,Yes,No,No,Yes,No,Yes,Yes,Yes,Yes,43000
4648,2BHK,Flat,Full,Family,Sector 5A,Gandhinagar,,Fully,No,No,No,No,No,Yes,Yes,Yes,No,19000
4649,3BHK,Tenament,Full,Family,Sargasan,Gandhinagar,,Basic,Yes,Yes,Yes,No,No,Yes,Yes,Yes,Yes,37000
4650,3BHK,House,Full,Boys,Sargasan,Gandhinagar,,Basic,Yes,No,No,No,Yes,Yes,Yes,Yes,Yes,41000
4651,2BHK,Tenament,Full,Boys,Sector 2,Gandhinagar,,Basic,Yes,No,Yes,Yes,Yes,Yes,No,Yes,No,21000
4652,2BHK,Tenament,Sharing,Boys,Sector 5A,Gandhinagar,,Basic,No,Yes,No,Yes,Yes,Yes,Yes,Yes,No,19000
4653,3BHK,Tenament,Sharing,Boys,Sargasan,Gandhinagar,,Basic,No,No,Yes,No,Yes,Yes,No,Yes,No,40000
4654,3BHK,Tenament,Full,Girls,Raysan,Gandhinagar,,Basic,Yes,Yes,No,Yes,No,Yes,Yes,Yes,No,34000
4655,2BHK,House,Sharing,Any,Infocity,Gandhinagar,,Basic,No,Yes,Yes,Yes,Yes,Yes,No,Yes,No,27000
4656,3BHK,Tenament,Sharing,Family,Sector 3,Gandhinagar,,Basic,Yes,No,Yes,Yes,Yes,Yes,Yes,Yes,Yes,17000
4657,2BHK,Room,Sharing,Any,Vavol,Gandhinagar,,Fully,Yes,No,Yes,No,Yes,Yes,No,Yes,No,16000
4658,1BHK,House,Full,Girls,Sector 6,Gandhinagar,,Semi,No,No,No,No,Yes,Yes,Yes,Yes,Yes,15000
4659,2BHK,House,Full,Boys,Sector 6,Gandhinagar,,Semi,No,Yes,No,No,Yes,Yes,Yes,Yes,No,21000
4660,1BHK,Tenament,Full,Family,Sector 3,Gandhinagar,,Basic,No,Yes,Yes,No,Yes,Yes,Yes,Yes,Yes,9000
4661,2BHK,House,Full,Family,Sector 5A,Gandhinagar,,Basic,Yes,Yes,Yes,No,No,Yes,No,Yes,Yes,14000
4662,1BHK,Tenament,Sharing,Girls,Vavol,Gandhinagar,,Semi,No,No,Yes,No,Yes,Yes,Yes,Yes,No,8000
4663,2BHK,Tenament,Sharing,Boys,Sargasan,Gandhinagar,,Fully,No,No,No,Yes,No,Yes,No,Yes,No,30000
4664,1BHK,Room,Full,Girls,Sector 2,Gandhinagar,,Fully,Yes,No,No,Yes,No,Yes,No,Yes,No,14000
4665,3BHK,House,Sharing,Family,Infocity,Gandhinagar,,Semi,No,Yes,Yes,No,No,Yes,Yes,Yes,No,39000
4666,3BHK,House,Full,Boys,Vavol,Gandhinagar,,Semi,Yes,No,No,No,No,Yes,Yes,Yes,Yes,21000
4667,1BHK,Tenament,Sharing,Girls,Raysan,Gandhinagar,,Basic,Yes,No,Yes,Yes,Yes,Yes,Yes,Yes,No,16000
4668,2BHK,House,Full,Any,Sector 13,Gandhinagar,,Semi,Yes,No,No,No,No,Yes,Yes,Yes,Yes,12000
4669,1BHK,Flat,Full,Family,Kudasan,Gandhinagar,,Basic,No,Yes,No,No,Yes,Yes,Yes,Yes,No,17000
4670,2BHK,Tenament,Full,Any,Sector 6,Gandhinagar,,Fully,No,No,No,Yes,No,Yes,No,Yes,Yes,19000
4671,1BHK,Flat,Full,Girls,Sargasan,Gandhinagar,,Semi,No,No,No,No,No,Yes,Yes,Yes,No,20000
4672,3BHK,Tenament,Sharing,Boys,Raysan,Gandhinagar,,Basic,No,No,Yes,Yes,Yes,Yes,No,Yes,Yes,33000
4673,3BHK,Flat,Sharing,Any,Sector 13,Gandhinagar,,Basic,No,Yes,Yes,No,Yes,Yes,Yes,Yes,No,16000
4674,1BHK,Room,Full,Boys,Vavol,Gandhinagar,,Fully,No,Yes,Yes,Yes,No,Yes,No,Yes,No,11000
4675,2BHK,Flat,Full,Girls,Raysan,Gandhinagar,,Semi,No,Yes,Yes,Yes,No,Yes,Yes,Yes,Yes,21000
4676,1BHK,Flat,Sharing,Girls,Sector 13,Gandhinagar,,Fully,No,No,No,No,Yes,Yes,No,Yes,Yes,9000
4677,1BHK,Flat,Sharing,Girls,Sector 3,Gandhinagar,,Fully,No,No,No,Yes,No,Yes,No,Yes,No,8000
4678,1BHK,Room,Full,Boys,Kudasan,Gandhinagar,,Basic,No,Yes,No,Yes,Yes,Yes,Yes,Yes,No,14000
4679,3BHK,House,Sharing,Family,Kudasan,Gandhinagar,,Semi,No,Yes,No,No,Yes,Yes,No,Yes,Yes,35000
4680,1BHK,Room,Full,Family,Sector 13,Gandhinagar,,Semi,No,No,No,No,Yes,Yes,No,Yes,No,6000
4681,1BHK,Flat,Sharing,Boys,Kudasan,Gandhinagar,,Fully,No,No,No,No,No,Yes,Yes,Yes,Yes,14000
4682,1BHK,Room,Full,Any,Sector 3,Gandhinagar,,Fully,Yes,Yes,Yes,Yes,No,Yes,No,Yes,No,10000
4683,1BHK,Flat,Sharing,Any,Sector 6,Gandhinagar,,Semi,No,No,No,No,Yes,Yes,Yes,Yes,Yes,14000
4684,3BHK,Tenament,Full,Girls,Sector 3,Gandhinagar,,Fully,No,No,No,No,No,Yes,No,Yes,Yes,20000
4685,1BHK,Room,Full,Any,Sector 3,Gandhinagar,,Basic,No,Yes,No,Yes,No,Yes,No,Yes,Yes,7000
4686,2BHK,Room,Full,Any,Sector 2,Gandhinagar,,Basic,No,Yes,Yes,Yes,Yes,Yes,No,Yes,Yes,21000
4687,2BHK,Flat,Sharing,Girls,Kudasan,Gandhinagar,,Semi,No,Yes,Yes,No,Yes,Yes,No,Yes,Yes,20000
4688,1BHK,Tenament,Sharing,Girls,Sargasan,Gandhinagar,,Basic,No,Yes,Yes,Yes,No,Yes,Yes,Yes,No,20000
4689,1BHK,Tenament,Full,Girls,Sector 2,Gandhinagar,,Basic,Yes,Yes,No,No,Yes,Yes,Yes,Yes,Yes,12000
4690,1BHK,House,Sharing,Family,Sector 5A,Gandhinagar,,Fully,Yes,Yes,Yes,Yes,No,Yes,Yes,Yes,Yes,10000
4691,3BHK,Tenament,Sharing,Girls,Sector 13,Gandhinagar,,Semi,No,No,No,Yes,No,Yes,Yes,Yes,No,17000
4692,3BHK,Tenament,Sharing,Family,Kudasan,Gandhinagar,,Basic,No,Yes,No,Yes,No,Yes,Yes,Yes,No,35000
4693,2BHK,House,Sharing,Girls,Sector 6,Gandhinagar,,Fully,No,Yes,No,Yes,Yes,Yes,Yes,Yes,No,22000
4694,2BHK,House,Full,Boys,Infocity,Gandhinagar,,Semi,No,No,Yes,No,No,Yes,Yes,Yes,Yes,30000
4695,2BHK,Room,Full,Family,Raysan,Gandhinagar,,Semi,Yes,No,Yes,No,No,Yes,No,Yes,No,19000
4696,3BHK,Room,Full,Any,Sector 13,Gandhinagar,,Fully,No,Yes,Yes,No,No,Yes,No,Yes,Yes,14000
4697,2BHK,Tenament,Sharing,Family,Raysan,Gandhinagar,,Fully,No,No,Yes,No,No,Yes,No,Yes,No,22000
4698,2BHK,Room,Full,Boys,Vavol,Gandhinagar,,Basic,No,No,Yes,No,No,Yes,Yes,Yes,Yes,17000
4699,1BHK,House,Full,Any,Sector 3,Gandhinagar,,Semi,No,Yes,No,No,Yes,Yes,Yes,Yes,No,10000
4700,3BHK,House,Full,Any,Sector 6,Gandhinagar,,Semi,Yes,No,Yes,No,No,Yes,No,Yes,No,25000
4701,1BHK,Flat,Sharing,Family,Sector 5A,Gandhinagar,,Basic,No,No,Yes,No,Yes,Yes,Yes,Yes,No,9000
4702,2BHK,Tenament,Full,Boys,Sector 13,Gandhinagar,,Semi,Yes,No,No,No,No,Yes,Yes,Yes,Yes,11000
4703,1BHK,Flat,Full,Any,Infocity,Gandhinagar,,Fully,Yes,No,Yes,No,Yes,Yes,Yes,Yes,No,21000
4704,3BHK,Room,Sharing,Any,Kudasan,Gandhinagar,,Fully,No,No,Yes,No,Yes,Yes,Yes,Yes,Yes,35000
4705,2BHK,House,Sharing,Family,Sector 13,Gandhinagar,,Semi,Yes,Yes,Yes,Yes,Yes,Yes,No,Yes,Yes,10000
4706,1BHK,Room,Sharing,Any,Sector 3,Gandhinagar,,Semi,No,No,No,No,Yes,Yes,Yes,Yes,Yes,10000
4707,3BHK,Flat,Full,Boys,Sector 6,Gandhinagar,,Semi,No,Yes,Yes,Yes,Yes,Yes,No,Yes,Yes,29000
4708,1BHK,Flat,Full,Family,Sector 13,Gandhinagar,,Fully,Yes,Yes,Yes,Yes,No,Yes,No,Yes,Yes,8000
4709,3BHK,Tenament,Sharing,Boys,Infocity,Gandhinagar,,Fully,No,No,No,No,Yes,Yes,No,Yes,Yes,34000
4710,3BHK,Flat,Sharing,Any,Sector 5A,Gandhinagar,,Fully,No,Yes,Yes,No,No,Yes,No,Yes,Yes,22000
4711,1BHK,Room,Sharing,Boys,Sector 3,Gandhinagar,,Basic,Yes,No,No,Yes,No,Yes,No,Yes,No,9000
4712,1BHK,Room,Full,Boys,Kudasan,Gandhinagar,,Fully,Yes,Yes,No,Yes,Yes,Yes,No,Yes,Yes,15000
4713,1BHK,Flat,Full,Family,Sector 2,Gandhinagar,,Semi,No,Yes,Yes,Yes,Yes,Yes,No,Yes,No,16000
4714,1BHK,Flat,Sharing,Girls,Sector 3,Gandhinagar,,Basic,Yes,No,No,Yes,No,Yes,Yes,Yes,Yes,10000
4715,2BHK,Flat,Sharing,Any,Vavol,Gandhinagar,,Basic,Yes,No,Yes,No,Yes,Yes,Yes,Yes,Yes,17000
4716,2BHK,Tenament,Full,Any,Infocity,Gandhinagar,,Fully,No,Yes,Yes,Yes,Yes,Yes,Yes,Yes,Yes,30000
4717,2BHK,Flat,Sharing,Boys,Raysan,Gandhinagar,,Fully,Yes,Yes,Yes,No,No,Yes,Yes,Yes,Yes,19000
4718,3BHK,Flat,Sharing,Family,Sector 5A,Gandhinagar,,Fully,No,Yes,Yes,Yes,Yes,Yes,No,Yes,Yes,20000
4719,2BHK,Tenament,Sharing,Family,Infocity,Gandhinagar,,Fully,Yes,No,No,Yes,Yes,Yes,Yes,Yes,Yes,28000
4720,3BHK,Room,Sharing,Any,Sector 3,Gandhinagar,,Basic,Yes,No,No,Yes,No,Yes,Yes,Yes,Yes,21000
4721,3BHK,Flat,Full,Girls,Sector 13,Gandhinagar,,Semi,Yes,No,No,Yes,Yes,Yes,No,Yes,Yes,15000
4722,2BHK,Room,Full,Girls,Sector 13,Gandhinagar,,Semi,Yes,Yes,Yes,Yes,No,Yes,Yes,Yes,No,11000
4723,1BHK,House,Full,Any,Sargasan,Gandhinagar,,Semi,Yes,Yes,Yes,No,No,Yes,Yes,Yes,No,15000
4724,2BHK,Room,Sharing,Family,Sector 3,Gandhinagar,,Fully,No,Yes,Yes,Yes,Yes,Yes,Yes,Yes,No,12000
4725,1BHK,Flat,Sharing,Boys,Sector 2,Gandhinagar,,Basic,No,No,No,No,No,Yes,Yes,Yes,Yes,12000
4726,3BHK,House,Sharing,Any,Sector 13,Gandhinagar,,Fully,Yes,Yes,No,No,No,Yes,No,Yes,No,18000
4727,2BHK,Tenament,Sharing,Girls,Sector 6,Gandhinagar,,Basic,Yes,No,No,No,Yes,Yes,No,Yes,No,19000
4728,3BHK,House,Full,Boys,Sector 6,Gandhinagar,,Semi,Yes,No,Yes,No,No,Yes,Yes,Yes,Yes,29000
4729,3BHK,House,Full,Family,Sector 13,Gandhinagar,,Fully,Yes,Yes,Yes,No,No,Yes,No,Yes,Yes,15000
4730,1BHK,Room,Full,Family,Raysan,Gandhinagar,,Basic,No,Yes,No,Yes,No,Yes,Yes,Yes,Yes,13000
4731,1BHK,Room,Sharing,Family,Infocity,Gandhinagar,,Basic,No,Yes,No,No,Yes,Yes,No,Yes,Yes,18000
4732,1BHK,Room,Full,Girls,Sargasan,Gandhinagar,,Fully,No,Yes,No,Yes,No,Yes,Yes,Yes,No,21000
4733,1BHK,Flat,Sharing,Girls,Raysan,Gandhinagar,,Semi,No,No,Yes,Yes,Yes,Yes,Yes,Yes,Yes,12000
4734,1BHK,Room,Full,Any,Sector 6,Gandhinagar,,Semi,No,No,No,No,Yes,Yes,Yes,Yes,No,13000
4735,2BHK,Room,Sharing,Girls,Sector 6,Gandhinagar,,Semi,No,Yes,Yes,No,Yes,Yes,Yes,Yes,Yes,18000
4736,3BHK,Flat,Sharing,Any,Sector 3,Gandhinagar,,Basic,Yes,No,Yes,Yes,Yes,Yes,Yes,Yes,No,19000
4737,1BHK,Tenament,Sharing,Family,Kudasan,Gandhinagar,,Semi,Yes,Yes,No,Yes,Yes,Yes,Yes,Yes,No,15000
4738,1BHK,Tenament,Sharing,Family,Vavol,Gandhinagar,,Fully,Yes,Yes,Yes,No,Yes,Yes,No,Yes,Yes,10000
4739,2BHK,Flat,Full,Family,Vavol,Gandhinagar,,Basic,Yes,No,No,No,Yes,Yes,No,Yes,No,15000
4740,3BHK,Flat,Full,Girls,Sector 6,Gandhinagar,,Semi,No,No,Yes,Yes,No,Yes,No,Yes,Yes,26000
4741,1BHK,Flat,Full,Boys,Vavol,Gandhinagar,,Fully,No,No,No,Yes,No,Yes,Yes,Yes,Yes,10000
4742,1BHK,Tenament,Full,Boys,Infocity,Gandhinagar,,Fully,No,Yes,No,Yes,Yes,Yes,Yes,Yes,Yes,19000
4743,3BHK,House,Sharing,Girls,Sector 5A,Gandhinagar,,Fully,No,No,Yes,Yes,Yes,Yes,No,Yes,Yes,23000
4744,3BHK,House,Sharing,Any,Sargasan,Gandhinagar,,Fully,No,No,Yes,No,Yes,Yes,No,Yes,Yes,39000
4745,3BHK,Room,Full,Boys,Raysan,Gandhinagar,,Basic,Yes,Yes,Yes,Yes,No,Yes,No,Yes,No,28000
4746,2BHK,Room,Full,Boys,Infocity,Gandhinagar,,Semi,No,Yes,Yes,Yes,Yes,Yes,No,Yes,No,32000
4747,2BHK,Tenament,Sharing,Family,Sector 3,Gandhinagar,,Semi,No,No,No,No,No,Yes,No,Yes,No,12000
4748,1BHK,Flat,Full,Any,Sector 13,Gandhinagar,,Fully,No,Yes,Yes,Yes,No,Yes,Yes,Yes,Yes,8000
4749,1BHK,Tenament,Sharing,Family,Raysan,Gandhinagar,,Basic,No,No,Yes,Yes,Yes,Yes,Yes,Yes,No,17000
4750,1BHK,Room,Full,Family,Raysan,Gandhinagar,,Fully,No,Yes,Yes,Yes,Yes,Yes,Yes,Yes,No,15000
4751,2BHK,House,Sharing,Any,Sector 13,Gandhinagar,,Fully,Yes,No,No,No,Yes,Yes,Yes,Yes,Yes,10000
4752,1BHK,House,Sharing,Boys,Raysan,Gandhinagar,,Basic,Yes,No,Yes,No,Yes,Yes,Yes,Yes,Yes,16000
4753,3BHK,House,Sharing,Any,Sector 13,Gandhinagar,,Fully,Yes,Yes,Yes,No,Yes,Yes,No,Yes,Yes,14000
4754,3BHK,House,Full,Girls,Sector 3,Gandhinagar,,Basic,No,No,No,No,No,Yes,No,Yes,No,19000
4755,3BHK,House,Full,Family,Sector 6,Gandhinagar,,Semi,No,No,No,Yes,Yes,Yes,Yes,Yes,Yes,23000
4756,3BHK,Tenament,Full,Any,Sector 13,Gandhinagar,,Fully,No,Yes,No,No,No,Yes,Yes,Yes,No,15000
4757,3BHK,Flat,Full,Any,Sector 13,Gandhinagar,,Fully,No,No,Yes,Yes,No,Yes,Yes,Yes,Yes,16000
4758,1BHK,Flat,Full,Any,Sector 6,Gandhinagar,,Fully,Yes,Yes,Yes,No,Yes,Yes,No,Yes,Yes,10000
4759,3BHK,Flat,Full,Boys,Raysan,Gandhinagar,,Basic,No,Yes,No,Yes,Yes,Yes,Yes,Yes,Yes,36000
4760,3BHK,Room,Full,Family,Sector 5A,Gandhinagar,,Basic,Yes,No,Yes,Yes,No,Yes,Yes,Yes,Yes,26000
4761,1BHK,Room,Sharing,Family,Sargasan,Gandhinagar,,Basic,No,No,No,No,Yes,Yes,No,Yes,Yes,15000
4762,1BHK,Flat,Full,Girls,Sector 3,Gandhinagar,,Semi,No,Yes,Yes,No,No,Yes,Yes,Yes,Yes,9000
4763,3BHK,House,Sharing,Boys,Sargasan,Gandhinagar,,Basic,No,Yes,Yes,Yes,Yes,Yes,Yes,Yes,Yes,41000
4764,2BHK,Tenament,Full,Boys,Raysan,Gandhinagar,,Fully,Yes,Yes,No,No,No,Yes,No,Yes,Yes,18000
4765,2BHK,Room,Sharing,Boys,Sector 5A,Gandhinagar,,Semi,Yes,Yes,Yes,No,Yes,Yes,No,Yes,Yes,17000
4766,3BHK,Room,Sharing,Boys,Sargasan,Gandhinagar,,Basic,Yes,No,Yes,No,No,Yes,No,Yes,Yes,33000
4767,1BHK,Tenament,Full,Any,Raysan,Gandhinagar,,Semi,No,No,Yes,No,No,Yes,Yes,Yes,No,16000
4768,2BHK,Tenament,Sharing,Girls,Sector 2,Gandhinagar,,Semi,Yes,Yes,Yes,No,Yes,Yes,No,Yes,No,24000
4769,2BHK,House,Sharing,Boys,Kudasan,Gandhinagar,,Semi,No,Yes,No,No,No,Yes,No,Yes,Yes,24000
4770,2BHK,Room,Sharing,Boys,Sector 3,Gandhinagar,,Fully,Yes,No,No,Yes,No,Yes,No,Yes,No,12000
4771,1BHK,House,Sharing,Boys,Sector 6,Gandhinagar,,Fully,No,No,Yes,Yes,Yes,Yes,No,Yes,No,11000
4772,1BHK,Room,Sharing,Boys,Raysan,Gandhinagar,,Fully,Yes,Yes,No,No,Yes,Yes,Yes,Yes,No,16000
4773,1BHK,Room,Sharing,Girls,Sector 13,Gandhinagar,,Semi,No,No,No,Yes,No,Yes,No,Yes,No,7000
4774,2BHK,Room,Full,Girls,Infocity,Gandhinagar,,Semi,Yes,Yes,Yes,Yes,No,Yes,No,Yes,Yes,27000
4775,3BHK,Tenament,Full,Family,Sargasan,Gandhinagar,,Basic,No,Yes,No,Yes,Yes,Yes,No,Yes,Yes,35000
4776,2BHK,House,Sharing,Girls,Kudasan,Gandhinagar,,Basic,Yes,Yes,No,No,Yes,Yes,Yes,Yes,No,22000
4777,2BHK,House,Sharing,Any,Sector 2,Gandhinagar,,Semi,Yes,No,No,Yes,No,Yes,No,Yes,No,20000
4778,2BHK,Room,Full,Family,Infocity,Gandhinagar,,Basic,No,Yes,No,Yes,Yes,Yes,No,Yes,Yes,32000
4779,2BHK,House,Full,Any,Kudasan,Gandhinagar,,Fully,No,No,No,Yes,No,Yes,Yes,Yes,Yes,24000
4780,3BHK,Tenament,Sharing,Any,Sargasan,Gandhinagar,,Fully,Yes,No,No,No,Yes,Yes,Yes,Yes,No,34000
4781,3BHK,Tenament,Full,Any,Sector 5A,Gandhinagar,,Fully,No,No,Yes,No,No,Yes,No,Yes,Yes,21000
4782,2BHK,Tenament,Sharing,Any,Sargasan,Gandhinagar,,Semi,No,No,Yes,Yes,No,Yes,Yes,Yes,No,27000
4783,2BHK,Tenament,Sharing,Family,Sector 5A,Gandhinagar,,Fully,Yes,Yes,Yes,Yes,No,Yes,Yes,Yes,No,17000
4784,3BHK,Room,Sharing,Boys,Sector 5A,Gandhinagar,,Basic,No,Yes,Yes,No,No,Yes,No,Yes,Yes,22000
4785,2BHK,Tenament,Full,Family,Sector 13,Gandhinagar,,Basic,No,No,Yes,No,Yes,Yes,No,Yes,No,10000
4786,2BHK,Room,Full,Family,Sector 2,Gandhinagar,,Basic,Yes,Yes,Yes,Yes,Yes,Yes,Yes,Yes,Yes,21000
4787,2BHK,Room,Sharing,Any,Infocity,Gandhinagar,,Semi,No,Yes,No,Yes,No,Yes,Yes,Yes,Yes,32000
4788,1BHK,Room,Sharing,Family,Vavol,Gandhinagar,,Semi,No,No,No,Yes,Yes,Yes,No,Yes,No,8000
4789,3BHK,Flat,Full,Boys,Kudasan,Gandhinagar,,Semi,No,No,Yes,Yes,No,Yes,No,Yes,Yes,37000
4790,2BHK,House,Sharing,Any,Sector 5A,Gandhinagar,,Fully,Yes,Yes,No,No,No,Yes,No,Yes,No,19000
4791,1BHK,House,Full,Any,Raysan,Gandhinagar,,Semi,Yes,No,No,No,Yes,Yes,Yes,Yes,Yes,15000
4792,3BHK,House,Sharing,Boys,Sector 6,Gandhinagar,,Fully,No,Yes,Yes,No,No,Yes,No,Yes,No,28000
4793,2BHK,Room,Full,Any,Raysan,Gandhinagar,,Fully,No,Yes,No,No,No,Yes,No,Yes,No,20000
4794,2BHK,Tenament,Full,Any,Sector 3,Gandhinagar,,Semi,No,Yes,No,No,Yes,Yes,No,Yes,No,14000
4795,2BHK,Tenament,Sharing,Any,Infocity,Gandhinagar,,Basic,Yes,Yes,No,No,No,Yes,No,Yes,No,32000
4796,2BHK,Room,Full,Boys,Sargasan,Gandhinagar,,Basic,Yes,Yes,No,Yes,Yes,Yes,No,Yes,No,28000
4797,3BHK,Room,Full,Any,Infocity,Gandhinagar,,Basic,Yes,Yes,No,No,No,Yes,Yes,Yes,Yes,36000
4798,2BHK,Flat,Sharing,Girls,Sector 5A,Gandhinagar,,Basic,Yes,No,Yes,No,No,Yes,No,Yes,No,17000
4799,3BHK,Room,Full,Girls,Sector 2,Gandhinagar,,Semi,Yes,Yes,Yes,No,Yes,Yes,Yes,Yes,No,26000
4800,1BHK,Tenament,Sharing,Any,Vavol,Gandhinagar,,Basic,No,Yes,Yes,No,No,Yes,No,Yes,No,10000
4801,3BHK,Tenament,Sharing,Any,Sector 13,Gandhinagar,,Basic,No,No,Yes,No,No,Yes,No,Yes,No,14000
4802,3BHK,Room,Sharing,Any,Vavol,Gandhinagar,,Semi,No,Yes,Yes,Yes,No,Yes,No,Yes,No,19000
4803,2BHK,House,Full,Girls,Kudasan,Gandhinagar,,Basic,Yes,No,Yes,No,Yes,Yes,Yes,Yes,Yes,20000
4804,3BHK,House,Full,Family,Kudasan,Gandhinagar,,Fully,Yes,Yes,No,No,Yes,Yes,No,Yes,Yes,31000
4805,2BHK,House,Sharing,Any,Kudasan,Gandhinagar,,Semi,Yes,Yes,Yes,Yes,Yes,Yes,Yes,Yes,No,23000
4806,2BHK,Flat,Full,Boys,Sector 2,Gandhinagar,,Semi,Yes,Yes,No,Yes,Yes,Yes,Yes,Yes,No,23000
4807,3BHK,House,Full,Boys,Vavol,Gandhinagar,,Semi,Yes,Yes,No,No,Yes,Yes,No,Yes,Yes,21000
4808,1BHK,Tenament,Sharing,Any,Sector 13,Gandhinagar,,Semi,Yes,No,Yes,Yes,Yes,Yes,No,Yes,Yes,8000
4809,2BHK,Flat,Sharing,Family,Raysan,Gandhinagar,,Semi,Yes,Yes,No,Yes,No,Yes,Yes,Yes,No,18000
4810,1BHK,Tenament,Full,Family,Sector 13,Gandhinagar,,Basic,Yes,No,Yes,No,No,Yes,Yes,Yes,No,8000
4811,1BHK,Tenament,Full,Family,Infocity,Gandhinagar,,Fully,Yes,No,Yes,Yes,No,Yes,Yes,Yes,No,17000
4812,2BHK,Flat,Full,Family,Sector 6,Gandhinagar,,Semi,No,No,No,No,Yes,Yes,Yes,Yes,Yes,20000
4813,1BHK,Room,Sharing,Family,Vavol,Gandhinagar,,Fully,No,No,Yes,Yes,Yes,Yes,Yes,Yes,No,12000
4814,3BHK,Room,Full,Boys,Kudasan,Gandhinagar,,Semi,Yes,Yes,Yes,No,Yes,Yes,No,Yes,Yes,36000
4815,3BHK,Tenament,Full,Boys,Sector 3,Gandhinagar,,Basic,No,Yes,No,Yes,No,Yes,No,Yes,No,17000
4816,3BHK,Tenament,Full,Girls,Sector 2,Gandhinagar,,Basic,Yes,No,No,No,Yes,Yes,No,Yes,No,30000
4817,2BHK,House,Sharing,Girls,Kudasan,Gandhinagar,,Fully,Yes,Yes,No,No,No,Yes,No,Yes,No,22000
4818,1BHK,Flat,Full,Any,Sector 3,Gandhinagar,,Semi,Yes,Yes,No,No,Yes,Yes,No,Yes,Yes,10000
4819,1BHK,House,Full,Girls,Sector 13,Gandhinagar,,Basic,Yes,Yes,Yes,Yes,Yes,Yes,No,Yes,Yes,7000
4820,1BHK,Room,Sharing,Boys,Sector 6,Gandhinagar,,Fully,Yes,No,Yes,No,No,Yes,No,Yes,Yes,14000
4821,1BHK,Tenament,Sharing,Any,Sector 3,Gandhinagar,,Basic,Yes,Yes,No,No,Yes,Yes,Yes,Yes,Yes,8000
4822,1BHK,Flat,Full,Boys,Infocity,Gandhinagar,,Basic,No,No,No,No,No,Yes,Yes,Yes,No,18000
4823,1BHK,Room,Full,Boys,Infocity,Gandhinagar,,Fully,Yes,No,Yes,No,Yes,Yes,Yes,Yes,Yes,18000
4824,1BHK,Flat,Sharing,Any,Raysan,Gandhinagar,,Semi,No,Yes,Yes,Yes,Yes,Yes,Yes,Yes,Yes,15000
4825,3BHK,Flat,Full,Boys,Sector 3,Gandhinagar,,Semi,No,No,No,No,Yes,Yes,Yes,Yes,Yes,19000
4826,2BHK,Tenament,Full,Any,Sector 3,Gandhinagar,,Basic,No,No,No,Yes,No,Yes,No,Yes,No,11000
4827,1BHK,Flat,Full,Family,Sector 6,Gandhinagar,,Semi,Yes,No,No,No,Yes,Yes,Yes,Yes,Yes,10000
4828,1BHK,House,Full,Boys,Sector 2,Gandhinagar,,Basic,No,Yes,No,Yes,Yes,Yes,No,Yes,No,14000
4829,1BHK,Tenament,Sharing,Boys,Infocity,Gandhinagar,,Basic,No,Yes,Yes,No,Yes,Yes,No,Yes,Yes,18000
4830,2BHK,Tenament,Sharing,Girls,Sector 6,Gandhinagar,,Basic,Yes,No,Yes,No,Yes,Yes,Yes,Yes,No,18000
4831,1BHK,Flat,Full,Family,Sargasan,Gandhinagar,,Basic,No,Yes,Yes,Yes,No,Yes,Yes,Yes,No,20000
4832,2BHK,Flat,Full,Any,Sector 6,Gandhinagar,,Fully,Yes,Yes,No,No,No,Yes,No,Yes,No,20000
4833,1BHK,House,Full,Boys,Sector 6,Gandhinagar,,Basic,No,No,Yes,Yes,No,Yes,Yes,Yes,No,13000
4834,3BHK,Flat,Full,Family,Sector 6,Gandhinagar,,Fully,Yes,Yes,No,No,Yes,Yes,No,Yes,No,24000
4835,1BHK,Flat,Full,Girls,Sector 5A,Gandhinagar,,Basic,No,No,Yes,No,No,Yes,No,Yes,No,12000
4836,3BHK,Flat,Full,Any,Sector 13,Gandhinagar,,Basic,No,Yes,Yes,No,Yes,Yes,Yes,Yes,Yes,16000
4837,1BHK,House,Full,Boys,Raysan,Gandhinagar,,Basic,No,Yes,Yes,Yes,No,Yes,No,Yes,No,13000
4838,2BHK,Tenament,Sharing,Boys,Kudasan,Gandhinagar,,Fully,Yes,No,Yes,No,Yes,Yes,No,Yes,Yes,24000
4839,2BHK,Tenament,Full,Boys,Sector 5A,Gandhinagar,,Fully,No,Yes,Yes,Yes,No,Yes,Yes,Yes,No,15000
4840,1BHK,Room,Sharing,Any,Sector 2,Gandhinagar,,Fully,No,Yes,Yes,No,No,Yes,No,Yes,No,13000
4841,2BHK,Flat,Full,Boys,Raysan,Gandhinagar,,Basic,Yes,Yes,Yes,Yes,No,Yes,No,Yes,Yes,25000
4842,2BHK,House,Sharing,Girls,Sector 6,Gandhinagar,,Semi,Yes,No,Yes,No,No,Yes,Yes,Yes,No,19000
4843,2BHK,Room,Sharing,Girls,Sector 2,Gandhinagar,,Semi,No,Yes,No,No,Yes,Yes,Yes,Yes,No,22000
4844,3BHK,Room,Sharing,Girls,Sargasan,Gandhinagar,,Semi,Yes,No,Yes,No,No,Yes,No,Yes,No,35000
4845,2BHK,Room,Sharing,Family,Sargasan,Gandhinagar,,Basic,Yes,Yes,Yes,Yes,Yes,Yes,Yes,Yes,No,29000
4846,2BHK,House,Sharing,Boys,Sector 6,Gandhinagar,,Fully,Yes,No,No,No,No,Yes,Yes,Yes,Yes,18000
4847,2BHK,Tenament,Full,Any,Sector 2,Gandhinagar,,Fully,No,No,No,Yes,Yes,Yes,No,Yes,Yes,20000
4848,3BHK,House,Sharing,Family,Sector 13,Gandhinagar,,Fully,No,Yes,No,Yes,Yes,Yes,Yes,Yes,No,17000
4849,2BHK,Room,Full,Boys,Sector 2,Gandhinagar,,Basic,Yes,Yes,No,Yes,No,Yes,No,Yes,No,20000
4850,1BHK,Room,Sharing,Girls,Sargasan,Gandhinagar,,Basic,No,No,Yes,No,No,Yes,No,Yes,No,21000
4851,2BHK,Flat,Full,Boys,Kudasan,Gandhinagar,,Fully,No,Yes,Yes,No,Yes,Yes,Yes,Yes,No,25000
4852,1BHK,House,Full,Family,Infocity,Gandhinagar,,Fully,Yes,Yes,Yes,No,Yes,Yes,Yes,Yes,No,17000
4853,2BHK,Tenament,Sharing,Family,Kudasan,Gandhinagar,,Semi,Yes,Yes,No,No,No,Yes,No,Yes,No,21000
4854,1BHK,Tenament,Sharing,Boys,Raysan,Gandhinagar,,Fully,Yes,Yes,Yes,No,No,Yes,Yes,Yes,No,17000
4855,1BHK,House,Sharing,Family,Sector 6,Gandhinagar,,Fully,Yes,Yes,Yes,Yes,No,Yes,No,Yes,Yes,14000
4856,1BHK,Flat,Full,Any,Sector 5A,Gandhinagar,,Basic,No,No,No,No,Yes,Yes,No,Yes,No,12000
4857,3BHK,House,Full,Girls,Sector 6,Gandhinagar,,Basic,No,Yes,Yes,No,Yes,Yes,No,Yes,No,27000
4858,1BHK,House,Full,Family,Infocity,Gandhinagar,,Basic,Yes,No,No,No,Yes,Yes,Yes,Yes,No,21000
4859,1BHK,Room,Full,Any,Sector 2,Gandhinagar,,Basic,No,No,No,No,Yes,Yes,Yes,Yes,No,12000
4860,2BHK,Room,Sharing,Boys,Infocity,Gandhinagar,,Basic,Yes,Yes,No,No,No,Yes,Yes,Yes,Yes,33000
4861,1BHK,House,Sharing,Girls,Sector 13,Gandhinagar,,Fully,No,No,No,Yes,Yes,Yes,Yes,Yes,Yes,6000
4862,2BHK,Flat,Sharing,Any,Sector 6,Gandhinagar,,Semi,No,Yes,Yes,Yes,No,Yes,No,Yes,No,19000
4863,1BHK,Room,Full,Family,Sargasan,Gandhinagar,,Semi,Yes,No,No,No,No,Yes,Yes,Yes,No,16000
4864,2BHK,Flat,Full,Girls,Sector 5A,Gandhinagar,,Fully,Yes,Yes,Yes,Yes,Yes,Yes,No,Yes,Yes,17000
4865,2BHK,House,Full,Family,Infocity,Gandhinagar,,Fully,No,Yes,Yes,Yes,Yes,Yes,Yes,Yes,Yes,25000
4866,1BHK,Flat,Full,Girls,Sector 5A,Gandhinagar,,Semi,Yes,Yes,Yes,Yes,No,Yes,Yes,Yes,Yes,13000
4867,2BHK,Room,Full,Girls,Sector 5A,Gandhinagar,,Basic,Yes,No,No,Yes,No,Yes,Yes,Yes,Yes,14000
4868,3BHK,House,Sharing,Girls,Sector 5A,Gandhinagar,,Fully,Yes,Yes,Yes,Yes,Yes,Yes,No,Yes,No,22000
4869,1BHK,Room,Sharing,Girls,Sargasan,Gandhinagar,,Fully,Yes,Yes,No,Yes,No,Yes,No,Yes,Yes,16000
4870,3BHK,Flat,Sharing,Boys,Sector 2,Gandhinagar,,Semi,No,Yes,Yes,No,No,Yes,No,Yes,No,27000
4871,3BHK,Flat,Sharing,Family,Kudasan,Gandhinagar,,Basic,Yes,Yes,Yes,No,Yes,Yes,No,Yes,Yes,32000
4872,3BHK,Room,Full,Any,Sector 3,Gandhinagar,,Basic,No,No,Yes,No,No,Yes,Yes,Yes,No,21000
4873,3BHK,Room,Full,Any,Kudasan,Gandhinagar,,Fully,No,No,No,Yes,No,Yes,Yes,Yes,Yes,30000
4874,2BHK,Flat,Sharing,Girls,Kudasan,Gandhinagar,,Semi,No,Yes,No,No,Yes,Yes,Yes,Yes,No,21000
4875,1BHK,House,Full,Family,Sector 3,Gandhinagar,,Fully,No,Yes,Yes,No,No,Yes,No,Yes,No,10000
4876,3BHK,Room,Full,Family,Sargasan,Gandhinagar,,Basic,Yes,Yes,Yes,No,Yes,Yes,Yes,Yes,Yes,35000
4877,1BHK,House,Sharing,Girls,Sector 13,Gandhinagar,,Fully,No,Yes,Yes,No,Yes,Yes,Yes,Yes,No,8000
4878,3BHK,House,Sharing,Family,Sector 13,Gandhinagar,,Basic,No,No,Yes,Yes,Yes,Yes,No,Yes,Yes,18000
4879,1BHK,Flat,Sharing,Girls,Kudasan,Gandhinagar,,Fully,No,No,No,Yes,No,Yes,No,Yes,No,16000
4880,1BHK,House,Sharing,Family,Sector 5A,Gandhinagar,,Fully,Yes,Yes,Yes,Yes,No,Yes,No,Yes,No,10000
4881,2BHK,Flat,Full,Boys,Sector 3,Gandhinagar,,Semi,Yes,Yes,Yes,Yes,Yes,Yes,Yes,Yes,Yes,11000
4882,2BHK,Flat,Full,Any,Vavol,Gandhinagar,,Fully,Yes,Yes,No,No,Yes,Yes,No,Yes,No,13000
4883,2BHK,House,Sharing,Boys,Raysan,Gandhinagar,,Basic,No,No,No,Yes,Yes,Yes,No,Yes,No,26000
4884,1BHK,Tenament,Sharing,Girls,Sector 5A,Gandhinagar,,Semi,No,No,No,Yes,Yes,Yes,Yes,Yes,No,11000
4885,1BHK,Tenament,Sharing,Family,Sector 6,Gandhinagar,,Basic,No,No,Yes,Yes,No,Yes,No,Yes,Yes,11000
4886,3BHK,Flat,Full,Girls,Raysan,Gandhinagar,,Semi,Yes,No,No,Yes,No,Yes,Yes,Yes,No,30000
4887,1BHK,Tenament,Sharing,Family,Sector 6,Gandhinagar,,Fully,Yes,Yes,No,No,No,Yes,Yes,Yes,Yes,11000
4888,1BHK,Tenament,Full,Family,Raysan,Gandhinagar,,Basic,No,No,No,Yes,Yes,Yes,Yes,Yes,Yes,17000
4889,2BHK,Tenament,Full,Family,Raysan,Gandhinagar,,Semi,Yes,No,Yes,Yes,No,Yes,Yes,Yes,Yes,25000
4890,2BHK,Room,Sharing,Boys,Sector 13,Gandhinagar,,Basic,No,Yes,No,Yes,No,Yes,No,Yes,No,12000
4891,1BHK,Tenament,Full,Family,Raysan,Gandhinagar,,Basic,Yes,No,Yes,Yes,No,Yes,Yes,Yes,No,17000
4892,1BHK,Tenament,Full,Any,Sector 6,Gandhinagar,,Semi,No,Yes,No,Yes,Yes,Yes,No,Yes,Yes,10000
4893,2BHK,House,Sharing,Boys,Sargasan,Gandhinagar,,Semi,Yes,Yes,Yes,Yes,Yes,Yes,No,Yes,No,27000
4894,2BHK,Tenament,Sharing,Any,Sector 13,Gandhinagar,,Semi,No,Yes,No,Yes,No,Yes,No,Yes,Yes,11000
4895,2BHK,Room,Full,Girls,Sector 6,Gandhinagar,,Fully,Yes,No,Yes,Yes,No,Yes,Yes,Yes,Yes,17000
4896,1BHK,Room,Sharing,Any,Sector 2,Gandhinagar,,Basic,Yes,Yes,Yes,Yes,No,Yes,No,Yes,Yes,16000
4897,3BHK,House,Sharing,Girls,Raysan,Gandhinagar,,Basic,No,Yes,Yes,No,Yes,Yes,Yes,Yes,No,32000
4898,2BHK,House,Sharing,Family,Vavol,Gandhinagar,,Basic,No,No,Yes,Yes,No,Yes,Yes,Yes,No,14000
4899,1BHK,House,Full,Any,Sector 5A,Gandhinagar,,Semi,Yes,No,No,Yes,Yes,Yes,Yes,Yes,Yes,10000
4900,1BHK,House,Full,Family,Infocity,Gandhinagar,,Basic,Yes,No,No,No,No,Yes,No,Yes,No,15000
4901,2BHK,Room,Full,Girls,Sector 13,Gandhinagar,,Semi,Yes,Yes,No,No,No,Yes,Yes,Yes,Yes,9000
4902,3BHK,Tenament,Sharing,Any,Kudasan,Gandhinagar,,Fully,Yes,Yes,Yes,Yes,No,Yes,Yes,Yes,No,29000
4903,2BHK,Flat,Full,Any,Sector 5A,Gandhinagar,,Basic,Yes,No,Yes,Yes,Yes,Yes,No,Yes,No,19000
4904,3BHK,Room,Full,Boys,Sector 3,Gandhinagar,,Basic,No,Yes,No,Yes,No,Yes,No,Yes,Yes,16000
4905,2BHK,Room,Full,Boys,Vavol,Gandhinagar,,Fully,No,Yes,No,No,Yes,Yes,Yes,Yes,No,17000
4906,3BHK,House,Sharing,Girls,Sector 5A,Gandhinagar,,Basic,No,Yes,No,No,Yes,Yes,No,Yes,Yes,22000
4907,3BHK,Room,Sharing,Family,Sector 2,Gandhinagar,,Semi,No,Yes,No,Yes,No,Yes,Yes,Yes,No,25000
4908,3BHK,House,Full,Family,Sector 3,Gandhinagar,,Fully,Yes,No,Yes,No,Yes,Yes,No,Yes,Yes,18000
4909,1BHK,Tenament,Sharing,Girls,Raysan,Gandhinagar,,Semi,Yes,No,Yes,Yes,Yes,Yes,No,Yes,No,12000
4910,2BHK,Flat,Full,Any,Sector 13,Gandhinagar,,Semi,Yes,Yes,No,Yes,Yes,Yes,Yes,Yes,Yes,11000
4911,2BHK,Flat,Sharing,Girls,Sector 3,Gandhinagar,,Fully,Yes,No,Yes,No,No,Yes,Yes,Yes,Yes,12000
4912,3BHK,Flat,Sharing,Boys,Raysan,Gandhinagar,,Basic,Yes,Yes,No,No,No,Yes,No,Yes,Yes,30000
4913,3BHK,Flat,Full,Family,Infocity,Gandhinagar,,Basic,Yes,Yes,Yes,No,Yes,Yes,Yes,Yes,Yes,39000
4914,2BHK,House,Full,Boys,Sector 13,Gandhinagar,,Semi,Yes,No,Yes,Yes,Yes,Yes,Yes,Yes,No,13000
4915,2BHK,Tenament,Full,Family,Sector 13,Gandhinagar,,Basic,No,Yes,Yes,Yes,Yes,Yes,No,Yes,No,13000
4916,2BHK,Room,Full,Any,Infocity,Gandhinagar,,Basic,No,Yes,Yes,No,Yes,Yes,Yes,Yes,Yes,26000
4917,2BHK,Flat,Full,Boys,Raysan,Gandhinagar,,Fully,No,No,No,Yes,Yes,Yes,Yes,Yes,Yes,26000
4918,3BHK,Flat,Full,Any,Sector 6,Gandhinagar,,Basic,No,No,Yes,Yes,Yes,Yes,No,Yes,Yes,28000
4919,3BHK,Flat,Sharing,Any,Sector 3,Gandhinagar,,Fully,Yes,Yes,No,No,No,Yes,No,Yes,No,18000
4920,3BHK,Flat,Sharing,Family,Sector 3,Gandhinagar,,Semi,No,Yes,Yes,No,No,Yes,Yes,Yes,No,16000
4921,3BHK,Tenament,Sharing,Family,Sector 6,Gandhinagar,,Basic,Yes,Yes,Yes,No,Yes,Yes,No,Yes,Yes,22000
4922,2BHK,Room,Full,Girls,Sector 13,Gandhinagar,,Fully,Yes,Yes,Yes,Yes,No,Yes,No,Yes,Yes,11000
4923,1BHK,Flat,Sharing,Boys,Kudasan,Gandhinagar,,Semi,Yes,No,No,No,Yes,Yes,No,Yes,No,18000
4924,2BHK,House,Sharing,Any,Sector 5A,Gandhinagar,,Basic,No,No,Yes,No,Yes,Yes,Yes,Yes,Yes,14000
4925,2BHK,Tenament,Sharing,Any,Infocity,Gandhinagar,,Semi,Yes,Yes,Yes,No,No,Yes,Yes,Yes,Yes,23000
4926,3BHK,Flat,Full,Any,Sector 13,Gandhinagar,,Fully,No,Yes,Yes,No,No,Yes,Yes,Yes,Yes,17000
4927,1BHK,Room,Sharing,Girls,Sector 13,Gandhinagar,,Semi,Yes,No,No,No,Yes,Yes,Yes,Yes,Yes,8000
4928,1BHK,House,Full,Family,Sector 2,Gandhinagar,,Basic,Yes,No,Yes,Yes,No,Yes,Yes,Yes,Yes,13000
4929,1BHK,House,Sharing,Boys,Sargasan,Gandhinagar,,Fully,No,Yes,No,Yes,No,Yes,No,Yes,No,15000
4930,1BHK,House,Full,Girls,Sector 3,Gandhinagar,,Basic,Yes,Yes,No,Yes,Yes,Yes,Yes,Yes,No,7000
4931,1BHK,Room,Sharing,Boys,Kudasan,Gandhinagar,,Semi,Yes,Yes,Yes,Yes,No,Yes,Yes,Yes,No,16000
4932,3BHK,Flat,Sharing,Family,Raysan,Gandhinagar,,Basic,Yes,No,No,Yes,Yes,Yes,Yes,Yes,No,35000
4933,2BHK,Flat,Full,Boys,Sector 2,Gandhinagar,,Basic,Yes,No,Yes,No,Yes,Yes,Yes,Yes,Yes,22000
4934,2BHK,Tenament,Sharing,Family,Infocity,Gandhinagar,,Basic,Yes,Yes,Yes,No,Yes,Yes,Yes,Yes,No,30000
4935,2BHK,Room,Full,Any,Infocity,Gandhinagar,,Basic,Yes,No,Yes,Yes,Yes,Yes,No,Yes,No,32000
4936,2BHK,Tenament,Sharing,Family,Sector 2,Gandhinagar,,Semi,Yes,Yes,No,Yes,Yes,Yes,Yes,Yes,Yes,17000
4937,2BHK,Flat,Sharing,Any,Sector 2,Gandhinagar,,Semi,No,No,Yes,Yes,Yes,Yes,Yes,Yes,No,22000
4938,1BHK,House,Sharing,Family,Infocity,Gandhinagar,,Basic,No,Yes,Yes,Yes,Yes,Yes,Yes,Yes,Yes,22000
4939,2BHK,House,Sharing,Girls,Sector 6,Gandhinagar,,Semi,Yes,No,Yes,No,No,Yes,Yes,Yes,No,19000
4940,3BHK,House,Full,Any,Infocity,Gandhinagar,,Basic,No,Yes,Yes,No,Yes,Yes,No,Yes,No,35000
4941,3BHK,Flat,Full,Any,Sector 6,Gandhinagar,,Fully,Yes,No,No,No,No,Yes,No,Yes,Yes,25000
4942,1BHK,Room,Full,Boys,Sector 2,Gandhinagar,,Basic,Yes,No,Yes,Yes,Yes,Yes,No,Yes,Yes,12000
4943,2BHK,Flat,Sharing,Girls,Sector 2,Gandhinagar,,Basic,Yes,No,Yes,No,No,Yes,Yes,Yes,Yes,21000
4944,3BHK,Tenament,Full,Boys,Sector 3,Gandhinagar,,Basic,Yes,No,No,No,Yes,Yes,Yes,Yes,No,17000
4945,2BHK,Flat,Sharing,Family,Infocity,Gandhinagar,,Semi,Yes,Yes,Yes,Yes,Yes,Yes,No,Yes,No,31000
4946,3BHK,Tenament,Sharing,Family,Kudasan,Gandhinagar,,Semi,Yes,Yes,No,No,No,Yes,Yes,Yes,No,37000
4947,1BHK,Room,Full,Any,Sector 13,Gandhinagar,,Fully,No,Yes,No,No,No,Yes,No,Yes,No,9000
4948,2BHK,Tenament,Full,Boys,Sector 13,Gandhinagar,,Basic,No,Yes,No,Yes,Yes,Yes,Yes,Yes,No,13000
4949,2BHK,House,Sharing,Boys,Sector 6,Gandhinagar,,Basic,No,No,Yes,No,No,Yes,Yes,Yes,Yes,20000
4950,2BHK,Tenament,Sharing,Girls,Sargasan,Gandhinagar,,Basic,No,Yes,No,Yes,Yes,Yes,No,Yes,No,27000
4951,3BHK,House,Sharing,Girls,Raysan,Gandhinagar,,Semi,No,Yes,No,Yes,No,Yes,Yes,Yes,Yes,27000
4952,3BHK,Flat,Sharing,Girls,Sector 2,Gandhinagar,,Basic,Yes,Yes,Yes,No,No,Yes,No,Yes,No,30000
4953,1BHK,House,Sharing,Family,Sargasan,Gandhinagar,,Semi,No,Yes,No,Yes,No,Yes,No,Yes,No,15000
4954,1BHK,House,Full,Girls,Sector 2,Gandhinagar,,Semi,Yes,No,Yes,No,No,Yes,No,Yes,Yes,14000
4955,3BHK,Flat,Full,Girls,Sector 6,Gandhinagar,,Basic,No,No,No,Yes,Yes,Yes,No,Yes,Yes,23000
4956,3BHK,Flat,Sharing,Girls,Sargasan,Gandhinagar,,Basic,No,No,No,No,No,Yes,Yes,Yes,Yes,39000
4957,1BHK,Tenament,Full,Girls,Kudasan,Gandhinagar,,Fully,No,No,No,Yes,No,Yes,Yes,Yes,No,19000
4958,2BHK,House,Full,Boys,Sector 3,Gandhinagar,,Basic,Yes,No,No,No,Yes,Yes,No,Yes,Yes,15000
4959,3BHK,House,Sharing,Any,Sector 3,Gandhinagar,,Fully,No,Yes,No,Yes,Yes,Yes,Yes,Yes,No,20000
4960,3BHK,House,Full,Girls,Sector 5A,Gandhinagar,,Fully,Yes,Yes,Yes,No,No,Yes,Yes,Yes,Yes,23000
4961,1BHK,Room,Sharing,Any,Infocity,Gandhinagar,,Basic,Yes,No,Yes,No,No,Yes,No,Yes,No,19000
4962,1BHK,Tenament,Full,Girls,Sector 3,Gandhinagar,,Fully,Yes,Yes,Yes,Yes,No,Yes,No,Yes,Yes,9000
4963,2BHK,Tenament,Sharing,Boys,Sargasan,Gandhinagar,,Semi,Yes,No,No,Yes,Yes,Yes,No,Yes,Yes,30000
4964,3BHK,Tenament,Full,Family,Sector 5A,Gandhinagar,,Fully,No,No,Yes,Yes,Yes,Yes,No,Yes,Yes,25000
4965,2BHK,Tenament,Sharing,Family,Raysan,Gandhinagar,,Fully,No,Yes,No,Yes,No,Yes,No,Yes,Yes,20000
4966,1BHK,House,Full,Girls,Sargasan,Gandhinagar,,Fully,Yes,No,Yes,Yes,No,Yes,No,Yes,Yes,14000
4967,1BHK,Room,Full,Family,Sargasan,Gandhinagar,,Fully,No,No,Yes,Yes,No,Yes,No,Yes,Yes,18000
4968,2BHK,Room,Sharing,Family,Sector 2,Gandhinagar,,Semi,Yes,No,Yes,Yes,Yes,Yes,No,Yes,Yes,17000
4969,3BHK,House,Full,Family,Raysan,Gandhinagar,,Semi,Yes,Yes,No,No,Yes,Yes,Yes,Yes,No,27000
4970,2BHK,Flat,Full,Family,Sector 2,Gandhinagar,,Basic,Yes,No,No,Yes,No,Yes,No,Yes,No,17000
4971,1BHK,House,Sharing,Girls,Raysan,Gandhinagar,,Semi,No,No,Yes,Yes,No,Yes,Yes,Yes,No,15000
4972,3BHK,House,Full,Girls,Infocity,Gandhinagar,,Basic,No,No,Yes,Yes,Yes,Yes,Yes,Yes,Yes,44000
4973,1BHK,Flat,Sharing,Family,Kudasan,Gandhinagar,,Fully,Yes,Yes,No,No,No,Yes,No,Yes,No,17000
4974,3BHK,House,Sharing,Any,Sector 2,Gandhinagar,,Semi,No,Yes,Yes,No,Yes,Yes,Yes,Yes,Yes,31000
4975,3BHK,Tenament,Full,Boys,Sector 2,Gandhinagar,,Fully,No,Yes,No,Yes,Yes,Yes,No,Yes,Yes,24000
4976,1BHK,Tenament,Sharing,Family,Sector 5A,Gandhinagar,,Fully,No,Yes,No,No,No,Yes,No,Yes,No,11000
4977,2BHK,House,Full,Family,Sector 13,Gandhinagar,,Fully,Yes,No,Yes,Yes,No,Yes,No,Yes,Yes,10000
4978,2BHK,Tenament,Full,Boys,Infocity,Gandhinagar,,Basic,No,Yes,Yes,No,Yes,Yes,Yes,Yes,Yes,29000
4979,3BHK,House,Full,Any,Infocity,Gandhinagar,,Basic,Yes,No,No,No,No,Yes,Yes,Yes,Yes,43000
4980,3BHK,Flat,Sharing,Girls,Infocity,Gandhinagar,,Basic,No,Yes,No,Yes,Yes,Yes,No,Yes,Yes,43000
4981,2BHK,Tenament,Sharing,Family,Sector 2,Gandhinagar,,Basic,Yes,Yes,No,Yes,No,Yes,No,Yes,Yes,17000
4982,2BHK,Flat,Full,Family,Sector 5A,Gandhinagar,,Fully,Yes,Yes,No,No,No,Yes,No,Yes,Yes,16000
4983,2BHK,Flat,Full,Any,Sector 3,Gandhinagar,,Basic,Yes,Yes,Yes,Yes,Yes,Yes,Yes,Yes,Yes,15000
4984,1BHK,House,Full,Girls,Sector 2,Gandhinagar,,Fully,Yes,No,Yes,No,No,Yes,Yes,Yes,Yes,13000
4985,2BHK,Tenament,Full,Any,Sector 3,Gandhinagar,,Fully,Yes,Yes,No,No,Yes,Yes,Yes,Yes,Yes,13000
4986,1BHK,Room,Full,Girls,Infocity,Gandhinagar,,Basic,No,No,No,No,No,Yes,No,Yes,No,21000
4987,2BHK,Tenament,Sharing,Any,Infocity,Gandhinagar,,Basic,Yes,No,Yes,Yes,No,Yes,Yes,Yes,No,31000
4988,1BHK,Room,Sharing,Boys,Raysan,Gandhinagar,,Semi,No,No,No,No,No,Yes,Yes,Yes,Yes,15000
4989,1BHK,House,Sharing,Girls,Kudasan,Gandhinagar,,Fully,Yes,No,Yes,Yes,No,Yes,Yes,Yes,Yes,19000
4990,2BHK,Room,Sharing,Family,Sector 13,Gandhinagar,,Fully,Yes,Yes,No,No,Yes,Yes,Yes,Yes,No,12000
4991,3BHK,Flat,Sharing,Girls,Sector 3,Gandhinagar,,Fully,Yes,No,No,No,Yes,Yes,No,Yes,Yes,19000
4992,3BHK,House,Sharing,Any,Sector 5A,Gandhinagar,,Semi,Yes,Yes,No,Yes,Yes,Yes,Yes,Yes,No,23000
4993,1BHK,House,Sharing,Any,Raysan,Gandhinagar,,Fully,No,No,No,No,No,Yes,Yes,Yes,No,15000
4994,3BHK,House,Full,Family,Sector 2,Gandhinagar,,Basic,No,Yes,No,Yes,Yes,Yes,No,Yes,Yes,25000
4995,1BHK,Flat,Full,Any,Infocity,Gandhinagar,,Fully,Yes,No,Yes,Yes,Yes,Yes,Yes,Yes,No,16000
4996,2BHK,Tenament,Sharing,Any,Raysan,Gandhinagar,,Fully,Yes,No,No,Yes,No,Yes,Yes,Yes,No,26000
4997,1BHK,Tenament,Sharing,Girls,Kudasan,Gandhinagar,,Fully,Yes,Yes,Yes,Yes,No,Yes,No,Yes,Yes,17000
4998,2BHK,House,Sharing,Girls,Vavol,Gandhinagar,,Basic,No,No,No,No,Yes,Yes,No,Yes,No,15000
4999,1BHK,House,Sharing,Girls,Sector 13,Gandhinagar,,Semi,Yes,No,No,Yes,Yes,Yes,Yes,Yes,Yes,7000
5000,1BHK,Flat,Full,Family,Sector 6,Gandhinagar,,Semi,Yes,Yes,No,Yes,No,Yes,No,Yes,No,13000
